left_hip_x_mean,left_hip_x_max,left_hip_x_min,left_hip_y_mean,left_hip_y_max,left_hip_y_min,left_hip_z_mean,left_hip_z_max,left_hip_z_min,right_hip_x_mean,right_hip_x_max,right_hip_x_min,right_hip_y_mean,right_hip_y_max,right_hip_y_min,right_hip_z_mean,right_hip_z_max,right_hip_z_min,left_knee_x_mean,left_knee_x_max,left_knee_x_min,left_knee_y_mean,left_knee_y_max,left_knee_y_min,left_knee_z_mean,left_knee_z_max,left_knee_z_min,right_knee_x_mean,right_knee_x_max,right_knee_x_min,right_knee_y_mean,right_knee_y_max,right_knee_y_min,right_knee_z_mean,right_knee_z_max,right_knee_z_min,left_ankle_x_mean,left_ankle_x_max,left_ankle_x_min,left_ankle_y_mean,left_ankle_y_max,left_ankle_y_min,left_ankle_z_mean,left_ankle_z_max,left_ankle_z_min,right_ankle_x_mean,right_ankle_x_max,right_ankle_x_min,right_ankle_y_mean,right_ankle_y_max,right_ankle_y_min,right_ankle_z_mean,right_ankle_z_max,right_ankle_z_min,left_shoulder_x_mean,left_shoulder_x_max,left_shoulder_x_min,left_shoulder_y_mean,left_shoulder_y_max,left_shoulder_y_min,left_shoulder_z_mean,left_shoulder_z_max,left_shoulder_z_min,right_shoulder_x_mean,right_shoulder_x_max,right_shoulder_x_min,right_shoulder_y_mean,right_shoulder_y_max,right_shoulder_y_min,right_shoulder_z_mean,right_shoulder_z_max,right_shoulder_z_min,left_ankle_angle_mean,left_ankle_angle_max,left_ankle_angle_min,right_knee_angle_mean,right_knee_angle_max,right_knee_angle_min,left_knee_angle_mean,left_knee_angle_max,left_knee_angle_min,right_hip_angle_mean,right_hip_angle_max,right_hip_angle_min,right_ankle_angle_mean,right_ankle_angle_max,right_ankle_angle_min,trunk_angle_mean,trunk_angle_max,trunk_angle_min,left_hip_angle_mean,left_hip_angle_max,left_hip_angle_min,label
0.473226343870163,0.5004094839096069,0.4515611231327057,0.4869111018180847,0.6196469068527222,0.4194435775279999,0.06369874107837672,0.0822258442640304,0.0412905104458332,0.43333758211135864,0.4573652148246765,0.4119523763656616,0.4807898223400116,0.6104162931442261,0.4124091267585754,-0.06364468455314631,-0.0412384755909442,-0.0823308527469635,0.5159433083534241,0.5477367639541626,0.4892214834690094,0.5777898149490357,0.5974118113517761,0.5561502575874329,0.07765699668321759,0.2433471381664276,-0.0890487805008888,0.45344465923309324,0.4777234196662903,0.4343279302120209,0.5962274169921875,0.6281219720840454,0.5783887505531311,-0.20967730087041855,-0.0663165971636772,-0.3875355124473572,0.5018919553756714,0.5066123604774475,0.4962079226970672,0.7345615258216858,0.7406874895095825,0.7292819619178772,0.18549224335327744,0.4068255424499511,-0.011424415744841,0.4308978295326233,0.4353190064430237,0.4279812574386596,0.7852795085906983,0.7964798808097839,0.7780704498291016,-0.17451558719575405,-0.0292989965528249,-0.3737176358699798,0.5145996978282928,0.5360971689224243,0.488495796918869,0.29772724401950834,0.5052233934402466,0.1894338428974151,0.01299768715235405,0.1070846542716026,-0.0795423537492752,0.45581221175193787,0.4742410480976105,0.4427438378334045,0.2728529098033905,0.4966293275356293,0.1511988937854766,-0.17389554476737976,-0.0766836255788803,-0.3011272251605987,154.70917789247878,163.4839879509296,149.35744444606607,122.98875186070767,175.2957601383128,63.83140412191007,125.89869262779914,177.90858092591293,51.56020936991547,104.00773857391991,165.73448616985402,45.38075205178993,161.59735406979192,168.07200083039044,153.15421881314833,156.16274849750133,176.36133842465276,129.5190100779471,107.15009460052929,161.8111572346604,36.92514080691095,1
0.47478203331270524,0.5058035254478455,0.4564987421035766,0.48649093380538366,0.60526043176651,0.4152369201183319,0.06498011854547321,0.0862714275717735,0.0427437163889408,0.4344534915621563,0.4655978083610534,0.4147891700267792,0.4796846095592745,0.602087676525116,0.4104597568511963,-0.064939495816987,-0.0424296148121356,-0.0863633900880813,0.5183687168423847,0.5435765385627747,0.4918684363365173,0.5791566544963468,0.591336727142334,0.5640109777450562,0.07180832100904458,0.2764942944049835,-0.0818468630313873,0.45685792834528033,0.4725795388221741,0.4443453252315521,0.5964551138621504,0.6189180612564087,0.5825918912887573,-0.20881172257565683,-0.0343073643743991,-0.4089766144752502,0.5025893517078892,0.505805492401123,0.4973638653755188,0.7361477632676402,0.739740788936615,0.7307528853416443,0.19025943312113003,0.4700905978679657,0.0159044302999973,0.4320545728488635,0.4356538951396942,0.4289736151695251,0.7856984407671036,0.7943079471588135,0.778305172920227,-0.1515118201583704,0.0395460501313209,-0.3911137580871582,0.5193260020466262,0.5400909185409546,0.4879881739616394,0.30012071116637157,0.4888617098331451,0.178886279463768,-0.009015290009643956,0.0970058366656303,-0.1028979495167732,0.46047869484911685,0.4712562263011932,0.4435767531394958,0.276497686902682,0.4913302361965179,0.1514395773410797,-0.20294229373816522,-0.0923723205924034,-0.2959889471530914,154.1104244809998,163.792681452004,146.32137647093154,118.54034383542577,176.02474185637158,65.30460231116295,122.75676101507878,179.32952507813158,54.36954423166284,100.03135825345083,170.04834664757857,39.2514613170813,160.19165521663592,166.54842324669866,154.10537775491713,151.52308439854744,177.05018818688734,123.26182092463289,104.36179556126464,161.42935256335682,35.98360005014549,1
0.4783107851232801,0.502228856086731,0.4584342241287231,0.49590686758359276,0.629949688911438,0.421238511800766,0.05840099932891977,0.0761443376541137,0.0438583306968212,0.43921632170677183,0.4636494815349579,0.4216395020484924,0.4813196667603084,0.6251474022865295,0.4139942526817322,-0.0583448510794412,-0.0435591787099838,-0.0760979652404785,0.5227348293576922,0.5523340702056885,0.50136399269104,0.5931004160926455,0.6203761696815491,0.5680704116821289,0.05400845584337642,0.1419664919376373,-0.0764155387878418,0.46462466007187253,0.4744192659854889,0.4540788531303406,0.606667857510703,0.630700945854187,0.5945285558700562,-0.23721297723906382,-0.1421514898538589,-0.3535824120044708,0.5127069376763843,0.5159704089164734,0.5083775520324707,0.7497452979996091,0.7554832696914673,0.7430732250213623,0.11456738219130781,0.2701881229877472,-0.0310404598712921,0.44197829621178764,0.4446006715297699,0.4382305741310119,0.8014465320677985,0.8120442628860474,0.7919762134552002,-0.2459066950139545,-0.1827152669429779,-0.3247676491737366,0.533201117174966,0.5444119572639465,0.5173819661140442,0.3355994829109737,0.5098214149475098,0.2256415635347366,0.04505125543856548,0.1335677355527877,-0.0497492961585521,0.4839884970869337,0.498727798461914,0.4722886383533478,0.3016582409540812,0.4947806000709533,0.1878305822610855,-0.11817755009092032,-0.0275644417852163,-0.2624579668045044,154.622024271634,161.52602273673665,143.7272888703641,125.31166938510185,171.47291551941325,76.52249865076413,131.86312750303046,177.1559421957123,66.82715113071139,104.0009327240841,162.0367883987373,46.54468332723675,160.08242412737596,170.9977920713646,145.10908978390523,154.53842864715946,170.19180463178932,134.30047108415232,113.73402517240916,158.60193358730476,52.62195278417508,1
0.4890011828719524,0.5142272114753723,0.4771620333194732,0.494253484564915,0.6519351005554199,0.41697958111763,0.05955703402951095,0.0783567354083061,0.0461655631661415,0.4499246621863884,0.475894957780838,0.4392140507698059,0.48040182313375307,0.6353384852409363,0.4011552929878235,-0.05949697542216689,-0.0460127033293247,-0.0783806964755058,0.5330923461077506,0.5708315968513489,0.508152425289154,0.5929982270065107,0.625307559967041,0.5774363875389099,0.08228551755299822,0.2147561013698578,-0.0124874683097004,0.4739871689102106,0.4916289448738098,0.4617185592651367,0.6049090629084068,0.6431805491447449,0.5859225988388062,-0.23558855252830604,-0.1614125072956085,-0.3584789633750915,0.5191619856315747,0.5247312188148499,0.5128406882286072,0.7439729681140498,0.7511619329452515,0.736600399017334,0.16744536877070604,0.3947563171386719,0.0589464493095874,0.45044596440959395,0.4539538621902466,0.4462190270423889,0.7968676712429315,0.8085867762565613,0.7898991703987122,-0.2531291720898528,-0.1553737521171569,-0.3462316393852234,0.5401172648396408,0.5570558309555054,0.5244995355606079,0.32580215261693585,0.515943706035614,0.2251323759555816,0.04904319118430608,0.1346611827611923,-0.0403546318411827,0.4914430076615852,0.5098222494125366,0.4770470857620239,0.28867685311196145,0.469150960445404,0.1891070455312729,-0.11359434621408579,-0.0113055650144815,-0.2642621994018554,155.0872774884551,163.7699007993614,141.83000760102345,127.29131424264062,170.1168905494471,67.84836568328035,132.90189413207676,178.04277213351574,51.14581399540504,108.04517572065133,159.39730081873262,61.97758902734457,160.95823010729717,173.30925231476928,141.0463457097796,156.42848109789838,169.80664471889833,143.3179031813556,116.4423024255992,157.24355762287468,44.85840212753271,1
0.4909900905929993,0.5135321021080017,0.4770238995552063,0.49899848627152843,0.6380359530448914,0.4252435863018036,0.05859257190305491,0.0763668641448021,0.0445244908332824,0.4518260423825166,0.4756256937980652,0.4389108121395111,0.4858849789494666,0.6282888054847717,0.4107269942760467,-0.0585117763447984,-0.0443213917315006,-0.0763919875025749,0.5378870691094443,0.5707930326461792,0.5178624987602234,0.5939207216289556,0.6253215670585632,0.574775218963623,0.08274983846194599,0.1854337602853775,-0.0001067486737156,0.47376842949992026,0.4912992417812347,0.4617531895637512,0.608491915408696,0.6404352188110352,0.5938438773155212,-0.23950048250572703,-0.1519216150045395,-0.3481644988059997,0.5201244081292197,0.5245323181152344,0.5156972408294678,0.7440053486378393,0.7506712675094604,0.7366376519203186,0.17424207939722827,0.3387811779975891,0.0731142237782478,0.4509264879694609,0.4547189176082611,0.4477995932102203,0.7984976701647322,0.8112187385559082,0.7899346351623535,-0.24636138933841314,-0.1578009873628616,-0.3316338658332824,0.5469383424687608,0.5566565990447998,0.5366266369819641,0.3328278415671019,0.5182299017906189,0.2237408012151718,0.02698388280429675,0.0800577327609062,-0.0315233878791332,0.4980421617766407,0.5159281492233276,0.4873568713665008,0.29564951025994024,0.4749106466770172,0.1869192570447921,-0.13999027250526105,-0.0743330344557762,-0.2638102769851684,154.14484612155883,161.4397761677357,146.49197385667688,123.86349756731738,169.37491400691795,73.34005409786751,130.21498547061105,175.48477471414006,56.42819955622293,99.33371163920273,145.0170143311813,58.82835303718706,158.12627984606058,170.57253989206188,142.37673867695182,156.69951851122164,170.5093744842452,142.32708148313804,117.05838143213624,156.59659782054834,47.30736228827406,1
0.49174669353912276,0.5146937966346741,0.4788895845413208,0.5002748155966401,0.6334690451622009,0.4269535541534424,0.05952003074344243,0.080900028347969,0.0456014424562454,0.4532513900970419,0.4752371609210968,0.4405878484249115,0.4867142348860701,0.6234893202781677,0.41097092628479,-0.059427414865543406,-0.04536709561944,-0.0809889882802963,0.5390400905162096,0.5713064670562744,0.517150342464447,0.5943844156960646,0.6266183853149414,0.5779770016670227,0.08470908067749856,0.1852045208215713,-0.0122950309887528,0.4754829105610649,0.4946597814559936,0.4648750424385071,0.6086659201731285,0.6433717608451843,0.5932014584541321,-0.23937178139264384,-0.1520083099603653,-0.3479970395565033,0.5204217104862133,0.5245136022567749,0.5156184434890747,0.7435777100423971,0.7524282932281494,0.738765299320221,0.17840943776536733,0.344190388917923,0.044971689581871,0.4513253603751461,0.45598965883255,0.4494390189647674,0.7966710018614928,0.8070826530456543,0.7890546917915344,-0.2453336799517274,-0.1611356139183044,-0.3421396017074585,0.5497992268453041,0.561639130115509,0.5383263826370239,0.33671678400908905,0.5198264122009277,0.2261054068803787,0.02018398961445197,0.0769922062754631,-0.0608265027403831,0.5020018229261041,0.5212552547454834,0.4897783994674682,0.29906736019377905,0.476655513048172,0.1873764097690582,-0.15490321846057967,-0.0740144103765487,-0.3069220185279846,153.54963408506777,161.57667065177463,142.1581857343861,123.7398584477052,169.94325570277897,72.12825497024241,129.719272160791,176.1361734945151,57.32979246816912,96.04434301453938,145.20979309949934,51.54503740281509,157.7292047256758,169.59755744262742,139.0321569098967,154.81194481715045,170.30122470852555,136.24680587449797,116.5465178235476,157.7535840658854,47.96471481782652,1
0.49200970554115747,0.5151851177215576,0.4764547348022461,0.4942526997316002,0.6312742829322815,0.4241146445274353,0.058701463855139066,0.076912023127079,0.0465825274586677,0.4531801210181548,0.4771519303321838,0.4401910006999969,0.4809801115257905,0.6234508752822876,0.4081701636314392,-0.058614749166339894,-0.0463373847305774,-0.0768603980541229,0.5360965026487218,0.5710526704788208,0.5105229020118713,0.5942784966808734,0.625719428062439,0.5774572491645813,0.08547884606212226,0.1916626393795013,-0.0149697065353393,0.47401174165234705,0.4890579283237457,0.462072342634201,0.6069313311340785,0.6376911997795105,0.5905656218528748,-0.2334741299400235,-0.1473741233348846,-0.3402295410633087,0.5202280760991691,0.5246338844299316,0.5155178308486938,0.7445539218364375,0.7484420537948608,0.7368434071540833,0.17197960755317518,0.3474370837211609,0.0663451477885246,0.45109050197176415,0.4543972015380859,0.4485723674297333,0.7966064019958572,0.8094409108161926,0.7882779836654663,-0.24368474138255167,-0.1749399751424789,-0.346950352191925,0.5493471339197442,0.5585680603981018,0.53802889585495,0.32920432503860775,0.5186892151832581,0.2284872531890869,0.02510968544451278,0.100059226155281,-0.0495052561163902,0.5007107308005342,0.5178729891777039,0.489711195230484,0.29226866069406565,0.4812662303447723,0.1846366673707962,-0.14296203471793983,-0.062453668564558,-0.2630745768547058,154.0204210479157,162.88622957574356,140.92851128653407,126.8945899808885,170.77206261838845,74.70443447456111,134.62684323447155,177.13672470364045,64.0460748895049,100.1609724829336,147.99122035713225,51.68824056888877,159.9647095772212,171.32562924898892,144.80239757523012,155.70209457608226,170.589914179901,138.97417384553285,119.61729244464105,158.97647927070344,52.62542464271098,1
0.489460708906776,0.5142752528190613,0.4724057614803314,0.4992978528926247,0.6391481161117554,0.4233152270317077,0.05854131402937986,0.0775418803095817,0.0470276325941085,0.45053303429954933,0.4765099585056305,0.4368429780006408,0.4857252359390259,0.6271770596504211,0.4096702635288238,-0.05845403859489839,-0.0467785783112049,-0.0774993449449539,0.535892421320865,0.5680648684501648,0.5142155885696411,0.5935984228786669,0.6225919723510742,0.5754032731056213,0.0799763433004141,0.2148794531822204,-0.0345862731337547,0.47392532794099107,0.4882290065288543,0.4630200266838074,0.6064924892626311,0.6373682618141174,0.5902847051620483,-0.23972649448796324,-0.1498893201351165,-0.3383594155311584,0.5201440729592975,0.5233070850372314,0.5158735513687134,0.7443373874614113,0.7493146657943726,0.7375712990760803,0.1638653742639642,0.386773020029068,0.0293004922568798,0.45093615807985005,0.4536389112472534,0.4489764273166656,0.7972180849627445,0.8142198920249939,0.7901115417480469,-0.24750515991135646,-0.1822260469198227,-0.3425245285034179,0.5474238696851228,0.5573732852935791,0.5378908514976501,0.33693662677940567,0.520660936832428,0.2251289188861847,0.026546952092873003,0.0852144211530685,-0.0484427288174629,0.49819331859287463,0.5116558074951172,0.4874823689460754,0.2994146339203182,0.4824866950511932,0.1864767968654632,-0.1400626108050346,-0.0709653124213218,-0.2717588245868683,154.27728897293898,163.54559839893764,140.00303038078494,123.99131485348869,168.77472448972287,76.87829643337817,130.8116169832632,176.28030256399794,61.2256722154712,98.25064954425247,147.33143364918703,56.53174360647,158.33190833187888,171.31757576889956,143.08861195294074,155.4494020216794,170.59061292353076,139.90932470122948,115.28281204645432,157.31638595075574,47.99427329793672,1
0.49020588054106784,0.5142099857330322,0.4711064398288727,0.4970722103921267,0.6385476589202881,0.4254768490791321,0.05776193791713847,0.0779466480016708,0.0467924401164054,0.45139895436855465,0.4759183228015899,0.434920996427536,0.48369667306542397,0.6302416324615479,0.4102056920528412,-0.057673944948384355,-0.0464490018784999,-0.0779274031519889,0.5349140877907093,0.5696908831596375,0.5121127367019653,0.5929153733528577,0.6224091649055481,0.5777621865272522,0.08352401725894124,0.1807116568088531,-0.0276140011847019,0.4738722091110853,0.4896928071975708,0.4624154269695282,0.605503546503874,0.6373187899589539,0.5915265083312988,-0.23892102304559487,-0.1590521335601806,-0.3624153137207031,0.519999022094103,0.5247577428817749,0.5156152844429016,0.7438856500845689,0.7502001523971558,0.7377029657363892,0.1693307743765987,0.3282478749752044,0.0377585999667644,0.4509742007805751,0.4540800154209137,0.4487326443195343,0.797409831904448,0.8086419701576233,0.7910667061805725,-0.25165704121956456,-0.1887538284063339,-0.3652942478656769,0.5468825050271474,0.5573452115058899,0.5343096852302551,0.3336546217592863,0.5219431519508362,0.2220475077629089,0.02529739308220784,0.0811584219336509,-0.0293673779815435,0.4974136845423625,0.5138723254203796,0.4860064387321472,0.2977884979202197,0.485605776309967,0.1889283657073974,-0.13752912518639973,-0.0607288479804992,-0.2571854591369629,153.88617202034916,161.3061188618037,139.0568993985834,125.60371306477205,169.36087372939716,73.82365840564444,132.4885342571974,177.30636244962406,57.80406207916183,99.09437865544024,147.06996985642772,57.93706057010614,158.54487507331675,170.69667182194368,141.7528653240708,156.103547551335,170.08944726047642,140.71453519366378,116.14847406872899,157.58697518579655,45.56097900740778,1
0.4878335991438399,0.5150300860404968,0.4691532254219055,0.5021008861825821,0.6392719745635986,0.4225215315818786,0.05862962601191182,0.0736249163746833,0.045523390173912,0.44858922317941136,0.4772155880928039,0.4342671930789947,0.487801989342304,0.6294848918914795,0.4087785184383392,-0.05854389511365836,-0.0452728234231472,-0.0735476016998291,0.5344403012001768,0.5685625672340393,0.5091089606285095,0.5930098307893631,0.6222875118255615,0.5724291205406189,0.07789888394070152,0.1836520880460739,-0.0307226572185754,0.47314396056723085,0.4909824430942535,0.4604495167732239,0.6055142809735968,0.6381363868713379,0.59005206823349,-0.24517656117677689,-0.1549333184957504,-0.342073529958725,0.5201163095362643,0.5238893628120422,0.5160182118415833,0.74430280797025,0.7546659111976624,0.7387134432792664,0.15514200553297997,0.3368636667728424,0.0509713441133499,0.45072948932647705,0.4535117149353027,0.4479988813400268,0.7972864128173666,0.8074867129325867,0.7908289432525635,-0.25408829510846037,-0.1734906584024429,-0.3528647720813751,0.5458964096738937,0.5561496019363403,0.5347815155982971,0.3430640943189885,0.518023669719696,0.2283951640129089,0.031838033682706324,0.0973992347717285,-0.0417518615722656,0.4979891498038109,0.513670802116394,0.4847565293312073,0.30428409893462,0.4830356240272522,0.1842429637908935,-0.13287870740478339,-0.0579263344407081,-0.2651148736476898,154.71158634409662,166.6648318650314,147.3065867924434,122.66525056645102,170.58310018492267,76.50302682469129,130.10893931352732,177.36316706282886,63.34601992751293,98.01428641179032,146.70984718641665,57.81525363001493,157.43505381946377,170.15068736344887,139.32414523003297,155.6046637346263,170.90786016946942,140.00430976006865,113.20992272233786,158.92925010692832,48.31514216994589,1
0.48865692693777757,0.5134924650192261,0.4692734479904175,0.49673983153670725,0.6386321187019348,0.4226918816566467,0.0576608095581483,0.0743352621793747,0.0440283380448818,0.4493649860825201,0.4748269617557525,0.4340527951717376,0.4825283237779983,0.6293256878852844,0.4082010686397552,-0.05757989079663244,-0.0437983013689518,-0.0742788612842559,0.5330429486554078,0.5690292119979858,0.5100202560424805,0.5918590510734404,0.6218897700309753,0.5697945952415466,0.07818673760159822,0.1865154653787613,-0.0410431362688541,0.4723657318437942,0.4898727834224701,0.4601326584815979,0.6036674922162836,0.6358212232589722,0.5903663039207458,-0.23961270216739539,-0.1481359899044037,-0.3444309830665588,0.5195208751794064,0.5244400501251221,0.515231192111969,0.7437494126233187,0.7528621554374695,0.735870897769928,0.1567685847180058,0.3271645605564117,0.0328903570771217,0.450664168957508,0.4540105164051056,0.4478133916854858,0.797281786648914,0.8104130625724792,0.7884269952774048,-0.2517492141988542,-0.1790446937084198,-0.3525727093219757,0.5451216155832465,0.5563851594924927,0.5337684154510498,0.33529250113048936,0.5178292989730835,0.2267684936523437,0.034336764278031257,0.0980247184634208,-0.0336830355226993,0.495859960714976,0.513678252696991,0.4823612570762634,0.29776684443155926,0.4848034977912903,0.1874471008777618,-0.12863499908284703,-0.0352960303425788,-0.2573759257793426,155.02962666063027,166.33741428249365,144.93859675092995,125.22477604060214,171.6460194790973,74.01192915224473,132.3159168676151,177.94673973360588,63.51977489185004,101.02500412994236,155.38770874093103,55.10455324305363,159.29673225545275,171.86916439704154,139.05171281186742,155.36867833873677,169.45309274082118,140.18180484081932,114.14190857744835,160.806011065031,49.43377921742223,1
0.47780747523828715,0.5070539116859436,0.4557593464851379,0.47916617138045176,0.613789439201355,0.4138359427452087,0.06196398854631331,0.0811556205153465,0.039672378450632,0.4372629630966347,0.4651659727096557,0.4148750603199005,0.4714909426304473,0.6057132482528687,0.4097015857696533,-0.06193078766349982,-0.0396539904177188,-0.081269659101963,0.5155811868294948,0.5412901043891907,0.496999442577362,0.5797242467142955,0.5949276685714722,0.5610209107398987,0.0862041689255451,0.2431707978248596,-0.0953761786222457,0.45495176365395557,0.4741142094135284,0.4404368996620178,0.5969041646027765,0.6211683750152588,0.5826561450958252,-0.19840448712851821,-0.0416068844497203,-0.403299331665039,0.5022495085952663,0.5053614974021912,0.4981392920017242,0.7355009086993562,0.7412012815475464,0.7313218116760254,0.19516831975329488,0.4123209714889526,-0.0200804118067026,0.43124919879336315,0.4373613595962524,0.4287808835506439,0.7849417564247837,0.7970043420791626,0.7785391807556152,-0.1628691025641786,0.018759710714221,-0.3768010437488556,0.518093712440058,0.5351418256759644,0.4997986853122711,0.29020561277866364,0.5051297545433044,0.1882575899362564,0.015127530153703822,0.1133129373192787,-0.0762734487652778,0.4596195476395743,0.4685587882995605,0.4507775902748108,0.26033513373186606,0.4927389621734619,0.1502520442008972,-0.16763195840000106,-0.0720755979418754,-0.2542796730995178,154.28623579642905,163.07382825077926,147.48242742722636,125.92483493449976,176.38309230212803,64.03758603811511,129.5931928169067,178.89997956708902,50.9622546506594,108.41093037123133,164.07602281994846,47.708797459451965,162.1046515524977,168.77563280588714,153.65511638391956,155.93816753458222,176.67642134899384,128.0846949539918,107.95651251547196,159.91164606960984,33.78711815845853,1
0.4865512681990555,0.5119872689247131,0.4677044749259949,0.4988713458026807,0.637099027633667,0.4226440191268921,0.05879652876522119,0.0747239738702774,0.0468889437615871,0.4478348530444902,0.4754501283168793,0.4329732060432434,0.4848583386730902,0.6274470686912537,0.4086204469203949,-0.05869997292757031,-0.046692319214344,-0.0746352970600128,0.5327065046300593,0.567841112613678,0.5094472765922546,0.5926075479418961,0.6214483380317688,0.5692553520202637,0.07426038890124112,0.1940986961126327,-0.0261316951364278,0.4723020306567556,0.4891995191574096,0.4600476324558258,0.6050479854505086,0.6440300345420837,0.5866196751594543,-0.24582267445080058,-0.1237323656678199,-0.3422247767448425,0.5199898450644975,0.5241506695747375,0.5153753757476807,0.7444256402782559,0.7509647011756897,0.7368975877761841,0.1501453986833083,0.3593930602073669,0.0226273816078901,0.45065220176559134,0.4534464478492737,0.4467018842697143,0.7977659554825616,0.8098546862602234,0.7897409796714783,-0.2541555153954889,-0.1890099346637725,-0.3539353013038635,0.5451862037796336,0.5556756854057312,0.5306151509284973,0.33959612081345825,0.5113773345947266,0.2194254845380783,0.032249893143127366,0.095535971224308,-0.0297035407274961,0.49763797453998293,0.513681173324585,0.4835792183876037,0.30264860514513,0.4880866110324859,0.1823673993349075,-0.1361076685878419,-0.0386845618486404,-0.2566574513912201,154.0744091188168,164.94411088488215,144.2896407963366,123.04878100577545,174.7457406813675,78.89325154963117,131.36750043621146,178.0354707790989,66.08929291814815,97.68557948990258,162.53248066677034,59.22692309709441,159.13415906384523,174.60888917896773,142.7348089447983,155.14534204243213,169.00489864081698,140.19873844629953,113.82815911593705,156.16007968220805,52.17243416841064,1
0.48894830180866883,0.515181303024292,0.4701620042324066,0.4961385216453288,0.6442164778709412,0.4254512190818786,0.05912007015235349,0.0775247290730476,0.0477620996534824,0.4505065357921147,0.4776127636432647,0.435784637928009,0.48228631869401084,0.6334681510925293,0.4089172780513763,-0.059047398295732974,-0.0477098822593688,-0.0774957686662674,0.5328105629080593,0.5696194171905518,0.5073835253715515,0.5925755335552858,0.6254951357841492,0.5709635615348816,0.08456567629461754,0.2275238931179046,-0.0212328378111124,0.4746044859437659,0.4924920499324798,0.4612095952033996,0.606168547479233,0.6443423628807068,0.5903876423835754,-0.24343527410880172,-0.1352159529924392,-0.3423113524913788,0.5196902356525459,0.5244800448417664,0.5153629183769226,0.74402252341261,0.7513248324394226,0.7377979159355164,0.16712781764788204,0.4147363603115082,0.0414247401058673,0.45075419456651894,0.453928679227829,0.4472462832927704,0.7968138957967853,0.8103377223014832,0.7884396314620972,-0.25182844801704485,-0.1660843640565872,-0.3621748387813568,0.5475736974489571,0.55650395154953,0.5371344089508057,0.3344981525794114,0.5183156132698059,0.2237302362918853,0.027380674436001423,0.080741174519062,-0.0430442318320274,0.4996053644336096,0.5150715112686157,0.4856404066085815,0.29694119553164683,0.4867751598358154,0.1876769214868545,-0.13838788642003982,-0.0617621578276157,-0.2767265439033508,154.2256491724702,162.641530300174,131.39378307370836,124.08265634430971,169.06779095762877,73.65068335781785,133.5473247767993,177.15459043504578,63.14862684462352,98.9260377112059,143.99230466482246,60.78448318370312,158.55827106119457,171.58454236610848,141.1906945788145,155.70204400165773,169.01775113184857,140.91984831918018,116.67996972294254,159.0015910821488,50.29136358621319,1
0.4660532844590617,0.4985232055187225,0.456059843301773,0.50170230112233,0.6066038012504578,0.4229438304901123,0.05916269086710695,0.0765874087810516,0.0400879755616188,0.42456518522985687,0.4595781862735748,0.4126784205436706,0.4960031453724746,0.6078413724899292,0.4172573089599609,-0.05907954914229252,-0.0399600341916084,-0.0766293704509735,0.5182723615850721,0.5440932512283325,0.4930354058742523,0.5792815521523192,0.5956019163131714,0.5611153841018677,0.03585378537376687,0.2258327752351761,-0.0907125771045684,0.4535416738017575,0.4725078046321869,0.4355492889881134,0.5996027549544534,0.6251736283302307,0.5869698524475098,-0.23653969328318322,-0.0529450699687004,-0.3751057386398315,0.5023825286508916,0.5073097944259644,0.4974639117717743,0.7391032019814292,0.746349573135376,0.7333291172981262,0.13979939890227144,0.3833827078342438,0.0044880816712975,0.43011446870290315,0.4339428842067718,0.4267795383930206,0.7904183602595067,0.7997081279754639,0.7811300158500671,-0.1836845168414024,-0.0090464409440755,-0.329219251871109,0.516720828119215,0.5318120718002319,0.4905168414115906,0.3250514914046277,0.4946423470973968,0.1975986659526825,-0.02965866071415121,0.0953604206442833,-0.1098328158259391,0.45359953419192806,0.4651973843574524,0.4460603296756744,0.30096204578876495,0.4832035303115845,0.1629682779312133,-0.19670711343105024,-0.0656792894005775,-0.2653042376041412,154.64459107175568,160.69889334599898,148.78834485888015,109.54335134268175,174.1687197665783,63.30375008386184,113.4683790211992,178.0804559648003,52.42129385618799,88.57124560860949,163.3807138209199,43.65984782267538,159.87128339395431,166.87843933605436,140.5745705221485,148.14045683270234,175.78291126309995,127.09582355190278,99.72878517273135,159.27688173000908,38.93612762328444,1
0.4735448761323912,0.4936606287956238,0.4553817808628082,0.4869647870021584,0.6065660119056702,0.4194447100162506,0.05948168332729715,0.0794166028499603,0.0399465337395668,0.4325613782996625,0.4531314074993133,0.4149920642375946,0.4818600993768304,0.6090545654296875,0.4168627262115478,-0.059424868924955306,-0.0397539958357811,-0.0794227421283721,0.5160860208283483,0.5434359312057495,0.4961152970790863,0.5826496223432828,0.5987127423286438,0.5671306252479553,0.08141711436364536,0.2378670424222946,-0.100612387061119,0.4536302342879034,0.4755626618862152,0.4377406239509582,0.6017322144677154,0.628266453742981,0.5892639756202698,-0.21427144024488146,-0.043143555521965,-0.3935351371765136,0.5019856496194822,0.505980372428894,0.4977021515369415,0.7381380632915328,0.7456226348876953,0.7311623096466064,0.20102021160774527,0.4096017777919769,-0.0215782448649406,0.43027963416766274,0.4347128272056579,0.4270737469196319,0.7895010609542374,0.8014454245567322,0.7821247577667236,-0.1822439109189518,0.0110420677810907,-0.3584548830986023,0.5154788138064663,0.5329229235649109,0.49144047498703,0.2979035083435278,0.4996926784515381,0.1830627024173736,-0.014839723573861619,0.1023815646767616,-0.1161900088191032,0.4548097637902319,0.4655346870422363,0.4456530511379242,0.2723617121181657,0.4875299036502838,0.1611933410167694,-0.18583236812754014,-0.0558639615774154,-0.2677790522575378,154.4996267126512,164.00383742686108,142.06542651382807,123.23712810342462,176.93006329415434,64.25201477559038,127.19790728576048,177.13498846133257,49.13541498827638,100.59497064681723,162.72309075821403,36.405732111916926,161.84016551008875,172.18240189153036,149.7971788435908,153.4911445134427,176.74462925583558,125.73177831183884,109.77828581738478,162.6482350999414,40.92426600838511,1
0.47324079399307567,0.4941499829292297,0.457005500793457,0.48954325759162504,0.5989552140235901,0.4194124341011047,0.06054999939321226,0.0791723728179931,0.0428061708807945,0.4328563114007314,0.4565730988979339,0.4165021181106567,0.48400752432644367,0.6011363863945007,0.4157033562660217,-0.060441917584588084,-0.04247672483325,-0.079193003475666,0.5181749165058136,0.5434608459472656,0.4987293481826782,0.5813937907417616,0.5944496393203735,0.5683413743972778,0.07678740630395471,0.2579852938652038,-0.0757854506373405,0.45488478026042384,0.473340779542923,0.440515786409378,0.6016700932135185,0.6270666122436523,0.5889455676078796,-0.2117137082386762,-0.0545388311147689,-0.3787320554256439,0.5030015856027603,0.5059124827384949,0.498496413230896,0.7389259890963634,0.7467620968818665,0.7302850484848022,0.1893129828288996,0.4454243779182434,0.0104274814948439,0.4305799324065447,0.4340976476669311,0.428462415933609,0.7895667708168427,0.8014379143714905,0.7811946272850037,-0.17559571532183327,-0.0122954128310084,-0.3536688685417175,0.5186591486757001,0.5349835157394409,0.4958928525447845,0.3029478021586935,0.4731858968734741,0.190383642911911,-0.008167085325112558,0.089584469795227,-0.087648719549179,0.46046433007965487,0.4728001654148102,0.4477376043796539,0.27793923889597255,0.4759438931941986,0.1594435721635818,-0.18676515365950763,-0.1023629903793335,-0.2625763118267059,153.70292160307454,161.45882848718838,116.238100117694,121.5862236595455,177.69881967911832,67.59794700418594,126.10049523483087,177.63350938703098,58.50176090637432,99.57746654829383,163.5853525294451,45.06085197546715,160.93429310854881,170.42216463591862,149.5944354468733,153.8102891569531,177.38348738954826,132.82548456525416,109.04728749455307,158.95824962082497,46.1456502466957,1
0.4735798824508235,0.4945810437202453,0.4550497829914093,0.48176704009748855,0.5954694747924805,0.4204921722412109,0.06156507499937737,0.0763548389077186,0.042945709079504,0.43310763925876256,0.4570749402046203,0.4115263223648071,0.4766572331482509,0.6001432538032532,0.4175031185150146,-0.06147558590010649,-0.0427712872624397,-0.0763303413987159,0.5141317554802265,0.5406683087348938,0.4972027540206909,0.5810641174046498,0.5931598544120789,0.5672912001609802,0.07805073135510474,0.219041034579277,-0.1003638133406639,0.45222143800753467,0.4738621711730957,0.4410666823387146,0.6007182423798543,0.6223273873329163,0.5899350643157959,-0.20042371324632527,-0.0582208670675754,-0.3833000361919403,0.5026000046505118,0.5060777068138123,0.4980558156967163,0.7383984287954727,0.7457150220870972,0.7318472266197205,0.18663232684803177,0.3685469031333923,0.0060617858543992,0.4300180488037613,0.4343035519123077,0.4280900061130523,0.7899293865797654,0.7992549538612366,0.781516432762146,-0.16699586093496038,-0.0185444299131631,-0.3429469168186188,0.513688143131868,0.5319211483001709,0.4922978579998016,0.29214670256061376,0.4892688989639282,0.1835244745016098,0.003906308587383537,0.1006752774119377,-0.1163813173770904,0.4566935643834888,0.4717011153697967,0.4480138719081878,0.26661025226678486,0.4794068038463592,0.1550785303115844,-0.17557350742929387,-0.0746887624263763,-0.2597222328186035,153.5926838045576,163.89024450936023,148.4322142374999,126.5176331646573,177.60641576398356,68.42651555219314,129.9380798276054,178.2420455167542,56.82714266590556,106.25882976902359,164.65287178048916,41.63570273933244,162.3188620582253,169.5159364052733,151.87646849887994,154.81588068375868,177.8900772967914,124.1074544168909,108.62058886852462,159.35513142572174,39.96195976443835,1
0.4789863939237113,0.5009206533432007,0.4578365087509155,0.4856474989592427,0.6039528846740723,0.4181439876556396,0.061407475760488744,0.0827652513980865,0.0439941696822643,0.4380363192823198,0.4621311128139496,0.4169254899024963,0.47901779503533337,0.6107543110847473,0.4136867523193359,-0.061365186189762236,-0.043723490089178,-0.0828655436635017,0.5179181270527117,0.5467420220375061,0.4986782371997833,0.5854384435547723,0.5961421728134155,0.572008490562439,0.08265289403451134,0.2573113739490509,-0.0775459706783294,0.45535495094578676,0.4730790555477142,0.4444967806339264,0.6017713155409302,0.6213290691375732,0.5876404643058777,-0.21491441999872526,-0.0613568685948848,-0.3862810730934143,0.5035730856235581,0.5078045129776001,0.4999195635318756,0.7392431509615195,0.7442258596420288,0.7328667640686035,0.20513831588411421,0.4339964985847473,0.0070406585000455,0.4310253283592186,0.4349981248378753,0.429056167602539,0.7889271667509368,0.7989198565483093,0.7825911641120911,-0.1772046425483293,-0.0127137033268809,-0.3695370554924011,0.5217261446846856,0.5366000533103943,0.5017321705818176,0.2934074719445874,0.4736965894699096,0.1899409145116806,-0.002796093040142108,0.1046749353408813,-0.0912961587309837,0.4617716901832157,0.4697829484939575,0.4532899558544159,0.2666601671112908,0.4692231118679046,0.1555513590574264,-0.18161852733053344,-0.0744312480092048,-0.2977094054222107,153.3368741430308,160.37315569425593,148.4069105533041,123.46018728560922,175.62774028142525,62.20359761186359,127.62907092527271,178.19411495677912,48.89368347069447,103.92294794729041,165.50178979081687,41.63902666513064,160.97623451926793,169.21838175392196,153.31186171822466,154.0231070552395,176.24846943497522,132.0171894615713,110.06931317561127,160.8735661538465,42.73473800572003,1
0.4774725877990325,0.5032480955123901,0.4579402804374695,0.48062693141400814,0.5932428240776062,0.4178569316864013,0.06085998013926045,0.0773885026574134,0.045928705483675,0.4364887795721491,0.4654799103736877,0.416633129119873,0.47371437897284824,0.5926156640052795,0.4130516052246094,-0.06080735595120734,-0.0456829667091369,-0.0774909779429435,0.5157198142260313,0.543824315071106,0.497579962015152,0.5830616839230061,0.5944233536720276,0.5666195154190063,0.07915217485909427,0.2316237241029739,-0.0850622802972793,0.4546003683159749,0.4744460880756378,0.4392448961734772,0.5991402920335531,0.6171005964279175,0.5828897356987,-0.21012416245260587,-0.0598055236041545,-0.3977505266666412,0.5029515031104287,0.5058068037033081,0.4989860951900482,0.738150592893362,0.7446672320365906,0.7323505282402039,0.19237716969413063,0.3916221559047699,-0.0061234505847096,0.43066079169511795,0.4343472421169281,0.4277909696102142,0.7891644885142645,0.797146201133728,0.7820478677749634,-0.17318142409203574,-0.0293730981647968,-0.3672419786453247,0.5187697364017367,0.5373379588127136,0.4944896996021271,0.28968805881838006,0.479694664478302,0.1841109246015548,-0.00683773359196493,0.1056646183133125,-0.1071063727140426,0.45965093715737265,0.4701100587844848,0.4486362636089325,0.26468038900444907,0.4580824673175812,0.156862586736679,-0.1807047592010349,-0.0693684741854667,-0.278752326965332,154.27369908037087,162.8665627126374,148.80206909435194,124.37269487761917,175.32769380294758,67.51811931782869,130.22757258160496,178.5506396103687,54.835914873829545,104.1033001837141,163.3661835381415,43.79098025772548,161.2669271985068,167.53205263784724,155.95545346818005,152.47834270098096,179.0543439617607,126.53614360393748,109.94371242123151,161.40800807524732,40.714366604581,1
0.4773191089651226,0.5008662343025208,0.4554887115955353,0.47631123714742407,0.5975539088249207,0.421279102563858,0.06292795825057321,0.0792057439684867,0.0452459044754505,0.4373488494780211,0.4629196226596832,0.4125720560550689,0.47087172174875713,0.5950543284416199,0.4194067716598511,-0.06289156282370065,-0.0450372137129306,-0.0793130248785018,0.5121676637008127,0.5380505919456482,0.4972297251224518,0.5833876618241842,0.5954406261444092,0.566571831703186,0.0966755731162137,0.2210444658994674,-0.0977998897433281,0.4526944440023034,0.4714681208133697,0.439113050699234,0.6008435735660317,0.6140730381011963,0.5898863077163696,-0.18817553356026126,-0.0282255411148071,-0.4084649384021759,0.5025079295171045,0.5062946677207947,0.498041421175003,0.7377981954971246,0.7450026273727417,0.7331178784370422,0.21183200249761608,0.3715995252132416,0.0150762908160686,0.4303714899362716,0.4337001144886017,0.4280809462070465,0.7894497830255897,0.7968616485595703,0.7827193737030029,-0.1516501535723332,0.0416656732559204,-0.3778643310070038,0.5118828291914105,0.5320174694061279,0.4952233433723449,0.2770386380431926,0.4876348376274109,0.1858574301004409,0.010981588080459464,0.0985212698578834,-0.0853380858898162,0.45563282164852176,0.4642258584499359,0.4487253129482269,0.2520648929397617,0.4542208909988403,0.1562185436487198,-0.1737159965312586,-0.0848855599761009,-0.2840079963207245,153.97646892432368,161.21911341945855,146.99474201957852,130.72149991445852,178.03613668060808,65.20817765023268,135.7708975510474,179.29787522251877,54.74510361793665,113.05522132945012,165.09205667863517,44.04740693891795,161.46510781421384,168.53458845944917,151.87297902118254,157.8810435457995,178.72235222885126,129.0153895745002,113.67899926749278,160.30726683781364,40.816738033280096,1
0.47817885037511587,0.5015416145324707,0.4592956900596618,0.4815413054699699,0.602668821811676,0.4241308271884918,0.062282599198321464,0.0789613500237464,0.0438415631651878,0.43731090147048235,0.4626842439174652,0.4177425801753998,0.47482204002638656,0.5967766046524048,0.4210264086723327,-0.062243765375266435,-0.0436573289334774,-0.0789763480424881,0.5156791380917033,0.5455912351608276,0.4979989230632782,0.5851239959398905,0.5955260396003723,0.5691516995429993,0.08894803852066009,0.2240902334451675,-0.081244021654129,0.45334054715931416,0.4752005338668823,0.4398473501205444,0.6008773042509953,0.6185216903686523,0.5892256498336792,-0.20496426076473048,-0.0350657291710376,-0.3903376758098602,0.5028765629976988,0.5059239864349365,0.4990515410900116,0.739359221731623,0.7455214262008667,0.7355846762657166,0.2112494704973263,0.3818361163139343,0.0297206360846757,0.4306372335801522,0.4354408085346222,0.428305447101593,0.7892804704606533,0.8003131151199341,0.7817413210868835,-0.1650763121797354,0.0222860015928745,-0.3791235685348511,0.5174566237255931,0.5379699468612671,0.4923228621482849,0.2870496450923383,0.4752142429351806,0.1811609417200088,0.0028928490294977877,0.1090126931667327,-0.0926167070865631,0.4592872417221467,0.4675922989845276,0.4513047635555267,0.25944122082243365,0.4661677479743957,0.154657244682312,-0.18051770826180777,-0.08381387591362,-0.265486866235733,153.65546303140624,162.78591882979802,145.86247545389256,126.19069994669591,177.64471660903527,62.69592775483815,131.3501412638977,177.81196062686547,50.53734600778992,107.60732007762768,165.63128275330652,38.96407239094747,161.18420751411435,168.20220905363377,152.72778631796038,154.5800553547179,177.95427873971013,128.53864646411748,112.00499341284672,159.73546322442252,40.93225836778429,1
0.4725701571144956,0.4981122612953186,0.4575958251953125,0.491058312514995,0.6022111177444458,0.4185285270214081,0.062482787018760685,0.0870193988084793,0.0424314700067043,0.4324909984431368,0.4588792622089386,0.4167801737785339,0.4854484999433477,0.5999664068222046,0.4157865345478058,-0.062422456695361304,-0.0423054583370685,-0.0871423259377479,0.5183596094237998,0.5443862080574036,0.4975855648517608,0.5781190921651557,0.5981829762458801,0.5614423155784607,0.06464500834006182,0.2279345095157623,-0.0901016741991043,0.45631806710933115,0.4759283661842346,0.440279871225357,0.5964385366186182,0.6238783597946167,0.5846776366233826,-0.21688824729558,-0.0207123216241598,-0.4132509529590606,0.50236928082527,0.506449282169342,0.4977364242076874,0.735473744412686,0.7419083714485168,0.7286835312843323,0.17404002938518653,0.3853589594364166,0.002352544106543,0.4315080119574324,0.435605376958847,0.4287357628345489,0.785404659332113,0.79567551612854,0.7769676446914673,-0.172688607138859,0.0527411438524723,-0.3866038620471954,0.5156045292920255,0.5337313413619995,0.4918797314167022,0.302714837992445,0.4994994699954986,0.1843769699335098,-0.0011932104720704221,0.1006970778107643,-0.0790807455778122,0.4581864526931276,0.4698326289653778,0.4419831037521362,0.281902126333815,0.4842343330383301,0.1552366018295288,-0.18555715933759162,-0.0978260561823844,-0.2666502296924591,155.02607510421007,163.41942013921957,147.49751896696807,118.16196273653178,177.80201981564997,66.02123958781971,121.06711768923161,177.67554927714258,51.322842628709004,98.66049633704606,170.52570078389732,43.68857279229002,160.39739626987267,166.63076816838154,138.32689290825672,153.94906476795012,177.39196386399928,129.3635838253995,104.74159639581316,161.1340455096947,43.16071624427904,1
0.47549834118244494,0.5012286305427551,0.4561837315559387,0.4892630637326139,0.594828188419342,0.4234730899333954,0.06265486091216824,0.0836723148822784,0.0451947599649429,0.43446142812992666,0.4612390697002411,0.4165663123130798,0.4827455180756589,0.5968100428581238,0.4199786484241485,-0.06259875118415403,-0.0450313687324523,-0.0837483927607536,0.5174403865920737,0.5450178980827332,0.4976297914981842,0.584328146691018,0.5979502201080322,0.5695081353187561,0.0813064899721599,0.2460105419158935,-0.0878770872950553,0.45407019555568695,0.4732054769992828,0.4424957931041717,0.6015867273858253,0.6212748885154724,0.5892316699028015,-0.21622054080696815,-0.035544529557228,-0.3983715176582336,0.503121442617254,0.5071312785148621,0.4994060695171356,0.7385980968779706,0.7430254220962524,0.7319532632827759,0.21063418161282513,0.4177863299846649,0.0085282120853662,0.4307097164874381,0.4345778524875641,0.4284020066261291,0.7904700662227387,0.8018361926078796,0.7827355265617371,-0.16458751786147696,0.026605887338519,-0.3568424582481384,0.5201249709154697,0.5340009331703186,0.4998227655887604,0.2984357937536341,0.4703248739242553,0.1867859065532684,-0.013456850416680908,0.095263548195362,-0.1094604879617691,0.45894119682464196,0.4656470417976379,0.4536396265029907,0.27456320203999257,0.4690982699394226,0.1519396603107452,-0.19934950317157077,-0.0971491634845733,-0.2931135892868042,153.5651251522474,161.17585595535954,148.13296874076156,120.0835507711325,176.75713735832477,62.10676378791342,124.79526341322573,179.1974089733984,50.9428715425423,100.54243167371376,166.01062045678856,39.08077780845562,159.1536374129849,167.4478696332884,122.8934868530024,151.54299344340092,175.99526552616535,127.5593728369408,105.74702189204795,160.59101629284308,41.39230273669782,1
0.48248834695134846,0.5050287842750549,0.4668641686439514,0.4972197495319031,0.6343016028404236,0.4260539412498474,0.05976472017201745,0.0757388174533844,0.0452215634286403,0.442474079983575,0.4668993651866913,0.4284268617630005,0.4823571338758364,0.6240574717521667,0.4132863879203796,-0.05970947608187954,-0.0449844412505626,-0.075700893998146,0.5264450816007761,0.5570028424263,0.5045327544212341,0.5957797241734935,0.6284035444259644,0.576829195022583,0.07165699990934454,0.1633545756340026,-0.0482596047222614,0.4653716650637951,0.4768350422382355,0.4555191397666931,0.6087104075557583,0.6336760520935059,0.5958600640296936,-0.2408342454787139,-0.1449607461690902,-0.3275885283946991,0.5128851788384574,0.5167456269264221,0.5082986950874329,0.7485710788559128,0.7550081610679626,0.742427408695221,0.14789646251925398,0.2864971756935119,-0.0213509574532508,0.44218785684187334,0.446837842464447,0.4375874102115631,0.8044203323322338,0.8172661662101746,0.7968322038650513,-0.2503125923020499,-0.1764739155769348,-0.3354178965091705,0.5382271264935587,0.5477803349494934,0.5259003043174744,0.3330998574639415,0.5188169479370117,0.2207695543766021,0.03720011501726539,0.1138547733426094,-0.0318170115351676,0.48685537164027876,0.4995419085025787,0.47601118683815,0.2964820172433015,0.4767057001590729,0.1833565682172775,-0.1306292188282196,-0.0367704890668392,-0.232151985168457,154.358795687868,161.43711642057224,144.9882195949714,124.82933113478879,172.0519507859018,76.5284435430989,132.57836308033336,177.5379421742643,66.52536654221677,101.4075532749111,159.59764060095193,48.44369746376409,160.4675844019996,171.71261008708618,145.21796142816396,155.38939622215148,169.53147293435762,137.9178245657621,115.36263752934848,157.59683315237592,52.10754448766828,1
0.482629001475452,0.5059059858322144,0.4678448438644409,0.4995326299345895,0.634522020816803,0.4263175129890442,0.059290865080410135,0.0777320861816406,0.0409306623041629,0.44286391674802544,0.4668213427066803,0.4295261204242706,0.48453563116909415,0.6202595829963684,0.4100428521633148,-0.059221493352330096,-0.0406267009675502,-0.0778114348649978,0.5275725461124035,0.5556850433349609,0.5060049295425415,0.5955375339208024,0.6266151070594788,0.5790969729423523,0.07090434564403099,0.1587597280740738,-0.0497466661036014,0.46738903341668375,0.4801011383533478,0.4570722579956054,0.6103083913245898,0.6360769867897034,0.5951729416847229,-0.2366542618596152,-0.1618150174617767,-0.3441452980041504,0.5123876688185702,0.515872061252594,0.5080762505531311,0.7476097110951885,0.7551879286766052,0.7414722442626953,0.15105480306750432,0.2866840362548828,-0.0074683441780507,0.44264300686589786,0.4461051523685455,0.4401941001415252,0.802746697758021,0.8081212639808655,0.7968199849128723,-0.24203098875083282,-0.147741824388504,-0.3232530057430267,0.5400811594523741,0.5500757694244385,0.5315565466880798,0.33686638832762,0.5180541276931763,0.231993094086647,0.026846239527718804,0.1015723645687103,-0.043374728411436,0.48773016018813914,0.5001737475395203,0.4781066477298736,0.3006207427282012,0.4819491803646087,0.1935507804155349,-0.1395411457489715,-0.0568121559917926,-0.2431784719228744,155.0618375416863,161.92294392797731,141.03636596399065,123.73294671229583,167.12851237400923,77.32636638654155,130.39618617247154,175.3383183600329,65.54359481898294,98.93768294595701,149.65363144833714,51.157293758106285,159.427628520901,170.6311150955161,147.12654459467714,155.0254258023448,169.95370206007374,140.33804847975583,114.8155006966079,158.7247160084723,50.55086434407629,1
0.48159739070317964,0.5056818127632141,0.4651698172092438,0.5077837803824381,0.6452317833900452,0.4307102262973785,0.060220092365687504,0.0773375779390335,0.0429257117211818,0.44206979261203244,0.4660773277282715,0.4271555840969085,0.4928130991756916,0.6334037780761719,0.4180272221565246,-0.06015666633505709,-0.0426652766764164,-0.0774123966693878,0.5298653705553575,0.5609350204467773,0.5075274109840393,0.597536519847133,0.6245999336242676,0.5787039995193481,0.0660036789023169,0.1700823307037353,-0.0500588752329349,0.4682627885856412,0.4845346212387085,0.4570983648300171,0.612502629106695,0.6399732232093811,0.6006961464881897,-0.2399884428490292,-0.158921018242836,-0.3434840738773346,0.5132808922366663,0.5172430872917175,0.5091157555580139,0.7482726330106909,0.7528685331344604,0.7410469055175781,0.14203148395542728,0.3010986745357513,-0.0020720595493912,0.4423649768260392,0.4457460939884186,0.4398918449878692,0.8023807562210343,0.8107497692108154,0.7962291240692139,-0.24074720625172963,-0.1440200060606002,-0.3316241800785064,0.541111400181597,0.5524511337280273,0.531448245048523,0.3481585920195688,0.5290718078613281,0.2272653579711914,0.028180430776542767,0.0934981256723404,-0.0340637601912021,0.48935534805059433,0.5021185278892517,0.4784795343875885,0.31143526428125123,0.4972946643829345,0.1949908584356308,-0.1406177910552783,-0.065515249967575,-0.2539530992507934,153.96306719027933,160.75876641863223,139.92580087686625,120.81099455366778,166.52707380549953,73.66826060069833,125.54508405992664,174.69582641871725,61.89806467077055,96.81776245380875,148.7137895678686,51.63248891030311,158.06249379956606,171.12010903033635,140.0552331741087,154.4714328966656,171.23579590686182,139.71707100684654,110.62539752384625,157.4638788285506,45.888983456724304,1
0.4795910797931336,0.5039381384849548,0.4576438367366791,0.5030335826533181,0.6340394020080566,0.4272725880146026,0.05970110404458671,0.0794126912951469,0.0420044884085655,0.4399240698133196,0.4645704329013824,0.4211263358592987,0.4885651901528075,0.6296675205230713,0.4114347100257873,-0.05962603015231558,-0.0416740402579307,-0.0794129595160484,0.525960446714045,0.5579416155815125,0.5054452419281006,0.5952587081835821,0.6236123442649841,0.5782828330993652,0.06244841494305175,0.1552642881870269,-0.050626240670681,0.46600063161535576,0.4815558493137359,0.4526421427726745,0.6089349120527834,0.6404280662536621,0.5955435037612915,-0.2410272220661352,-0.1607486754655838,-0.3491771817207336,0.5128092759258145,0.5159653425216675,0.508188784122467,0.7486400342249608,0.7548065185546875,0.7417020201683044,0.1326695429237948,0.282804399728775,-0.0565720126032829,0.4422483090515975,0.4458070397377014,0.439661294221878,0.8021252233903486,0.8114195466041565,0.7948270440101624,-0.2436913951085164,-0.1569996178150177,-0.3256751894950866,0.5380302778967134,0.5484246015548706,0.5279380083084106,0.34413015514939693,0.5179434418678284,0.2280948907136917,0.031844502848388793,0.1362277418375015,-0.0344953015446662,0.4867666720688998,0.4980021715164184,0.4781928360462188,0.30842285857095825,0.501905083656311,0.1924761980772018,-0.1342309980683929,-0.0519506223499774,-0.2570236623287201,154.43267954552059,161.08579922180363,145.47758325652484,121.68611524122831,164.42579148484418,73.7625489500816,129.09695322407413,177.43683207575563,64.30533082952877,98.24985669998996,146.16376526835745,46.53883700960536,159.44588033652175,169.0514187448694,149.38064528813968,154.59173119646567,171.27878339715664,137.36492493029996,112.20544732675074,159.9389588227121,49.61357252666768,1
0.4797995524561923,0.5069825053215027,0.4639833569526672,0.5045584485582684,0.6374832391738892,0.4255330264568329,0.059707726716347324,0.0770232453942298,0.0414989851415157,0.4400213422334712,0.4674631953239441,0.4277607798576355,0.4886521373106086,0.6257798671722412,0.4096498787403106,-0.059657647436403664,-0.0412478670477867,-0.0771001279354095,0.5263535075861475,0.5565556287765503,0.5039762854576111,0.5946602814871332,0.6242469549179077,0.5698482990264893,0.05823025625305369,0.1739359200000763,-0.0580908693373203,0.4652792059856912,0.4803069531917572,0.4540778696537018,0.6074622947236766,0.6359070539474487,0.5961628556251526,-0.24351046849852023,-0.1758773922920227,-0.3531306982040405,0.5125004642683527,0.5155876874923706,0.5080103874206543,0.7478413659593334,0.7549653053283691,0.7420468926429749,0.13259811591579695,0.3097018003463745,0.0059639285318553,0.44229775537615235,0.4463942348957062,0.4391216337680816,0.802213090269462,0.8099117279052734,0.7938806414604187,-0.24446532437982765,-0.1583414375782013,-0.3408035039901733,0.5392115997231525,0.5482395887374878,0.5282691717147827,0.34551786760921066,0.5186774730682373,0.2283430397510528,0.02442886148871721,0.0989676788449287,-0.0651699304580688,0.48695156107778137,0.4998098611831665,0.4782226383686065,0.31056120343830274,0.4882185161113739,0.1929381638765335,-0.14232800471717894,-0.0471425056457519,-0.2647488713264465,154.91378899368638,161.79936932479714,148.00009534530585,120.41098172969093,166.35932819704934,74.94387827714476,125.52960359198161,176.19038367097292,61.168204159034666,95.49529386906048,143.3107101596974,52.33658556123384,159.26603162601546,170.26157673764976,146.1677147173504,153.88606895887364,168.9980458212085,132.38491976922126,111.04902805057553,161.59833641687365,46.36289563892446,1
0.47727797232395,0.5036486387252808,0.4614425003528595,0.5074126155570496,0.6342678070068359,0.4283572733402252,0.061137402776715324,0.078117236495018,0.0446735881268978,0.438322052359581,0.4654149413108825,0.4240374863147735,0.49200272941312123,0.6248900890350342,0.4136512279510498,-0.061082721362973325,-0.0444350577890872,-0.0781325101852417,0.5255290269851685,0.5535303950309753,0.5019533038139343,0.5958721762479737,0.6202449202537537,0.5779568552970886,0.0501154520859208,0.1471658498048782,-0.0568986795842647,0.46497696568799574,0.4774127900600433,0.4554029107093811,0.6096654860086219,0.6320857405662537,0.5977584719657898,-0.24674203749312912,-0.1664012819528579,-0.3366259336471557,0.5123546373012454,0.5150483846664429,0.5080463886260986,0.7484279898710029,0.7537912130355835,0.7417930364608765,0.12117584199417206,0.257265955209732,-0.0342833064496517,0.442509648411773,0.4459622502326965,0.4395286738872528,0.8020917295023452,0.8083552122116089,0.7930566072463989,-0.24367567844862162,-0.1697364300489425,-0.3072799742221832,0.5366403335748717,0.5453329086303711,0.5275903344154358,0.3486326459881871,0.515679121017456,0.2267141789197921,0.027729660530133305,0.1124419197440147,-0.0791125074028968,0.4873360880585604,0.4995035827159881,0.4770402908325195,0.31574505186358165,0.4931166470050812,0.1972166001796722,-0.14410525014580677,-0.0786415860056877,-0.2689482867717743,154.10148866957084,159.38846157286576,142.63971708746365,119.37339403796177,165.42217650796772,75.49770562014982,123.25477731103113,175.54865853477452,57.95081038827328,94.90568826409353,140.60666330469166,45.74866147993644,158.99987748291346,169.35377201305013,145.13321818833214,154.5893886961962,169.7498981665239,131.93658819999106,110.59707261064999,159.5118164835914,44.55061149208152,1
0.478899949343405,0.5041823387145996,0.4581470489501953,0.494675140514552,0.6311661601066589,0.4254732131958008,0.05839344166288861,0.0715312585234642,0.044928602874279,0.4395942431744014,0.4636563956737518,0.4215905964374542,0.47961853402797305,0.6249632835388184,0.4119517207145691,-0.05834973359776431,-0.0446485131978988,-0.0715329274535179,0.5226082907658871,0.5518736243247986,0.5009116530418396,0.5928090660371513,0.6196056604385376,0.5694966316223145,0.05715755116581809,0.1426803022623062,-0.0709057673811912,0.46485483757803375,0.4743346869945526,0.4544396698474884,0.6063358003848067,0.6303302049636841,0.594967782497406,-0.23562783462421916,-0.1614983528852462,-0.3534315824508667,0.5122969055844244,0.5158336758613586,0.5080556273460388,0.7494209993665464,0.7552551031112671,0.7441023588180542,0.1195246124613995,0.2443305701017379,-0.0343956723809242,0.4418634758374401,0.4448122084140777,0.4397732615470886,0.801335987086608,0.8118674159049988,0.7927248477935791,-0.2454693093199596,-0.1859748512506485,-0.3201842904090881,0.5339035948860311,0.5443678498268127,0.5238000750541687,0.3337664501132252,0.510070264339447,0.2268482446670532,0.04292667814515198,0.1239379718899726,-0.0646278038620948,0.4841375362093204,0.4976277947425842,0.4756689369678497,0.2996595320857574,0.4933196902275085,0.1949997991323471,-0.1187832394841118,-0.032504417002201,-0.2501243352890014,155.12343320862453,160.0722231689455,145.64548028025945,126.1493191713437,168.06948061935293,75.04306153293624,132.75873032126802,175.98879876719982,66.59192210817264,104.5061464693552,155.1518016808872,49.32963414708307,160.14624134983163,169.60988208738794,145.42285268508763,155.27218991730214,169.35967194095406,135.1892638283278,114.52431865338812,158.74352592548814,51.27458429143899,1
0.47757535986602306,0.5025981664657593,0.4600504636764526,0.5026177875697613,0.6361089944839478,0.4271387159824371,0.05811671978638814,0.0759627372026443,0.0484456866979599,0.4390560689692696,0.4640469253063202,0.4230541586875915,0.4883484647919734,0.6265380382537842,0.4151432812213897,-0.05806802612884585,-0.0482301861047744,-0.0759195983409881,0.5242801873634259,0.5543896555900574,0.501465916633606,0.5945338836560646,0.622160792350769,0.5720750689506531,0.05284996858244992,0.1466318219900131,-0.0543525367975235,0.4676150782033801,0.4829038083553314,0.4554950594902038,0.6095704386631647,0.6449078917503357,0.5949293375015259,-0.23672590389226875,-0.1495120376348495,-0.3372214436531067,0.5125258658081293,0.516124963760376,0.5085921287536621,0.7490811782578627,0.7565476298332214,0.7413245439529419,0.11376137554483039,0.308940052986145,-0.0149342957884073,0.44230641548832256,0.4453952014446258,0.4397686421871185,0.8007200794915358,0.8082008361816406,0.7943969964981079,-0.23995024741937718,-0.1968717873096466,-0.3211363852024078,0.5355240820596615,0.5486486554145813,0.5258263349533081,0.3430117179329197,0.5154696702957153,0.2224633246660232,0.04047602456891275,0.1253251582384109,-0.0341927334666252,0.4871354786058267,0.5043275952339172,0.4759458005428314,0.31104410455251735,0.492800623178482,0.1966214776039123,-0.1198625443842805,-0.0023995074443519,-0.2518265545368194,155.13248012334398,161.10308803462104,146.6976996741694,122.39892303611687,165.88431508705665,78.1078434912008,129.30604779663955,176.74814258241713,62.76968307532423,102.16044019544842,158.27388136364982,56.0512388979891,159.16044912987073,170.17667888961415,147.2533397217781,154.31992781775895,170.02394781999882,138.0059177470134,112.40990966161071,160.04098286006314,50.04017329401801,1
0.47065417210643107,0.4955523312091827,0.4529389441013336,0.48742800291914207,0.603619396686554,0.4201072156429291,0.063326203622497,0.0878196060657501,0.0418657548725605,0.4303084227901239,0.4567675590515136,0.4126632511615753,0.48147460273825204,0.6092622876167297,0.4178504645824432,-0.06328823972636685,-0.0416101180016994,-0.0879881307482719,0.5119641423225403,0.5421152710914612,0.4924463331699371,0.5796527954248282,0.5967580676078796,0.5619115829467773,0.07078237874800554,0.2202394306659698,-0.1094212904572486,0.4493338012924561,0.4740461707115173,0.4302958846092224,0.5968094961001322,0.6188850998878479,0.5855416059494019,-0.20834133200920546,-0.0517724193632602,-0.3892355859279632,0.49670372559474063,0.5024744868278503,0.4934619963169098,0.7371283408540946,0.7433030605316162,0.7309200167655945,0.18451334183359555,0.3778562247753143,-0.0146658504381775,0.42811206871500385,0.4323546588420868,0.4252761602401733,0.7860343089470496,0.7970308661460876,0.7776674032211304,-0.1685020589368203,0.0075612538494169,-0.349394828081131,0.5133032930585054,0.5318511128425598,0.4955361783504486,0.2945369433325071,0.488563597202301,0.1890481561422348,-2.7141399606571747e-05,0.0814887657761573,-0.0895183905959129,0.4514075371508415,0.4653831720352173,0.4390946626663208,0.2650271105365111,0.4757524132728576,0.1500664949417114,-0.17916221207437608,-0.0812951549887657,-0.2641805112361908,155.36062264580386,165.220588189162,150.0880333702553,123.7271051607702,179.3286008244817,62.71861794508627,124.5007037688095,178.6826439507678,45.1535398369316,106.00990211199361,166.14271763724153,42.01867154813513,161.2375235999019,168.95521845097062,155.50776976255403,156.75491494303608,176.95754081345927,127.62072502650588,109.22419283673129,159.4828176619774,38.98370344706933,1
0.47238918559418785,0.495473712682724,0.4529895484447479,0.47973425686359406,0.6034725904464722,0.4158839285373688,0.06369173399138225,0.0825061798095703,0.0445426516234874,0.4331118268547235,0.4580455124378204,0.4117737710475921,0.4739806710018052,0.6003658771514893,0.4142648577690124,-0.0636269279790145,-0.0442720428109169,-0.0826240926980972,0.513848399674451,0.5415413975715637,0.4963285326957702,0.5757224184495432,0.5942856669425964,0.555743396282196,0.0711077562828669,0.2185216397047042,-0.1097714975476265,0.4527177937604763,0.4746969044208526,0.4383549988269806,0.5946455956609161,0.6237173080444336,0.5807963609695435,-0.1971267659769014,-0.0358870401978492,-0.3939442336559295,0.5016861226823595,0.5054487586021423,0.4977110624313354,0.7344932125674354,0.7409869432449341,0.7288841009140015,0.1733550308291106,0.3644016087055206,-0.0242100432515144,0.4306429006435253,0.434553325176239,0.4274657368659973,0.7847833605828108,0.7946715950965881,0.7753421068191528,-0.1589359831608211,0.0304182786494493,-0.3559163212776184,0.5107341795055954,0.53285813331604,0.4931882619857788,0.2891462029958213,0.4991801977157593,0.1814762204885482,0.015277577643886346,0.1099879816174507,-0.0845496952533721,0.45485009584161973,0.4688819944858551,0.442579448223114,0.2626779467143394,0.478239506483078,0.1568595468997955,-0.17446862030084487,-0.0971713587641716,-0.2367326617240905,154.2577886854051,161.24742515614986,142.47256055270253,125.81051539667926,177.74655272481672,65.2994462942084,128.3992820335623,177.4858448062308,55.18710281181002,107.7801599286624,162.75953722437964,46.58737698174248,162.1365070543805,169.02682560976254,153.79793249965726,156.86958500460915,177.5862586935748,128.40074432786062,108.59656377697357,160.6283025668626,38.1593266575267,1
0.4740818362344395,0.4923374354839325,0.4500781893730163,0.4827441876584833,0.598436176776886,0.4240064918994903,0.06350823491811748,0.0854916423559188,0.0422183871269226,0.43352098275314677,0.4547772109508514,0.4105311930179596,0.4765226561914791,0.5975698828697205,0.4228405356407165,-0.06344195414673194,-0.0418986901640892,-0.0855975821614265,0.5106171052564275,0.5402734875679016,0.4936783015727997,0.5813956802541559,0.591576874256134,0.5639563202857971,0.09366341899572449,0.2629743814468384,-0.1018573120236396,0.44819447723301975,0.471840500831604,0.4352073669433594,0.6007097547704523,0.6166021227836609,0.5845862030982971,-0.1882117469541051,-0.0445051304996013,-0.3892912864685058,0.4968805039470846,0.5023154020309448,0.4931543469429016,0.7364391549067064,0.7447245121002197,0.7290043830871582,0.21516650481445884,0.449557363986969,0.0006072490941733,0.4278458072380586,0.4319131076335907,0.4251661300659179,0.7868554911830209,0.7972373962402344,0.7762227654457092,-0.1396395896688442,0.0071176975034177,-0.3680102527141571,0.5127207341519269,0.5306739211082458,0.493741899728775,0.28268732875585556,0.4808638989925384,0.1874612867832183,0.0016535059652100798,0.077230229973793,-0.092445783317089,0.4533986525102095,0.4660786688327789,0.4414012730121612,0.25332755893468856,0.4666397869586944,0.1581556648015976,-0.18664008561860432,-0.1183516010642051,-0.2799206376075744,153.9959690892938,161.8433346851506,144.0012881841454,128.36609994850573,177.47617866430062,59.35170604095047,132.09484510117449,177.28106758854557,45.42822319856199,112.2936988402685,166.50224013197874,41.05419304579378,159.96094955074457,165.55997536395893,153.81867096971246,158.08503652130065,177.94576276748342,128.04924295320305,112.83076293218663,156.44819806552704,42.27470311085377,1
0.47140426688141873,0.4930401742458343,0.4501785933971405,0.48540854650539356,0.5965458750724792,0.4244937300682068,0.06420634490448036,0.0861496478319168,0.0455771349370479,0.43080757312722257,0.4558750689029693,0.4091450870037079,0.4789037959916251,0.5891889333724976,0.4221943616867065,-0.06416532233521174,-0.0454107634723186,-0.0863113328814506,0.5113380276239835,0.5376968383789062,0.4954641163349151,0.579199058013958,0.5912849307060242,0.561297595500946,0.07327269182980552,0.2256279289722442,-0.0967659056186676,0.4497319581089439,0.4717952311038971,0.4348329603672027,0.597715784560193,0.6107687950134277,0.5823341012001038,-0.2067966068183983,-0.0443057492375373,-0.3980269432067871,0.4966120687159863,0.4999256432056427,0.4934404492378235,0.7374225285027053,0.7456499338150024,0.732642650604248,0.19480453834838266,0.3834945857524872,-0.0114902155473828,0.4279893911801852,0.431993305683136,0.4251587688922882,0.7875330264751728,0.7968757152557373,0.779468297958374,-0.1553998685691053,0.0168836656957864,-0.3729289174079895,0.5134761516864483,0.5276938080787659,0.4970312714576721,0.288359855557536,0.4638872444629669,0.1828330308198928,-0.012451116340413973,0.0751609057188034,-0.1146314293146133,0.4530881869268941,0.4596379101276397,0.4478587508201599,0.2611951918064893,0.4573795795440674,0.154947817325592,-0.1999585931445216,-0.1046479046344757,-0.2774749398231506,155.50224995094024,163.15687449114756,150.62124715691422,124.00977708122167,176.16957272817734,62.51079229675636,124.8079437124339,177.3227703243287,50.71929771367608,105.65686605464158,166.12824426816903,39.49680497552089,159.61846522399628,164.8997232016638,152.9484812324106,154.64282024948957,176.8658265667667,125.38438211153516,109.21870341066513,160.66840154956608,40.80499863897237,1
0.47495183944702146,0.4968487322330475,0.4536920487880707,0.478394724835049,0.593174397945404,0.4205226898193359,0.06238828260790214,0.0821439996361732,0.0420023053884506,0.43424882726235825,0.458164781332016,0.4132213890552521,0.4720181860707023,0.5916346311569214,0.4163520932197571,-0.0623381892049854,-0.0418100990355014,-0.0823138430714607,0.510845132578503,0.5400575995445251,0.4939255118370056,0.5793288713151759,0.5932004451751709,0.5581324100494385,0.08206231795907529,0.2736047506332397,-0.110272891819477,0.4482501048933376,0.4714683890342712,0.4328181147575378,0.597594332153147,0.6147671937942505,0.5790465474128723,-0.19335911839523098,-0.0442865304648876,-0.3977958261966705,0.4968551941893318,0.5006828308105469,0.4926308691501617,0.736560279672796,0.7444350123405457,0.7311379909515381,0.19796761033040555,0.4714493751525879,-0.0040282099507749,0.4277209999886426,0.4316878318786621,0.4253193438053131,0.7862319203940304,0.7955040335655212,0.7785152792930603,-0.15037318772996183,0.0014533306239172,-0.3585401475429535,0.5135817381468686,0.5355333089828491,0.4910633862018585,0.2807489641688087,0.48012775182724,0.1824919134378433,-0.0013660591519014454,0.0988015756011009,-0.1116065606474876,0.4529883306134831,0.4656685292720794,0.4423199892044067,0.2508512484756383,0.4635058343410492,0.1544012427330017,-0.18092363632538103,-0.0633004382252693,-0.2697320282459259,155.29453307782222,162.12879017533928,150.10713367993614,128.77867542781175,176.01246495185327,62.374899448787126,131.41938805538345,178.2588667770205,48.88690875770453,111.45102055823409,167.43134770878694,41.58897401756229,160.45621325703294,167.22230237711548,155.98225844629482,156.39823391154403,178.1170092138342,124.89590457908304,111.81519245574101,160.51832753338,41.265562080763154,1
0.47761286036534745,0.4990673363208771,0.45450559258461,0.4765223955566233,0.5918769836425781,0.4194070994853973,0.06239247061312194,0.0844623818993568,0.0437070801854133,0.43684360628778285,0.4615306258201599,0.4107293784618377,0.47028259580785575,0.5926868915557861,0.4162112176418304,-0.06233974427662108,-0.0434287786483764,-0.0845420211553573,0.5112898417494514,0.5416658520698547,0.4942674040794372,0.5818537668748336,0.5931424498558044,0.5643872022628784,0.09551375221715054,0.2317325174808502,-0.1050080433487892,0.44992691386829725,0.4729596674442291,0.4376414716243744,0.5992847919464112,0.6169983744621277,0.5828485488891602,-0.18786104785447771,-0.0412282720208168,-0.3981555104255676,0.4972470359368758,0.5012230277061462,0.4933965802192688,0.7369956905191595,0.7455270886421204,0.7320922017097473,0.21625707212369888,0.3913478553295135,-0.0140893179923295,0.4278191783211448,0.4321168065071106,0.4254707396030426,0.7871239602565765,0.7973657250404358,0.7799209356307983,-0.14809776918793263,0.0157904047518968,-0.3682585060596466,0.5161531391468915,0.533689558506012,0.4983941316604614,0.27703186869621277,0.4773703813552856,0.1862093210220337,0.0013963338725840305,0.0941824689507484,-0.1241946071386337,0.45621553036299617,0.4672058522701263,0.4468439817428589,0.24860840886831284,0.4728074371814728,0.1530659347772598,-0.1819759135219184,-0.09309733659029,-0.2768025994300842,154.205008840364,161.4528471922276,149.87111364514718,130.5991595525132,175.16637958435336,64.22259507719095,134.2093083769552,178.22505341525948,49.653351958807896,112.02200846300596,162.90338911964224,40.85805562271576,160.35400027306562,165.53446913158984,152.4182583233878,156.92108087578296,178.19435939209367,124.46154471094351,111.98093659835043,160.0143731228829,42.39248959404672,1
0.47665150234332454,0.4990831017494201,0.4535391926765442,0.4746993164030405,0.5898420810699463,0.4171283543109894,0.06116217890611057,0.0825056508183479,0.0445285178720951,0.4353751947100346,0.4602764546871185,0.4118897020816803,0.46796575074012464,0.5855249762535095,0.415512353181839,-0.06111523781258321,-0.0443167053163051,-0.0825513452291488,0.5118289498182443,0.5393473505973816,0.4957883059978485,0.5806755824730947,0.5913916230201721,0.5596714615821838,0.08358736594695634,0.2207236289978027,-0.1102158576250076,0.44965673238039017,0.4716083407402038,0.4372339248657226,0.5975493353146774,0.6121642589569092,0.5823912620544434,-0.19455910724802658,-0.0399448871612548,-0.3919415175914764,0.4974528505251958,0.5019716620445251,0.4939883053302765,0.7374107705859038,0.745875895023346,0.7308840751647949,0.19880985899250775,0.3719185590744018,-0.0104197980836033,0.4278755663679196,0.4311839342117309,0.4261840283870697,0.7863497991974537,0.7959729433059692,0.7779501080513,-0.1535322294445135,0.0211222004145383,-0.3686550855636596,0.5175227465537878,0.5378075838088989,0.5013067126274109,0.280145600438118,0.4774073362350464,0.182822048664093,-0.002874994935924551,0.0826413929462432,-0.1371539384126663,0.4559904984556712,0.4697917103767395,0.4492043554782867,0.2507645871776801,0.468337208032608,0.149684727191925,-0.17962790825046027,-0.0974338576197624,-0.2681127488613128,154.67539959173385,165.98570735718573,150.43000724075063,128.4256823362419,179.189381825791,64.31871447541629,131.77073709522287,179.00107099813968,47.44112645468543,109.62596486130528,163.0995323187712,41.79903912253166,160.5683026637816,165.05118742418202,154.7867473016603,156.44390377177595,178.4334125197142,122.40946700156384,111.32905426716808,160.21471503236316,41.04401228268416,1
0.472933156149728,0.4988955557346344,0.4521068632602691,0.4886980601111237,0.5997561812400818,0.4172870814800262,0.06323853074287877,0.0832411274313926,0.0441588275134563,0.4324473382867112,0.459668904542923,0.4104075133800506,0.48298600680974063,0.600308895111084,0.4155794084072113,-0.0632059853904101,-0.0440301187336444,-0.0833515301346778,0.5128885750867882,0.5388607382774353,0.4949463605880737,0.5813110926929785,0.5934813618659973,0.5638502836227417,0.08156016734618769,0.2237381339073181,-0.0949894040822982,0.45093950933339644,0.4703678488731384,0.4351008832454681,0.5995259443107916,0.6139007210731506,0.5804306864738464,-0.20221964085512623,-0.0305390767753124,-0.401712954044342,0.49690351863296667,0.5008730292320251,0.4930846393108368,0.7370221608755539,0.7455195784568787,0.7307031154632568,0.20630652141966382,0.3765783309936523,0.0094193685799837,0.4280765330304905,0.4311548471450805,0.4255824983119964,0.7874306111919637,0.7973998188972473,0.7781075835227966,-0.1462026349036023,0.0340537764132022,-0.3725177049636841,0.5127146386978577,0.5276558995246887,0.498221755027771,0.28786145910924793,0.4739319384098053,0.1797087043523788,-0.014941724922450975,0.0991315171122551,-0.1027204468846321,0.45104143631701565,0.4602581858634949,0.443949431180954,0.26211458611853267,0.4754632413387298,0.1501275449991226,-0.1995530296497199,-0.1116205155849456,-0.2615176737308502,155.4393048287499,166.0960817516855,147.3908543378818,122.51117694789475,176.00154012426356,57.62573991458862,125.15837124987709,178.25734328299228,43.67692577974497,105.84420349606062,168.5841081120923,38.124778480492,159.54523415107303,163.46005978421525,144.51724064247873,154.62051297345954,178.4024760361923,127.18274230738996,109.5937322822768,158.79739480206192,40.91631107911773,1
0.47678038505492387,0.5006544589996338,0.4542574882507324,0.4772583304180039,0.6006672382354736,0.4227355718612671,0.062467201647383154,0.0852570086717605,0.0427052155137062,0.43602051861860136,0.4619356393814087,0.4119238257408142,0.4715430259152695,0.6008611917495728,0.4183856248855591,-0.06241197915126876,-0.0423941351473331,-0.0854067653417587,0.5111438910718318,0.5388933420181274,0.4967880845069885,0.5803895846561149,0.5906423330307007,0.5617898106575012,0.08451227366404729,0.2263761460781097,-0.1169233322143554,0.4495625799452817,0.469530701637268,0.4371602237224579,0.5978194386870773,0.6132585406303406,0.5819743871688843,-0.1940787468381502,-0.0375779718160629,-0.4135304689407348,0.4973291986518436,0.5011710524559021,0.4942580759525299,0.7373470432228513,0.7454584240913391,0.732691764831543,0.1990700163361099,0.3834633529186249,-0.0054410607554018,0.4277913813237791,0.4316769242286682,0.4263130724430084,0.7868083952753632,0.7972244620323181,0.7764577269554138,-0.15443556932559996,0.0232870895415544,-0.3775184750556946,0.5141760759331562,0.5309389233589172,0.4970183670520782,0.27612247773342663,0.4828459620475769,0.1766299754381179,0.007594068412867339,0.0991164147853851,-0.1083843559026718,0.45356835010978913,0.4643228948116302,0.4469464719295501,0.25020953419583813,0.4761604070663452,0.1499406844377517,-0.17979570202253484,-0.0975961461663246,-0.2742736637592315,154.54121431770747,163.58739401136137,145.7126821598467,128.58813428851283,175.8273919072078,64.4139685065413,131.7971160366403,178.78734949959787,50.4460819228274,110.46946197200936,163.13545552664942,42.5681387309755,161.2754355850322,166.4896090118119,154.49194390442543,158.04412750971625,178.8098715918742,127.36283706665856,110.7377171540813,160.60533897577528,37.65961240757181,1
0.4708449656880179,0.5013039708137512,0.4519164264202118,0.4934769827266072,0.5984174013137817,0.4209265410900116,0.06319229261473162,0.0867184624075889,0.043680403381586,0.4299121897581012,0.4623493552207947,0.4096013605594635,0.4858623594045639,0.596528947353363,0.4164031744003296,-0.0631605184875255,-0.0433402508497238,-0.0868536010384559,0.5147585404473681,0.5410997271537781,0.4937607944011688,0.5805798387804697,0.5928877592086792,0.5609515905380249,0.06848507803908094,0.2335660904645919,-0.0905686989426612,0.4524938859218775,0.4715176820755005,0.4358720183372497,0.597953433214232,0.6218941807746887,0.5839288234710693,-0.21891810459106467,-0.0230570808053016,-0.4100810885429382,0.49763817738655003,0.5019571185112,0.4938135743141174,0.7378674260405607,0.7425324320793152,0.7328739762306213,0.1871320012231631,0.3884822130203247,0.0001132830075221,0.4283661977496258,0.4321182370185852,0.4255980551242828,0.7875538932722669,0.7963377237319946,0.7789998650550842,-0.16094486426757,0.0667138248682022,-0.3728894293308258,0.5171369289936021,0.531434953212738,0.4916824102401733,0.3043053650925326,0.4843534231185913,0.1810584664344787,-0.01981756608692255,0.1073837280273437,-0.1090199723839759,0.455528719134109,0.464327722787857,0.4423464238643646,0.27853210911501286,0.4805687665939331,0.1500260084867477,-0.20233006749388782,-0.0763682872056961,-0.2780044376850128,154.96389304118355,162.97794582707425,149.46537438179968,117.10941056105523,174.85455813137492,66.29168808029043,120.36957547408068,178.35406202913626,52.59986093077804,98.7646858584728,171.05565943402542,40.40044022729794,159.51996521918696,165.90601061544444,151.04941351867632,149.95436338403442,174.50672935148958,126.9514547643764,103.53099723667846,160.76072923687985,39.91625620849267,1
0.46788371424630004,0.4888943433761596,0.4523769915103912,0.49459910870723006,0.6074019074440002,0.425394058227539,0.06467280695039142,0.0876738056540489,0.0420595668256282,0.426812100522923,0.4512720704078674,0.4118222892284393,0.4897250010157531,0.6092681884765625,0.4246313273906708,-0.06462295230407755,-0.0417647920548915,-0.0877961441874504,0.5144844178883534,0.5452806949615479,0.4913612008094787,0.5787141519897389,0.6010251045227051,0.5621668100357056,0.0718342187493397,0.232828602194786,-0.1137861832976341,0.45095418224919515,0.4761450886726379,0.4323711097240448,0.5979936291586678,0.6297786831855774,0.582868754863739,-0.20521750979406653,-0.0314143523573875,-0.3779186606407165,0.4970493808669864,0.5020008683204651,0.4928382635116577,0.7378272605392168,0.7443165183067322,0.7326063513755798,0.18689833580678822,0.4017452895641327,-0.0061976653523743,0.42771644693500593,0.4318081140518188,0.4245772659778595,0.7870877025262365,0.7995966672897339,0.7794873714447021,-0.1512836989340425,0.0649436563253402,-0.3548582792282104,0.5151105497805577,0.540378212928772,0.4931212663650512,0.30712838358474226,0.4993701577186584,0.1822237968444824,-0.01758201610854878,0.0715009793639183,-0.1238202825188636,0.45366294035371746,0.4686991572380066,0.4444621503353119,0.27852070345631186,0.4807142913341522,0.1522507816553115,-0.1991836780084754,-0.1315473020076751,-0.2894481122493744,155.0576759302116,161.38922907716082,151.01884171599863,118.44882223357426,176.85642291227362,58.65566789108159,121.54141087214741,176.37363008343698,48.99358724825039,100.68096884353709,170.41757838276916,44.17050386162357,159.02137964098534,166.03253966732638,128.35149485772448,151.50846680306543,178.1928377508299,118.82911887974096,110.26220053251919,161.6381416793036,40.54397228202834,1
0.4702994558182392,0.4925393462181091,0.4561949670314789,0.49782899709848255,0.6138045191764832,0.4130802154541015,0.06276717131118194,0.0837263017892837,0.0444890074431896,0.4299513930147821,0.4559240341186523,0.4153332710266113,0.4914790192148188,0.6194156408309937,0.4104936122894287,-0.06269214564299841,-0.0442577637732028,-0.0838229432702064,0.5210038816535866,0.5463441610336304,0.4988526701927185,0.5774329383294661,0.5977358222007751,0.5625624060630798,0.056955151248065716,0.2291392683982849,-0.0963787585496902,0.4569081166288355,0.4738056361675262,0.4410532116889953,0.5966247418424585,0.6201643943786621,0.5846839547157288,-0.22455906401296238,-0.0587279424071311,-0.3503938019275665,0.5027573842268723,0.5070677995681763,0.4959219396114349,0.7363928916690113,0.7456123232841492,0.7301229238510132,0.16781515696669344,0.3846198916435241,-0.0167492423206567,0.43147905482040655,0.4353975653648376,0.4282884895801544,0.7872508770816928,0.7997419834136963,0.7789791822433472,-0.17985065920012333,-0.0272536687552928,-0.3174983263015747,0.520667803811503,0.5329405665397644,0.5026653409004211,0.31638086267880033,0.490189790725708,0.1876572519540786,-0.0035158652965117413,0.0853449627757072,-0.089237704873085,0.46164786651894285,0.4743450284004211,0.4497010409832001,0.29027746044672453,0.4839664697647095,0.1535659581422805,-0.1861609066580678,-0.1139915436506271,-0.2697705328464508,154.99853464272422,163.29814638321625,141.45703954375708,113.66408321386699,178.02536249290063,68.03421410761084,115.58045509614642,177.1290748241705,53.73653386059395,94.32162453544515,167.43332844415855,44.98327779012852,160.91577900700437,169.02265122070224,155.16324735118238,153.5111362092126,176.2392300203874,131.77590625320894,103.03682493183541,160.12723886797488,42.2951769653356,1
0.4764837938050429,0.494197815656662,0.4529556334018707,0.47428088337183,0.6043800115585327,0.414215624332428,0.06355988169088955,0.0789118930697441,0.043082095682621,0.4368368906279405,0.4587508141994476,0.4128161966800689,0.4686678635577361,0.6039984226226807,0.4118878543376922,-0.06349501113096868,-0.0428341291844844,-0.0789412632584571,0.5133519706626734,0.5444406867027283,0.4943669438362121,0.5781441653768221,0.595309853553772,0.5615207552909851,0.0810520509602308,0.2508486211299896,-0.0838088616728782,0.4523751579225063,0.4766928851604461,0.4390395283699035,0.5970024888714155,0.6255925297737122,0.5819908976554871,-0.18920741034671665,-0.0355952344834804,-0.3738859891891479,0.5020131729543209,0.5056683421134949,0.4979940056800842,0.7345566799243292,0.7419620156288147,0.7295354604721069,0.18554796328559556,0.4207557141780853,-0.0032000576611608,0.43060612281163535,0.4342753291130066,0.4285301864147186,0.7850077455242475,0.7980102300643921,0.7766656875610352,-0.1519043279152053,0.0344236269593238,-0.34439617395401,0.5121621904273828,0.5397738814353943,0.493556797504425,0.27967220234374207,0.4872605502605438,0.1812673658132553,0.022161123248224605,0.113942950963974,-0.1077941134572029,0.45679005483786267,0.4690038561820984,0.4497803151607513,0.25483706369996073,0.4903779327869415,0.1541709154844284,-0.1693067587291201,-0.0849516615271568,-0.2522530257701874,153.76979483615432,164.1309134640721,136.2866895106619,129.4247369353049,178.59702218415126,63.48382300800067,132.67460485634763,179.24445499704345,49.28200152533783,112.24190036321174,166.86848995851958,43.3976195857563,162.43721801302647,168.52168344518984,141.68674118140297,156.5803571616473,177.68921123149403,127.2298369350672,110.46072116501347,160.898714496714,36.770065789861874,1
0.47334512195201833,0.4972087144851684,0.4556374549865722,0.4872504638301002,0.6064727902412415,0.4150005877017975,0.06167163018776908,0.0821493566036224,0.0441530346870422,0.4334266787827617,0.4569429457187652,0.4156115353107452,0.48192453444606126,0.6150137782096863,0.4120658040046692,-0.06159734575435363,-0.0439010076224803,-0.0822741687297821,0.5181501254890905,0.5457176566123962,0.4980578422546386,0.5784903963406881,0.59881991147995,0.5618756413459778,0.061973583684191154,0.2081575840711593,-0.0924624279141426,0.45481947606260126,0.4756380319595337,0.4386927187442779,0.5973942460435809,0.6172621846199036,0.5838850736618042,-0.21648578552736175,-0.0568764768540859,-0.3765054941177368,0.5029963724540941,0.5080000758171082,0.4982017576694488,0.735612214815737,0.745412290096283,0.7298882603645325,0.16466115559968683,0.3518223762512207,-0.0265317242592573,0.43132002787156537,0.4355610311031341,0.4286603033542633,0.7872676915592618,0.7981570959091187,0.7777647376060486,-0.18666530554794303,-0.0238754376769065,-0.3318627774715423,0.5186700381413855,0.5316530466079712,0.4962272644042969,0.2982452940760237,0.4909869134426117,0.1818692237138748,0.014019692021791333,0.0981080830097198,-0.069414310157299,0.4606673840922539,0.4751085340976715,0.4524114429950714,0.2714779953462909,0.4770607352256775,0.1500643342733383,-0.16466747991966474,-0.0561847910284996,-0.2524595558643341,153.86248036043648,163.3537480004401,140.37483022154802,122.16521107635846,176.09002493894235,68.17546724087391,122.76607255645918,178.08477060882922,56.077316338208746,103.37575610141033,163.14201678840172,44.56387839354582,162.4444692254123,170.5021916682818,155.13644766069206,156.44112534319618,177.7003944438736,135.03402550138233,105.97636319381603,160.3234627592903,45.64859290108959,1
0.4777217715158375,0.4974164366722107,0.4585340619087219,0.47592532798784587,0.5974270701408386,0.4091718792915344,0.06237555513961594,0.0809535086154937,0.0436180680990219,0.43802971249326655,0.4596072435379028,0.4171778559684753,0.46938725813813165,0.6045889258384705,0.405600368976593,-0.062326146101732816,-0.0434435531497001,-0.0810564532876014,0.5166743157106802,0.5444250106811523,0.5004066228866577,0.5788779400904244,0.593220591545105,0.5644230246543884,0.08435309210356895,0.2342797666788101,-0.1019050106406211,0.45431923811588815,0.4744578301906585,0.4413336813449859,0.5959947847445076,0.6119588613510132,0.5860377550125122,-0.20254267663310427,-0.0822811797261238,-0.405433714389801,0.5030888507672406,0.5084792375564575,0.4987695515155792,0.7347355189673398,0.7414776086807251,0.7279600501060486,0.19331207937441355,0.4004457294940948,-0.009056469425559,0.4311386371424439,0.4354090988636017,0.4278937876224518,0.785779751222068,0.7975491285324097,0.7785782217979431,-0.17880152914365496,-0.0567192547023296,-0.3724287748336792,0.5164304974429105,0.5335242748260498,0.4988778233528137,0.2821667082265976,0.4783255159854889,0.185239166021347,0.025978203473875403,0.1206611543893814,-0.0794390812516212,0.459083418233679,0.4693842530250549,0.4511045813560486,0.2533931168941183,0.4781004786491394,0.152128592133522,-0.1546995784027861,-0.05128014087677,-0.2446142882108688,153.87958520009323,166.23244091515303,144.51661498759938,129.3003877722021,177.7316071524303,66.03011530955999,131.2409250404296,178.5259131045663,53.46359082625008,111.70491603139607,165.91056745701485,43.56274953982211,163.48809466457266,172.80795899321248,150.46208608604516,157.22774251084965,176.6408656724686,130.32518927511697,109.09051004690224,159.7706148179289,43.391793489553066,1
0.4762453760419573,0.4989742636680603,0.4532917141914367,0.47116037777491976,0.5940243005752563,0.4103629887104034,0.06167875460925551,0.0820670202374458,0.0423988886177539,0.436558069785436,0.4600309729576111,0.4115369021892547,0.4640153209368388,0.591374397277832,0.4029541909694671,-0.061637740617706625,-0.0422407314181327,-0.082179270684719,0.5129966761384691,0.5408065915107727,0.4975967407226562,0.5769813628423781,0.5873355269432068,0.5586320161819458,0.07819075689296283,0.2166959941387176,-0.0924464166164398,0.4524340538751511,0.4722098708152771,0.4406118988990783,0.5941745508284796,0.612021267414093,0.5818986892700195,-0.19414140465004104,-0.0416068285703659,-0.3678875565528869,0.5028713995502109,0.506217360496521,0.4982650876045227,0.7340809810729254,0.7406293749809265,0.7291297912597656,0.18162795942986296,0.363432914018631,-0.0321896374225616,0.4304086744785309,0.4345549046993255,0.427572101354599,0.7857487576348441,0.7947102785110474,0.7797082662582397,-0.16773890119844248,0.0077660530805587,-0.3182410299777984,0.5132677705514999,0.5294440388679504,0.4939803183078766,0.27561086146604447,0.4810577929019928,0.1779640465974807,0.023981702898440527,0.1247624531388282,-0.0866183713078498,0.45687427180153983,0.4673276841640472,0.4488891959190368,0.24800006988502685,0.4566118717193603,0.1534124910831451,-0.15427596384570708,-0.0376398414373397,-0.255126029253006,153.76443818083257,162.48692517005537,149.54530119277666,130.96658239634786,176.37217652411417,62.69035914786107,133.31097427736745,178.5722308629708,51.68317714053848,113.93994004789222,165.85895652297984,43.42040412643621,163.31119693006374,170.1847096301624,152.86374319942544,157.31490767266047,177.9549781761421,127.3255539039264,110.56641303689292,159.24993751953252,41.516375262786646,1
0.4795164771770176,0.5025312900543213,0.4555571377277374,0.4687725634951341,0.5963844656944275,0.4134355783462524,0.05948471794264354,0.0816185921430587,0.0426055714488029,0.4394158862139049,0.46426722407341,0.4141060411930084,0.46255310036634145,0.6022379994392395,0.4059102535247803,-0.05943430924232587,-0.042391899973154,-0.0817088633775711,0.5134233570935434,0.5401742458343506,0.4981715381145477,0.5790095371112489,0.5903613567352295,0.5581121444702148,0.08342189548529218,0.2308791428804397,-0.0875501558184623,0.4522258377911752,0.4731845557689667,0.4401510953903198,0.5960186531669215,0.6172678470611572,0.5820109844207764,-0.19080375076124542,-0.0732192546129226,-0.3795000314712524,0.5028419094650369,0.5069596767425537,0.498867005109787,0.7351237373393879,0.7436884641647339,0.7286765575408936,0.18367300231929812,0.394674003124237,-0.0065424689091742,0.43061135395577077,0.4348637759685516,0.4285578429698944,0.7860647241274515,0.7989644408226013,0.7771943807601929,-0.17185470161207936,-0.0465365201234817,-0.3397612273693084,0.5174582997957865,0.5318710803985596,0.5004317164421082,0.2752410258378899,0.4938468635082245,0.1905976682901382,0.026682425796854918,0.1177191287279129,-0.0804763585329055,0.45973125387702074,0.470220685005188,0.4545966386795044,0.2435166936433106,0.4789024591445923,0.1493369489908218,-0.14312189386079185,-0.0511606931686401,-0.2465782463550567,153.91689108097725,159.07248126934917,149.8429851315684,133.20633933209803,177.8355154427592,66.77945417804396,136.3983474209122,178.68056799156028,57.05639754165226,116.02961823932323,167.89203346221984,46.28417901636266,163.72883667604847,173.61764187503002,154.25940046219958,157.77827442501473,176.1939201703232,130.374816310445,113.8962504375319,159.40961949854866,42.14972980180931,1
0.47881891826788586,0.49977508187294,0.4547367691993713,0.4690890003714645,0.5913731455802917,0.4125665128231048,0.06251674730396056,0.0830185413360595,0.042065680027008,0.4394813399565847,0.4627939760684967,0.4133143723011017,0.462471260574826,0.5949638485908508,0.4081048369407654,-0.06245943727461912,-0.0418242216110229,-0.0831020772457122,0.513414547893039,0.5399416089057922,0.4992555379867553,0.5788158769147438,0.5887095332145691,0.5623533129692078,0.07987259961909761,0.2067674249410629,-0.0974955260753631,0.4527592972705239,0.4723391830921173,0.4428363442420959,0.5959870370856503,0.6099472045898438,0.5817691683769226,-0.19146650523078024,-0.0571608059108257,-0.3913939893245697,0.5033798060919109,0.507239580154419,0.499498188495636,0.7342803520068788,0.7409625053405762,0.7279834747314453,0.18143532593099385,0.3473895192146301,-0.0145347146317362,0.4308453144734366,0.4346929788589477,0.4292197525501251,0.7859841935467302,0.7948549389839172,0.7795575857162476,-0.1670742006972432,-0.0180932898074388,-0.3552025854587555,0.5132133278407549,0.5316846966743469,0.4998402893543243,0.2712186382789361,0.4793149530887604,0.1850550472736358,0.03350883609974724,0.1200631037354469,-0.0938292741775512,0.4576657126870072,0.4666904211044311,0.4512978196144104,0.24275898345206914,0.4654368758201599,0.1494497507810592,-0.14978755409257455,-0.050072681158781,-0.2518119215965271,153.1676938699103,161.1397989271904,149.10476286990956,133.3427425329355,176.32615789227663,61.26719704947754,135.18085002572494,178.4997938162221,50.48654525192025,116.96928882084815,164.74205404179227,42.13406265472334,163.63724653747053,171.0809457185494,153.77303268422716,158.0174744325979,176.40944474764171,128.28716396865,112.768508931258,160.47523058106228,41.552251484895855,1
0.4791657468220135,0.5017327666282654,0.4577905237674713,0.47071174887923506,0.5997247099876404,0.4125885367393493,0.06125090982731394,0.0815182477235794,0.0427323728799819,0.4397505964781787,0.4646901488304138,0.4165497124195099,0.4643869907469363,0.5967938303947449,0.4090776443481445,-0.06119579217723894,-0.0425396114587783,-0.0816292911767959,0.5144939615919784,0.5421217083930969,0.5005679726600647,0.5793440900407396,0.5904134511947632,0.5595632791519165,0.07735627905364979,0.2161123156547546,-0.0980900600552558,0.4527376758622694,0.4745389223098755,0.4420218169689178,0.596942604125083,0.6153523325920105,0.5814271569252014,-0.19223892118211264,-0.0580836273729801,-0.4062954485416412,0.5032906142977981,0.5070453882217407,0.4992521703243255,0.7341322190052754,0.741757869720459,0.727924644947052,0.17946049092790564,0.3596158623695373,-0.0328307896852493,0.4309394214604352,0.4349385797977447,0.428823173046112,0.7862163980801901,0.7966960668563843,0.7763233780860901,-0.16526478238672285,-0.0208294615149498,-0.3586298823356628,0.5137997930114334,0.5354043841362,0.4945769906044006,0.2727109840861312,0.4780466854572296,0.1849812418222427,0.027389233038332815,0.1147032529115676,-0.1042525246739387,0.4591562406973796,0.4679607152938843,0.4514779448509216,0.2452897946308325,0.465178519487381,0.154169276356697,-0.1537031316206799,-0.0588282756507396,-0.2503174245357513,153.92328427275066,164.88527042249984,147.4251351511401,132.49469346291178,177.28461153327052,64.71616898213263,134.437914570415,177.34870728349955,52.000072576294,115.80201788920138,168.02590134226077,41.22560428644747,162.61847571675804,170.431247600003,147.06876364869896,158.19761599514203,175.71953178121336,126.686769629908,113.73894268273685,160.0313472734104,39.52301995293079,1
0.48071509737659385,0.5045665502548218,0.4541102051734924,0.47091314417344554,0.5929326415061951,0.4099850952625274,0.05850441608991885,0.0797082707285881,0.039516095072031,0.43995609824304227,0.4638245403766632,0.4117664694786072,0.46409426243216906,0.5943282246589661,0.4067773222923279,-0.05844778995271077,-0.0393304303288459,-0.0797839388251304,0.5153109453342579,0.5414662957191467,0.5004085898399353,0.5809859732786814,0.5925890207290649,0.5634924173355103,0.08458490388821466,0.2147893756628036,-0.0992200821638107,0.45380895364063756,0.4736450314521789,0.4427176415920257,0.5962649639006015,0.6159491539001465,0.5819892883300781,-0.19771401128835148,-0.0594143122434616,-0.3914158046245575,0.5033596417418232,0.5066953897476196,0.4999364614486694,0.7350969987886923,0.7410835027694702,0.7312583923339844,0.19203661764105265,0.363804817199707,-0.027951018884778,0.43111163322572355,0.4347677826881408,0.4293441772460937,0.7859920075646153,0.7970112562179565,0.7789437770843506,-0.17602606735157747,-0.017318807542324,-0.3602649867534637,0.521125884519683,0.5352410674095154,0.5087683200836182,0.2804808162704662,0.4808340072631836,0.192455917596817,0.014283648614461223,0.1104680523276329,-0.1051215678453445,0.4604674439739298,0.4666429162025451,0.4557058215141296,0.2496590737115454,0.476864218711853,0.1486142724752426,-0.1521280728349531,-0.0462277717888355,-0.2501141428947449,153.93226354541926,163.0553367380792,149.45828098930613,131.27867999296927,177.79114286112488,65.16615013229821,134.52914155321207,178.84777244506682,54.4765365486784,112.11254884292393,167.39574966637127,39.361065418742726,163.32834130581983,170.28750375848327,154.8451365297295,155.24415605478643,174.03856317582483,125.61762900291002,110.16111002076728,158.66626761528758,38.93513779175469,1
0.4812868948166187,0.5066477656364441,0.4554373323917389,0.47127725929021835,0.5899224877357483,0.4166971445083618,0.062008548671236355,0.0875124186277389,0.0409220196306705,0.4411576653902347,0.466324508190155,0.4131008088588714,0.464217073069169,0.5877031683921814,0.4093767404556274,-0.06196294993591992,-0.0407839082181453,-0.0877251401543617,0.514622761366459,0.5426951050758362,0.4997905492782593,0.5811735804264362,0.590831995010376,0.5657928586006165,0.09098116456432483,0.2331897169351577,-0.0881611779332161,0.4548064037584342,0.4750114381313324,0.444799542427063,0.5969612311858398,0.6146081686019897,0.5835172533988953,-0.18076547844192156,-0.0358722396194934,-0.3838358521461487,0.502811421568577,0.5071699023246765,0.4999359846115112,0.7361581864265295,0.7445535659790039,0.7324101328849792,0.1980426598322363,0.3914461135864258,-0.0171785727143287,0.4310423766191189,0.4348290860652923,0.4294406771659851,0.7856595653754014,0.7928412556648254,0.7807628512382507,-0.1433887943276204,0.0261748917400836,-0.3648013174533844,0.5180491891044837,0.5361947417259216,0.5005651116371155,0.2735288869589567,0.4908391833305359,0.1821071654558181,0.02004718220828531,0.1065351217985153,-0.094282791018486,0.46098913338321906,0.4710741341114044,0.4528377950191498,0.24721299169155267,0.4683623909950256,0.1487964391708374,-0.16658103100668922,-0.0618139877915382,-0.2999773621559143,154.76548944556978,161.76247536684474,145.76964053013705,131.75364757642316,175.67716970212274,65.53034933442488,136.34232981994697,179.16686001097597,52.38980974833335,115.08993884135786,166.1047779660962,43.30901722855489,161.9437212509351,168.71149165010652,151.16836929439154,156.97130142234317,177.56944052893647,125.90942393947104,113.12511758978546,159.64402323693588,42.35923832057002,1
0.48060979726521863,0.5073648691177368,0.4686096608638763,0.5050222698761069,0.6459595561027527,0.4248234927654266,0.058172242877923885,0.0711963102221489,0.0448438189923763,0.44130194932222366,0.4671696424484253,0.4318921267986297,0.48919261862402375,0.6337193846702576,0.4113325476646423,-0.05813711201367166,-0.0446393005549907,-0.0711801722645759,0.5279423380675523,0.5584343671798706,0.5042576193809509,0.5962356367836827,0.6266735792160034,0.5771479606628418,0.06175335052640822,0.1527433097362518,-0.0447996146976947,0.46672824770212173,0.4832988083362579,0.4577401578426361,0.6074876377116079,0.6336361169815063,0.5924414396286011,-0.24174131274871205,-0.136088952422142,-0.3312644362449646,0.5142009472069533,0.5169712901115417,0.5106285810470581,0.7491448469783949,0.7571973204612732,0.7412324547767639,0.1300581397650682,0.2629650831222534,0.0313603095710277,0.44681284317503805,0.4514000713825226,0.4422008395195007,0.8036920616160268,0.8148788809776306,0.7983231544494629,-0.25609265284045885,-0.1819861531257629,-0.3171907067298889,0.5360549519891324,0.5459426641464233,0.5187197923660278,0.3478820285071497,0.5212275385856628,0.2323841303586959,0.04836104849464785,0.1313627958297729,-0.0454269386827945,0.48573461660872336,0.5027647018432617,0.4726672172546386,0.3066040240228176,0.4810087978839874,0.1963614076375961,-0.10904763550649434,-0.0015178255271166,-0.2401726990938186,154.93317870700582,166.97087098648635,148.00921976499853,124.21993526225818,173.0511890480864,75.29730293456298,125.89543870325157,177.32202812952883,57.433215529100885,104.62101274104006,167.19679272454343,51.17003089468299,160.76357932898392,173.1897326017031,143.64398066829816,155.27903003052634,168.68051118636728,142.30616546654733,109.00726356636375,156.90132235234287,47.60419998554124,1
0.48373819183517286,0.5094507336616516,0.4671260118484497,0.4997734974373828,0.6427397727966309,0.4257575273513794,0.057911524651469704,0.07227274030447,0.0426600091159343,0.4451032084423107,0.4690845906734466,0.4307522773742676,0.4847904568190103,0.6331735253334045,0.4118954539299011,-0.05785045166919515,-0.0424244999885559,-0.0722517967224121,0.5282399418589833,0.5598805546760559,0.5058293342590332,0.5948168674668113,0.625731885433197,0.5760482549667358,0.07506102117438604,0.1969909816980362,-0.0366927981376647,0.4676369160086244,0.4830343127250671,0.4562409222126007,0.6088145683099936,0.6383170485496521,0.5944940447807312,-0.2295001758323921,-0.1431473642587661,-0.3373382687568664,0.5145610597107436,0.5180108547210693,0.5099273324012756,0.7475279975723435,0.753192126750946,0.7431418299674988,0.14545710597719463,0.336908221244812,0.0302430428564548,0.44665946115504257,0.4511830508708954,0.4439093768596649,0.800999315230401,0.8116345405578613,0.7954884767532349,-0.24776163205995663,-0.1667160242795944,-0.3296732604503631,0.5395766706257076,0.5487869381904602,0.5299044251441956,0.3407971387381082,0.5215896964073181,0.2316337972879409,0.04773523658242172,0.1192979589104652,-0.0333854705095291,0.49041640562015576,0.5051011443138123,0.4804472625255584,0.2992849349975586,0.4829679131507873,0.1945175677537918,-0.10882584228702295,-0.0274145063012838,-0.2403623759746551,154.49602144535666,160.71732835910132,148.38945910039362,128.46209773260142,170.63425395753373,74.06958023854735,131.79825589425818,177.14922114985856,61.24037460379893,107.79097357481268,160.39910935890248,51.0833129008808,161.0563120680155,171.76215794766935,147.37588620858753,155.60655863351988,169.61729121898043,141.75416097467328,112.37533568770938,154.2151799076855,46.70447189400901,1
0.4767954222534014,0.5045288801193237,0.4566223919391632,0.47418504124102384,0.5977943539619446,0.4154157340526581,0.0639887701881968,0.0795540437102317,0.0420052334666252,0.4379473362279975,0.4633287191390991,0.41548952460289,0.4686440040235934,0.5994617938995361,0.4106892347335815,-0.06394363259491709,-0.0416944175958633,-0.0796182006597518,0.513249694523604,0.539993405342102,0.4941768050193786,0.5786418458689814,0.5907593965530396,0.5613099932670593,0.08229333924979944,0.2190070450305938,-0.112273670732975,0.4529617708662282,0.4720368683338165,0.4417724013328552,0.5965197428413059,0.6190910935401917,0.5832629203796387,-0.18407628808332527,-0.0481037162244319,-0.3976906836032867,0.5019152985966724,0.5052529573440552,0.4973698556423187,0.7351106296414914,0.7409825921058655,0.7295785546302795,0.18938670713440567,0.3623442053794861,-0.0411176495254039,0.43105253784552866,0.4350101053714752,0.4293074011802673,0.7848875693652941,0.7957560420036316,0.77657550573349,-0.13849276682847864,0.0048770322464406,-0.3745186030864715,0.5132184655770011,0.5347191691398621,0.4946311414241791,0.2780101119176201,0.492819607257843,0.1727542579174041,0.016404888364733146,0.1034367829561233,-0.0945780500769615,0.4581783649714097,0.4667004644870758,0.450998991727829,0.25402151255503946,0.4796047210693359,0.1536760777235031,-0.17789752237174822,-0.069998599588871,-0.2622545659542084,153.49980631206148,160.5969331233645,143.0170557966326,128.77357202248132,175.74158078622412,67.01241670240623,132.30744756605415,178.1059396155192,55.31778398358392,112.4065753026187,172.5334024865912,42.353213747746615,161.21468011515105,167.5361607363952,154.30247772931267,157.31912307409763,178.04245496759225,125.0454183683865,110.95755332699603,159.93546097411695,38.78072456368783,1
0.4863384855645044,0.5139353275299072,0.4693300127983093,0.4940005388795113,0.6363816857337952,0.4234980344772339,0.057797727764260974,0.0700116157531738,0.0444118790328502,0.4485632555217159,0.4763637483119964,0.43421071767807,0.4802252625932499,0.628386914730072,0.4139502048492431,-0.05769868449745125,-0.0441115014255046,-0.0699704885482788,0.5287352757794517,0.5616203546524048,0.5078330636024475,0.5948221908540142,0.6227997541427612,0.5754203796386719,0.08492224272435565,0.2102218121290207,-0.0185711253434419,0.4700139167965675,0.4890364110469818,0.4571324288845062,0.6088184659578362,0.6375905871391296,0.5966089963912964,-0.22340833258872128,-0.1292828023433685,-0.3296807706356048,0.5149575411056986,0.519316554069519,0.5107945203781128,0.7470726024131386,0.7514797449111938,0.7412066459655762,0.16000757003393096,0.3753228187561035,0.0026765912771224,0.4471267087727177,0.4502959251403808,0.4432104825973511,0.7991751116149279,0.8076186180114746,0.7923802733421326,-0.24497519494319447,-0.1643864810466766,-0.3277231752872467,0.5432971168537529,0.5534355044364929,0.5268461108207703,0.3326362117516751,0.517734169960022,0.2256240397691726,0.04024334222658021,0.1015606820583343,-0.0202286597341299,0.49513452332846974,0.5131182074546814,0.4801690280437469,0.29413724173696676,0.4872996509075165,0.1855986416339874,-0.11973088941707899,-0.0527300685644149,-0.2150407284498214,153.89586020505664,161.14264166586798,146.07837272566096,131.15370463009867,174.5660400821435,76.94738030892687,136.57304873137755,177.84927820074367,69.97873975096186,106.40395546163185,158.43905808466693,47.19648807750954,160.96098913233396,172.91282167793065,148.1969169070067,156.36603258357977,170.84677912698172,139.1538549772841,117.31326664531235,154.1344249272119,53.42086496806259,1
0.486590219798841,0.5164170861244202,0.4656046628952026,0.4951071466270246,0.6352770924568176,0.4259993731975555,0.05689753050866876,0.0731193274259567,0.0431192889809608,0.4483741907696975,0.4786074757575989,0.4309662878513336,0.48160005368684466,0.6276780366897583,0.4138714373111725,-0.056818319661052566,-0.04279475659132,-0.0730995833873748,0.5284889516077543,0.5617123246192932,0.5062811970710754,0.5952395345035352,0.6267964243888855,0.5758145451545715,0.0804995785540852,0.2039467543363571,-0.0237890649586915,0.46946054822520206,0.4822117388248443,0.4586102366447449,0.6079615329441271,0.6369045972824097,0.5933635234832764,-0.22724764629414207,-0.1431940197944641,-0.3380552232265472,0.5146577345697503,0.5180688500404358,0.5113843679428101,0.7468432225679097,0.752412736415863,0.741948664188385,0.15672098070775203,0.3511703312397003,0.0183063279837369,0.44720961922093444,0.45082488656044,0.4437291920185089,0.7994990781733864,0.8100773096084595,0.7929179072380066,-0.2439846617610831,-0.1743544042110443,-0.341893583536148,0.542847624577974,0.5528796315193176,0.533207356929779,0.3337462746783307,0.5186947584152222,0.2287392765283584,0.03697949950613912,0.0899228230118751,-0.0363362617790699,0.49347481727600095,0.5086960792541504,0.4837981760501861,0.2963536146440004,0.4888789355754852,0.1924486607313156,-0.1252652129844615,-0.0556755252182483,-0.2558130323886871,154.09928492559325,159.6466842612423,143.4564108038586,129.16109543962466,170.42238223117735,75.95117705576406,135.63609486736857,178.0265494269456,69.18454095466093,103.97051193867935,152.231500189354,52.0281915159523,161.23342714294415,171.39264582003398,146.39070718385577,156.15363589948728,171.99673756122797,138.10895698314744,115.99058656581612,156.01852749302208,51.91255829614529,1
0.48473832871496064,0.5098562836647034,0.4680913388729095,0.4942386571279506,0.6372753381729126,0.4246564209461212,0.0586467477464184,0.0714794248342514,0.0447584837675094,0.44665283824979646,0.4720406234264374,0.4332330822944641,0.47930493182742717,0.6288517713546753,0.4109627306461334,-0.05857557315648212,-0.0444352030754089,-0.0715194046497345,0.5273726742292187,0.5605244040489197,0.5058644413948059,0.5935317118143298,0.6223740577697754,0.5760728716850281,0.0734231327528364,0.1980253905057907,-0.0449972786009311,0.46995551438675714,0.4843568205833435,0.4587019085884094,0.6064020432147783,0.6338270306587219,0.5913758873939514,-0.23379185165941102,-0.140969231724739,-0.328544408082962,0.5147644994185143,0.5184548497200012,0.5112793445587158,0.7466662311062371,0.7523785829544067,0.7399247288703918,0.1463171261093896,0.3468020558357239,-0.0124498568475246,0.4470863081130785,0.4500406086444855,0.4443050920963287,0.8000494450637975,0.8085667490959167,0.7929091453552246,-0.2507100257369661,-0.1813435703516006,-0.3383050560951233,0.5424064096716261,0.5517865419387817,0.5327003002166748,0.338324139105905,0.5228844881057739,0.2324128150939941,0.0423785812562312,0.1050236970186233,-0.0372071973979473,0.4939794485101995,0.5110333561897278,0.4795967936515808,0.2989303171634674,0.4894808232784271,0.1936654895544052,-0.12250274427465553,-0.0457129441201686,-0.2516254782676697,154.19443368780912,161.40819599669717,142.4085094868711,128.21824534085783,171.04833277532913,76.33589140047405,134.07575205296843,177.62292523567916,69.27644010893316,103.97724602035298,151.96245545468906,54.21544206905303,159.99559094473474,171.105331692545,144.70111632493106,154.9117323934013,169.53931130545942,136.12487112546583,113.10371187699846,156.87245054550587,48.22809567059519,1
0.4811786495067261,0.5081494450569153,0.4630548357963562,0.5038294016004918,0.6423637866973877,0.4256637692451477,0.057158911088993215,0.068285122513771,0.0437966845929622,0.4429010598214118,0.4707731902599334,0.4273677468299866,0.48887860545745265,0.6325612664222717,0.4103210866451263,-0.057087994538820665,-0.0435555204749107,-0.0682262554764747,0.5271150797278017,0.5594187378883362,0.5037235617637634,0.5939586653814211,0.620060920715332,0.5747848749160767,0.06321127782959571,0.1590471863746643,-0.0745495855808258,0.4686192323218335,0.4833695590496063,0.4571019113063812,0.6064708999225071,0.632591962814331,0.5942628383636475,-0.23337456109104576,-0.1327956020832061,-0.323781281709671,0.5147395140522129,0.5198495388031006,0.5108470320701599,0.7477460844176156,0.7531315088272095,0.7424784302711487,0.12396308485607889,0.280337393283844,-0.0072750467807054,0.447030199098063,0.4502020180225372,0.4444270730018616,0.8008348430906024,0.8086056709289551,0.7883875966072083,-0.24481807125138713,-0.1837888807058334,-0.3184416592121124,0.5392879987810995,0.5457136034965515,0.5318896174430847,0.35029840223736813,0.5209102034568787,0.237684354186058,0.045657730789901145,0.1110811457037925,-0.0651516541838646,0.4908675734813397,0.5040905475616455,0.4796745181083679,0.30984229209658865,0.4902430176734924,0.1925490498542785,-0.11510788063917837,-0.0258555356413126,-0.2453997284173965,155.2993434722907,165.3712409988446,146.3152697183541,124.09719918313087,171.87961761082445,75.6184533250434,129.29732699992496,176.9854103596534,63.75924676080887,102.30145159619914,156.79371275113536,53.83886016547524,158.69327408318713,172.0915333979479,139.04376025605671,154.176499893717,168.42513596598428,132.71561789039174,109.09421057578349,157.4085959329115,49.52078900785158,1
0.48118895030283665,0.5076400637626648,0.4629184007644653,0.5010157027742365,0.6421718597412109,0.4279633462429046,0.057110974544679685,0.071615070104599,0.0465822257101535,0.4424173569941259,0.4711840450763702,0.4261831641197204,0.4854749601620894,0.6297188401222229,0.4118469655513763,-0.05704282220084585,-0.0462614186108112,-0.071658007800579,0.5264366688309136,0.5577840209007263,0.5032188892364502,0.5939184355211782,0.6221384406089783,0.5676154494285583,0.05230965674854813,0.1474287211894989,-0.0694324076175689,0.46715653532153956,0.4841510951519012,0.454791247844696,0.6065673598876367,0.6354265213012695,0.589401364326477,-0.2371414636190121,-0.140048399567604,-0.3335727751255035,0.5141247910457653,0.5176056027412415,0.5094777345657349,0.7467305365499559,0.7521049380302429,0.7409207820892334,0.11794415104540655,0.2569166719913482,-0.0216242037713527,0.4469245888374664,0.4501848816871643,0.4434438347816467,0.7997244799530113,0.8076695799827576,0.7893447875976562,-0.23820131837011693,-0.1650416254997253,-0.3049111068248749,0.5375698411857689,0.5476120114326477,0.5301087498664856,0.34559049219875543,0.5234823822975159,0.23417329788208,0.03766459236330873,0.1159485578536987,-0.0619538538157939,0.4891639459919144,0.5018638968467712,0.4825755655765533,0.3063140529525149,0.4982626438140869,0.192533403635025,-0.125181699683378,-0.0368126891553401,-0.2424187809228897,153.70801960999762,163.75312244670403,126.72022237568194,122.16970608867234,170.26723742235768,72.70960837120592,127.68915306273531,176.44995699098143,63.7473935081172,100.58883148589067,156.36584992275814,44.23760101165021,160.67661344631975,171.67537800987716,148.04624562018964,153.67063885344754,170.38120046467662,131.77894832464543,110.56773810686528,159.41651812130516,44.86831424172558,1
0.48331326732830127,0.5077126026153564,0.4626078307628631,0.4972380116886022,0.6351868510246277,0.4289571344852447,0.05824661984735602,0.0757786929607391,0.0452721714973449,0.4449057463480502,0.4715339839458465,0.4290290474891662,0.4827575108834675,0.6265828013420105,0.4152954518795013,-0.058182609400578865,-0.0449853055179119,-0.0757506266236305,0.5269588913236346,0.5594724416732788,0.5058146119117737,0.5936108742441449,0.6244181394577026,0.5675570964813232,0.05461480024648467,0.1353903263807296,-0.0532365851104259,0.46792650161957255,0.4810894131660461,0.4549565017223358,0.6066338444242672,0.6292853355407715,0.5914544463157654,-0.23039495709295177,-0.123157761991024,-0.3350742757320404,0.5151234214403191,0.5185808539390564,0.5110154747962952,0.7473652478383512,0.7563678026199341,0.7418574690818787,0.11361491395046512,0.2405799180269241,-0.0345305204391479,0.4471437030909013,0.4496106207370758,0.4444076418876648,0.7990988182778261,0.8080177307128906,0.7909958362579346,-0.23640478524018307,-0.1760304272174835,-0.315762460231781,0.5381567508590465,0.5499246716499329,0.5292819142341614,0.33991782701745327,0.5202105641365051,0.2314142286777496,0.043227691884029015,0.1166172102093696,-0.0613581463694572,0.49176022167108496,0.5052348375320435,0.4827946424484253,0.3027596283628016,0.4932908117771148,0.1935140043497085,-0.12416101855282877,-0.0390410497784614,-0.2340447008609771,154.05880235109592,163.81756012527498,143.1143069787899,125.59183898586957,171.46951400851296,79.12780925191866,131.00074259928044,176.3362839241658,66.30002218122664,103.1506813888039,161.3185176231776,51.18547047615832,159.7855510903893,171.81926214107463,146.05205420225744,154.7530329759316,169.90700794607758,129.2627875554557,113.08859251905398,160.59826578800397,50.75832523475078,1
0.48348267674446105,0.509546160697937,0.464777797460556,0.5018365354914415,0.6365290880203247,0.4284176230430603,0.05778204884968302,0.0763787180185318,0.0463795699179172,0.44499784111976626,0.4719039499759674,0.4315952658653259,0.4865289060693038,0.6317447423934937,0.4147514104843139,-0.05771892698187573,-0.0460887663066387,-0.0763779804110527,0.5282395513434159,0.5611901879310608,0.5047490000724792,0.5952446071725143,0.6269118189811707,0.5699973702430725,0.05573805256771216,0.166346400976181,-0.0631304755806922,0.4684835289653979,0.4836160540580749,0.4561596512794494,0.6073132577695345,0.6387891173362732,0.5936837792396545,-0.2383020382178457,-0.1312246918678283,-0.3279111981391907,0.5148643261507938,0.5187917947769165,0.5098733305931091,0.7470049305966026,0.7519336938858032,0.7411569356918335,0.12184453377661776,0.2958994209766388,-3.099584500887431e-05,0.44720352197948254,0.4506627023220062,0.4445634186267853,0.7999919401971918,0.8102505207061768,0.7918440103530884,-0.24127205312252045,-0.1835988909006118,-0.3290415108203888,0.5394001766255028,0.5498190522193909,0.5298037528991699,0.34422572474730645,0.5185657143592834,0.2327699363231659,0.0379639916474269,0.1162355989217758,-0.0663706883788108,0.4928773632175044,0.5085707306861877,0.4834015667438507,0.3064622930790249,0.5029841065406799,0.1925630122423172,-0.1253086856909488,-0.0289908479899168,-0.2538884282112121,154.29661886712142,160.66924684005065,146.57806997917655,122.55917459348575,172.048554151028,75.394282376436,128.62173363817078,178.3074187637355,65.72273271589022,100.7485244990519,161.25613008015807,49.098500516919614,160.495925351957,173.6802544894096,149.07335327011214,154.3364670797043,169.42768384686102,131.3238667733019,111.51161745632206,161.04270920869087,51.41119394813087,1
0.47933122360457975,0.5053609013557434,0.4664051234722137,0.498828769971927,0.6417912244796753,0.4242995381355285,0.06238926407725857,0.0757378488779068,0.0446487553417682,0.4389521948372324,0.4670360386371612,0.4266947209835052,0.48342279251664877,0.6266719698905945,0.4094513952732086,-0.06235871836543078,-0.044485617429018,-0.0758022293448448,0.5248307896157106,0.5544172525405884,0.5011302828788757,0.5948053145160278,0.6247764229774475,0.5777052044868469,0.06145651254670761,0.138650968670845,-0.0516501255333423,0.46369860383371514,0.4774895012378692,0.4557058215141296,0.6084994071473678,0.6350895762443542,0.5878499746322632,-0.2518523476707439,-0.1755804270505905,-0.3374176919460296,0.5121349940697352,0.515588641166687,0.5068795680999756,0.7490486446768045,0.7561618685722351,0.7422537803649902,0.13443216624242874,0.2496532350778579,0.0105696776881814,0.44220643552641076,0.4456659853458404,0.4398007988929748,0.8041576351970434,0.8175056576728821,0.7938108444213867,-0.26116639096289873,-0.1933849453926086,-0.3339341878890991,0.5313600413501263,0.5445175170898438,0.5170781016349792,0.33479928877204657,0.511107861995697,0.2309569418430328,0.050620488394921836,0.1671087443828582,-0.0278236232697963,0.47966136566052836,0.4958323538303375,0.4665694236755371,0.296520265750587,0.4751948118209839,0.1950899511575698,-0.12038349344463006,0.0042582848109304,-0.2224040180444717,154.0734499695458,165.54513142463466,139.78697495109247,123.80559178484866,167.55104928554005,77.88008182031335,127.88051992536396,176.810962678501,56.25595996365292,103.94675523214399,164.22460444404766,56.515646560294805,160.30096833934806,173.35121292418708,139.45181213263598,156.29232825528368,170.22390703209572,144.45096143238962,114.88812230359531,157.91039232613332,47.605963942830165,1
0.4843393046777327,0.5056220293045044,0.4718669354915619,0.5016714547361646,0.6378430128097534,0.4273096024990082,0.05817513548574601,0.077786348760128,0.0425873920321464,0.44525459015762414,0.4673943221569061,0.433921605348587,0.48726279951713897,0.6294592618942261,0.4127000272274017,-0.05812059453391763,-0.0423862822353839,-0.0778064876794815,0.529276063154032,0.5576768517494202,0.5066966414451599,0.5963625894798027,0.6262123584747314,0.5813369154930115,0.07521356251663246,0.1597121208906173,-0.0436564199626445,0.46682144488607136,0.4805096089839935,0.4558728337287903,0.60788112616801,0.6312307119369507,0.5957862138748169,-0.23969119705341674,-0.1536161452531814,-0.345895767211914,0.5141411554682386,0.5180380344390869,0.5099985003471375,0.7469285778946929,0.7537079453468323,0.7393744587898254,0.15773766303619186,0.2812992632389068,0.0409770645201206,0.4456815012208708,0.4489500224590301,0.4430049359798431,0.8001335086403313,0.8140069246292114,0.7927300333976746,-0.2565802317726743,-0.1824295967817306,-0.3226886391639709,0.5374013624348484,0.5463184714317322,0.5268011093139648,0.33862073703126594,0.5185788869857788,0.23316490650177,0.044366500689967885,0.1113783568143844,-0.0514010265469551,0.48735523780623635,0.5001252889633179,0.477435290813446,0.3000635424485573,0.4778215885162353,0.1974410116672516,-0.11586820780412177,-0.0212607737630605,-0.2502512633800506,154.38757559879048,164.2008619935018,146.50885034016432,126.72650308262027,170.05452327724652,76.45889590748786,129.99994562275538,175.6495817699284,58.87130521566355,104.98951974693374,154.00914851161096,50.534761047077616,160.05704591027546,169.57111675670953,144.1944846653091,156.5643829392981,169.8697023527056,138.61387473161224,113.6511108986654,152.6517661948364,47.00779998262352,1
0.477273747940694,0.5036470890045166,0.4533776342868805,0.4769045131758225,0.6087770462036133,0.412971019744873,0.06467165422341051,0.0790473744273185,0.0476382300257682,0.43839429848450273,0.4633192121982574,0.4134753346443176,0.4713836637410251,0.6110114455223083,0.410557359457016,-0.06463340488223986,-0.0475302785634994,-0.0791370868682861,0.5138221804268104,0.5465646386146545,0.495952308177948,0.5781060708455803,0.5932982563972473,0.5569288730621338,0.08343393958522548,0.2288753390312194,-0.0987094491720199,0.4534403859091199,0.4748572707176208,0.438189297914505,0.5960164434653669,0.6156054735183716,0.5794241428375244,-0.18408831245889348,-0.0388308800756931,-0.3963880538940429,0.5018773578907832,0.5055182576179504,0.4978311955928802,0.7344267412650684,0.7404432892799377,0.7298105359077454,0.1931903506629169,0.3754656612873077,-0.037714309990406,0.4312932488839488,0.4352283477783203,0.4284248054027557,0.7852006470861513,0.7966325283050537,0.7772543430328369,-0.14130505083382808,0.0158685985952615,-0.3503167331218719,0.5109902854300727,0.5322054624557495,0.4924178123474121,0.27584973297828486,0.4752428531646728,0.1821846514940261,0.022172423084179885,0.1047008410096168,-0.0794930756092071,0.4548005385339753,0.4654650688171386,0.4460916519165039,0.2533312035986215,0.4736632704734802,0.1517795771360397,-0.1734056624252934,-0.0829581543803215,-0.2352775186300277,154.43132448339117,161.26365592601869,145.86276599762417,129.98659776002043,175.81418056965376,60.38059291806254,131.71094679842093,179.42309165386902,45.952682020904895,114.42866288499432,172.60740116902556,43.72044755764351,160.85288566647554,168.98686780853376,142.4168988857616,160.22313214862316,178.6540661766089,134.87457158597542,111.24207145691695,157.0645514852555,43.06471532286778,1
0.4836652567411991,0.5073837637901306,0.4678991436958313,0.4994330903951158,0.6305290460586548,0.4289339780807495,0.05720549488955352,0.071581944823265,0.0410150438547134,0.4450945071083434,0.4700490236282348,0.430058866739273,0.48566775879961377,0.6265608668327332,0.4144235551357269,-0.057131890484944256,-0.0406985618174076,-0.0715572908520698,0.5287012267620006,0.5564717054367065,0.5100472569465637,0.5963740038110855,0.6260727643966675,0.5795338749885559,0.0713747617783349,0.1515608727931976,-0.0346312187612056,0.46653622040089143,0.4791577756404876,0.4559207558631897,0.6089412715840847,0.6393206119537354,0.5951554179191589,-0.22831269432889653,-0.1209697872400283,-0.3430371284484863,0.5141064347104823,0.5169983506202698,0.5104496479034424,0.7467508461881192,0.7516199350357056,0.7387182712554932,0.14536792951378413,0.2570002377033233,0.0174397937953472,0.4455066380348611,0.4493461549282074,0.4408065378665924,0.8004600729079957,0.8084603548049927,0.7947196960449219,-0.2399528887360654,-0.157775193452835,-0.3233252763748169,0.5380472217468505,0.5466357469558716,0.52216637134552,0.33711425627165653,0.510191023349762,0.2229118198156356,0.041728655338916475,0.109950304031372,-0.0395295619964599,0.48982337909810086,0.5036265850067139,0.4788888096809387,0.3010465721500681,0.4905097186565399,0.1866967678070068,-0.11588851960891101,-0.0382049567997455,-0.2387821525335312,153.68175085490904,159.55121831565316,142.33973556201343,126.67840613675328,174.5144969386658,79.22984461412477,131.71038447756155,176.20352955572153,68.99103652241685,105.34699938836482,163.5926522765177,51.37641797018199,161.03924089035903,173.45961077644938,150.06926793745444,155.8446713902321,169.19341467383327,141.28400400501613,114.75483137783692,153.4337010079069,54.87182092985848,1
0.4848085308429038,0.5086021423339844,0.4695082902908325,0.49540833199378287,0.6376293897628784,0.4256889820098877,0.05916822583663578,0.074522465467453,0.0439143851399421,0.4456493110940008,0.4693275094032287,0.4324611127376556,0.480659288935142,0.6216889023780823,0.4111904203891754,-0.05910805557476408,-0.0436525531113147,-0.0745246335864067,0.5274928129545533,0.5579697489738464,0.5065840482711792,0.5929229826030165,0.6208977103233337,0.5679072141647339,0.06891867121892499,0.1627781391143798,-0.0498788617551326,0.4672444214915285,0.4812564849853515,0.4554838836193084,0.605328371619234,0.6331607699394226,0.5895346999168396,-0.23573756409753668,-0.1565631926059723,-0.3333655893802643,0.5136214848792199,0.5164958238601685,0.5104271769523621,0.7461661489883272,0.7509257197380066,0.7428321242332458,0.14166839678983872,0.2811387479305267,0.0401253625750541,0.4453180367403691,0.4482539594173431,0.4428344070911407,0.7995593353073196,0.8067326545715332,0.7920049428939819,-0.2483259736016245,-0.179804727435112,-0.3174669146537781,0.539775802357362,0.5516905188560486,0.5307875275611877,0.33598559681731877,0.5215725302696228,0.232083186507225,0.04811261823560202,0.1174959018826484,-0.045930165797472,0.49071579227353085,0.5047638416290283,0.4775916337966919,0.29608939337258294,0.4780846536159515,0.1925920844078064,-0.11482877236339122,-0.0197269618511199,-0.2428962290287017,154.60693160682266,159.85545089084533,148.65185651065997,126.80591052744987,170.484701328574,76.90031634074626,131.7650102639992,176.5164929852887,60.27044352518741,106.34021816608208,151.6393175531701,57.04853976926658,160.94466988647198,171.0970186692234,149.35079523006587,156.2638402885239,170.4066466935572,137.37149347200787,114.1886030911599,155.197711538325,43.76347591804369,1
0.48300939354490724,0.5075375437736511,0.4625113904476166,0.49945725595697443,0.634054958820343,0.4271322190761566,0.05931677697028247,0.0732717886567115,0.0448263399302959,0.44450448548540156,0.4690383970737457,0.4282947480678558,0.4853022504360118,0.6273899078369141,0.4115997850894928,-0.05925879801841489,-0.0446053631603717,-0.0733399093151092,0.5266452139996468,0.5564164519309998,0.5052365660667419,0.594004473153581,0.6235134601593018,0.5752763152122498,0.0720381955722993,0.1978901326656341,-0.0567360706627368,0.4681858629622358,0.4803886413574219,0.457722008228302,0.6076429029728504,0.638627290725708,0.5933031439781189,-0.2364922379876705,-0.1450586020946502,-0.3340710699558258,0.5134534062223232,0.5172522068023682,0.5098535418510437,0.7465612273266975,0.7520997524261475,0.7408068180084229,0.14383213233668354,0.3416810035705566,-0.0119868051260709,0.4452987592271034,0.4477645754814148,0.4422072470188141,0.7990428323441363,0.8074356913566589,0.79048091173172,-0.24642654207158596,-0.1713593155145645,-0.3511645197868347,0.5380262631051084,0.5513250827789307,0.5243738889694214,0.34174228079141455,0.5195798277854919,0.2254688292741775,0.044384190950176074,0.1153003498911857,-0.0517179369926452,0.4901067855510306,0.5052682161331177,0.4749209284782409,0.3047271060182693,0.4926899075508117,0.1980799585580825,-0.12172797254900979,-0.0338113158941268,-0.2346160113811493,154.30671293602214,160.1642174456768,133.42973755673825,125.08506670346972,169.57224499486384,75.90230137830689,132.18646780393405,177.01023630884885,69.17655290133236,102.77699256282776,152.70781121641056,50.572959844295525,160.57413630716403,171.03371016512088,145.43453782096512,155.60979320809054,174.09526379514955,134.948537239299,112.6289402836188,155.96967047420011,51.33941807302292,1
0.4831598622183646,0.509826123714447,0.4666337966918945,0.49926871061325073,0.6271772384643555,0.4273759126663208,0.05808750079363901,0.073107786476612,0.0431408174335956,0.44448758229132623,0.4729382395744324,0.4292241930961609,0.48532323106642694,0.6196745038032532,0.4146246910095215,-0.05802150687543291,-0.0428504310548305,-0.0731072500348091,0.5282285649289367,0.5549759268760681,0.5069682598114014,0.5953699664403034,0.6223102807998657,0.5777811408042908,0.06617627959881196,0.1572256684303283,-0.0399874113500118,0.4667703137602857,0.4789460599422455,0.4551214277744293,0.608508429860556,0.6366766095161438,0.5974157452583313,-0.23448208294888978,-0.1507225781679153,-0.340271383523941,0.5137691754166798,0.5172158479690552,0.5105240941047668,0.746010886725559,0.7506386637687683,0.7410354018211365,0.14210990278591068,0.2640947997570038,0.0065015973523259,0.4452714538702401,0.4481931626796722,0.4426236450672149,0.7992514077053275,0.8069607019424438,0.7925633192062378,-0.24319925471659629,-0.1709605008363723,-0.3126276135444641,0.5389399631049043,0.5500301718711853,0.5265291929244995,0.34172877973766735,0.5142477750778198,0.2366100847721099,0.03588936215339186,0.1108536943793296,-0.0559225603938102,0.49011295521131126,0.5038099884986877,0.479450523853302,0.3056705054095996,0.4871000051498413,0.1967422813177108,-0.12500857545803948,-0.0284919384866952,-0.2445975095033645,154.5528257262331,160.39972913374777,147.20193729892284,125.10461869101555,171.1553988747504,78.7727549507872,130.25796191268023,175.45421386688366,65.36323053064118,101.79324834498271,151.98223178470494,49.19209234499655,160.46582101486297,169.3449228994429,150.5893538831405,154.9416237324687,170.154145399907,134.2159740705385,113.16034224733507,154.82412731298209,50.00440884888897,1
0.48291715881326697,0.5092388987541199,0.4655055999755859,0.5050841163802933,0.6346101760864258,0.4304702281951904,0.05949818052269596,0.0774647817015647,0.0450079627335071,0.4447943918652587,0.4720810055732727,0.4299936890602112,0.4908087846342024,0.6262596249580383,0.4179600477218628,-0.05942585724559455,-0.0447085537016391,-0.0774577558040618,0.5292408715237628,0.556189775466919,0.5059396028518677,0.5952231563054599,0.6246674060821533,0.5736784338951111,0.06363804032130595,0.1628361344337463,-0.0487789884209632,0.46834498742124536,0.4825203120708465,0.4569765925407409,0.6097553634381556,0.6384865641593933,0.5968175530433655,-0.240409941136182,-0.1431496888399124,-0.3501152992248535,0.5138258154575641,0.5170794129371643,0.5098289847373962,0.7463853090674013,0.75096195936203,0.740746259689331,0.1347360813959532,0.2935671210289001,-0.0108674811199307,0.44531170778222134,0.4487027525901794,0.4423943758010864,0.7993687312681597,0.8063408136367798,0.7924771904945374,-0.24437820207286667,-0.1665374785661697,-0.3606461882591247,0.540669919370295,0.5486235022544861,0.5331498980522156,0.3489238393830729,0.5203862190246582,0.2345606535673141,0.037745417695707405,0.113348364830017,-0.0366332717239856,0.4933514238058866,0.504812479019165,0.4826598763465881,0.3135369474088753,0.4978756904602051,0.1977458298206329,-0.13086267544345537,-0.0589141771197319,-0.247246965765953,154.45951745380233,158.6325762089698,144.33434661617397,122.41231656689764,169.64430726379445,75.13447522443161,128.48322245287912,175.18893961748446,66.16283420600519,99.04705096484366,152.60649615172787,49.68063414791605,160.1699071619641,173.24424507250436,150.7006331504081,154.89275385278611,170.54277754454264,138.13498275070043,112.0001695590625,156.84672604093106,51.01200644594056,1
0.48273657947778703,0.5075721144676208,0.4643086493015289,0.4995067059993744,0.6328786015510559,0.4300942420959472,0.05852028775960203,0.0780562385916709,0.0417573638260364,0.4442426264286041,0.4706585705280304,0.4281634986400604,0.4850143158435822,0.6259166598320007,0.4167467653751373,-0.05845935340970751,-0.0415280535817146,-0.0780433788895607,0.526144250035286,0.5549613237380981,0.5030621290206909,0.5939235436916351,0.6225240230560303,0.57207190990448,0.0584097078174818,0.1371767818927765,-0.0531699135899543,0.466295365691185,0.4761487245559692,0.4571093022823334,0.6068085598945617,0.6270577907562256,0.5954161882400513,-0.23268550127744675,-0.1373854130506515,-0.3284907937049866,0.5137888967990876,0.5175989866256714,0.5096943974494934,0.7460619312524795,0.7508328557014465,0.7412535548210144,0.12380028455052522,0.2410052567720413,-0.0098025491461157,0.44537869811058045,0.4490137994289398,0.4420753121376037,0.7988736706972123,0.8068210482597351,0.792974591255188,-0.23974330320954323,-0.1791140437126159,-0.3590549528598785,0.5368112063407898,0.5464544296264648,0.5289899706840515,0.3406177526712418,0.5178347229957581,0.2331160306930542,0.045343991612062366,0.1277260333299636,-0.0379189923405647,0.48947920292615893,0.5006932020187378,0.48096764087677,0.3058728750050068,0.4933981299400329,0.1998922824859619,-0.12091580856591459,-0.0326033867895603,-0.2468873411417007,154.4940236831282,158.82399273956588,148.56405718473584,125.15813384756537,170.1725307738525,77.43785765473562,130.70690828413626,176.08889180821407,66.44068967963267,103.61785534249256,160.25586586960603,47.80150036605959,161.18733651517252,171.50749546939403,151.67883276141444,154.98025075122933,170.54968909587038,137.74302588511625,113.43470304559794,158.66471871303048,49.85271974408104,1
0.47955887414971177,0.5058475732803345,0.4597534239292145,0.5026017336212859,0.6358758211135864,0.4302574098110199,0.058804646780600316,0.0759018287062645,0.0465446934103965,0.4411679932049343,0.4690092206001282,0.4243137538433075,0.4878069907426834,0.6293936967849731,0.4170623123645782,-0.0587332283279725,-0.046266071498394,-0.0759246051311492,0.5260545951979501,0.556458055973053,0.5062760710716248,0.594057486373551,0.6225581169128418,0.5723778605461121,0.05263650387630091,0.1390803903341293,-0.0610684230923652,0.4667237650374977,0.4808168709278106,0.45609250664711,0.6071169114842707,0.6327551603317261,0.5940127372741699,-0.24295777356138035,-0.1493923366069793,-0.3550959825515747,0.5139177380775919,0.517644464969635,0.5098375082015991,0.7468833126583878,0.7521893978118896,0.7418042421340942,0.11368714478959763,0.2428626865148544,-0.036127109080553,0.44520505046357917,0.4480905532836914,0.442108541727066,0.7981626403575041,0.8074119091033936,0.7895926833152771,-0.2458859225925134,-0.1879311949014663,-0.321670800447464,0.536789637439105,0.5488061904907227,0.5273348093032837,0.34874562584623997,0.5231465697288513,0.2377566844224929,0.04234549408862887,0.1253831684589386,-0.0551051087677478,0.48931534892442274,0.5025567412376404,0.4791781306266784,0.3115334273601065,0.4909228384494781,0.2021089941263198,-0.12482438346713169,-0.0318455174565315,-0.2535068690776825,154.49894713679225,160.935061070077,139.6471447761688,121.9791176147694,168.83345164259168,75.84026556565478,128.74985008343577,175.89562682354463,70.4899560047845,100.39270513930302,158.6961149981734,49.72602566195092,160.8014173841301,170.39275950885238,151.43721981858587,152.96439893143193,169.1836235698498,133.2671122023734,110.6823709441096,160.97078411095077,50.72974070613453,1
0.4826407600016821,0.5093467235565186,0.4713464677333832,0.49652992827551706,0.6426308155059814,0.4246082901954651,0.058170643413350646,0.0706499740481376,0.0443496815860271,0.4431037777946109,0.4682858884334564,0.4340476989746094,0.4815584449541001,0.6325715780258179,0.4093943238258362,-0.058119344533908886,-0.0441675148904323,-0.0706594511866569,0.5291366185460772,0.5629292726516724,0.5089855790138245,0.5941415400732131,0.6262180805206299,0.5796225666999817,0.06872842638709004,0.2158870995044708,-0.0220169182866811,0.46771339717365445,0.4841272532939911,0.4603206515312195,0.6056448073614211,0.6357851624488831,0.5901585817337036,-0.23792203338373275,-0.1618243902921676,-0.3338114023208618,0.5183777116593861,0.5226145386695862,0.5149718523025513,0.7496459790638514,0.7546159029006958,0.743301272392273,0.1358343995397999,0.3741631507873535,0.0498053394258022,0.4481067103999002,0.4516108334064483,0.446149617433548,0.8042927844183786,0.8169137835502625,0.794608473777771,-0.2571886763686225,-0.1971345841884613,-0.3254031836986542,0.5362175935790652,0.5520546436309814,0.5232546329498291,0.32926575953052156,0.5154244899749756,0.2307507395744323,0.054331736967876694,0.1284272372722625,-0.0392368845641613,0.486939377444131,0.5043640732765198,0.4760790765285492,0.2920952633732841,0.477630615234375,0.1893197000026703,-0.10060618231516505,-0.0130925951525568,-0.2156714498996734,155.7330576230977,165.32752940564384,141.45369872075807,127.96528414810437,165.79957122520992,78.5958689704612,132.1039296745692,176.57067430976656,55.76688291350832,109.52587464204406,157.42983761287803,53.59462408942936,160.82190643161937,172.113980447015,140.02201482825683,156.81511273399232,168.33684809877218,143.8966700958266,115.82459144642608,154.62336377053597,47.32829731680231,1
0.4879847832264439,0.5122308135032654,0.4732190072536468,0.49944213289086536,0.6409807205200195,0.4241964221000671,0.05655441861799965,0.074465163052082,0.0433989912271499,0.44820738928292386,0.4717395901679992,0.4369529783725738,0.48470000041428435,0.6288329362869263,0.4101654589176178,-0.056472407433614896,-0.0431779697537422,-0.0744057819247245,0.5339118524264264,0.5663986206054688,0.5111531615257263,0.5954733202534337,0.6267021298408508,0.5767667293548584,0.08256908813560307,0.2157957553863525,-0.0117055857554078,0.4695888450068812,0.4823695123195648,0.4568488299846649,0.607725070368859,0.6334218382835388,0.5949241518974304,-0.23719364132291526,-0.143691211938858,-0.3444693386554718,0.519100255863641,0.5230628252029419,0.5153754353523254,0.7481864344689154,0.7553626894950867,0.7425845265388489,0.16421019754582833,0.3760809600353241,0.0473350547254085,0.4482927264705781,0.4519442319869995,0.4459355175495147,0.8030410389746389,0.8193004131317139,0.7942211627960205,-0.2565646064217373,-0.1825360357761383,-0.3297642469406128,0.5449489220496146,0.5553840398788452,0.5349758267402649,0.3341942218042189,0.5208805203437805,0.2289891690015792,0.03835745916266231,0.1031210795044899,-0.0421492010354995,0.4933823359909878,0.5066739916801453,0.4816488623619079,0.2935884433087482,0.4811213612556457,0.1871679574251175,-0.11257123144003008,-0.0228028167039155,-0.2452186644077301,154.86998044792784,165.56571640864257,134.03878586955048,127.71325346961586,170.9918305900982,77.89195063137811,131.87617050232532,177.0529614701613,56.37261808981702,106.2260577130055,157.39502848585613,53.64436619074044,159.2316790863509,172.45820811580674,137.81391002277255,156.08588893821678,169.34836697668106,141.92031249697754,113.19541790371153,153.55548972238282,46.92570856065685,1
0.49128291123318224,0.5128490328788757,0.4765626788139343,0.49305289730710805,0.6443954110145569,0.4258483052253723,0.05736191953831119,0.0743719190359115,0.0465027950704097,0.45218177449028446,0.4738354384899139,0.4392635226249695,0.47872778885769396,0.6323574781417847,0.4091518819332123,-0.05730082463683943,-0.0462974868714809,-0.0743140876293182,0.5341107749714041,0.5697507262229919,0.5098588466644287,0.5949649484652393,0.6283604502677917,0.5776886343955994,0.09459846318185432,0.2226010262966156,-0.0129497246816754,0.47190467394747826,0.4900931715965271,0.4603265523910522,0.6086192575265776,0.6366371512413025,0.5960798263549805,-0.23249179335697642,-0.1481359750032425,-0.352097600698471,0.5193164500425447,0.5250183939933777,0.5150855779647827,0.7476714185948642,0.7544305920600891,0.7425806522369385,0.17929650091056554,0.3901312053203583,0.0453019775450229,0.4487313344231192,0.4525899291038513,0.4464120864868164,0.8021765109503044,0.817060112953186,0.7930686473846436,-0.2603831005827436,-0.192157357931137,-0.3487802445888519,0.5465182049094506,0.5589625239372253,0.5362910628318787,0.32509511920078743,0.5290375351905823,0.2280240058898925,0.04242444132896189,0.108155645430088,-0.0361796990036964,0.49573571417691575,0.5130875706672668,0.4849154055118561,0.28419957605173,0.4834603667259216,0.1874085217714309,-0.11146559576802655,-0.0328345410525798,-0.256445437669754,155.42859745528588,165.1118604993466,147.38763963731552,132.2768204531354,171.98295093462906,77.01232110122626,137.38533087380372,176.70636466669262,56.92695443394047,109.26753949792946,154.717435280157,51.58525937511787,159.3690415050842,171.4235669107789,137.20920025740762,157.4415815820933,169.75149268910718,139.4465931618053,117.35095928701539,154.5935168231551,44.84454096505498,1
0.48074826753657796,0.5024527907371521,0.4580504596233368,0.4713585597017537,0.5903748869895935,0.4176036715507507,0.06364425129216646,0.0799711793661117,0.0437550321221351,0.44082447679146475,0.4645591974258423,0.4160774052143097,0.46510566421177074,0.5891218781471252,0.4095805287361145,-0.06359853670001026,-0.0435454957187175,-0.0799635723233223,0.5137533905713455,0.5432955622673035,0.4966568350791931,0.5811805890954059,0.5936254858970642,0.5649429559707642,0.09227151077635505,0.2367794215679168,-0.0950716063380241,0.45381589505983433,0.470733642578125,0.4440471827983856,0.5974806443504665,0.6164971590042114,0.5822169184684753,-0.17836905690314978,-0.0276164021342992,-0.4112696051597595,0.5020044731057208,0.5070741772651672,0.4983843863010406,0.734527708136517,0.7403705716133118,0.7292518615722656,0.20560394727989384,0.3889118731021881,-0.0099471006542444,0.43140252776767896,0.4354095160961151,0.4292481243610382,0.7853694724000019,0.7949112057685852,0.7795930504798889,-0.13131665746154988,0.0396947860717773,-0.3777205348014831,0.5152221741883651,0.5375872850418091,0.5007132887840271,0.27277545566144196,0.4842270016670227,0.1827559769153595,0.015300649912197789,0.1012613400816917,-0.1072743907570838,0.4582612737365391,0.4680924415588379,0.4517428278923034,0.24696509915849438,0.4701977074146271,0.1515579968690872,-0.17853239871885462,-0.0863641127943992,-0.2627525627613067,154.2657522131657,159.8768812781835,147.33737621085936,130.7132682392455,176.98346722149037,65.10714406766307,135.26586933062342,178.72042491657746,52.0165176620224,115.01362279131503,170.59599960667842,43.55067218406581,160.8474965425566,166.9428000732652,142.82816754874747,157.2304561066072,177.31727956813478,124.9306825030912,112.02862982834635,161.40406630335525,39.76651767915026,1
0.4900996559858322,0.5140191912651062,0.4754776954650879,0.49719895839691164,0.6449780464172363,0.42288339138031,0.058143993131816354,0.0773142427206039,0.0481993034482002,0.4515473160147667,0.475542813539505,0.4379451870918274,0.48308294385671613,0.6345208883285522,0.4085063934326172,-0.05808482106775041,-0.0479996055364608,-0.0772710070014,0.5347872442007064,0.5691396594047546,0.5129510164260864,0.596432409286499,0.6280432939529419,0.5799740552902222,0.09109133101301264,0.1918680220842361,-0.0227515678852796,0.47335404604673387,0.490572839975357,0.4611765444278717,0.6099603646993637,0.646837592124939,0.5938138365745544,-0.2331954276561737,-0.1312985122203827,-0.3527932465076446,0.5197482383251191,0.5249931216239929,0.5156390070915222,0.7487913876771927,0.7547411918640137,0.7402311563491821,0.17449234899133445,0.3436170518398285,0.0384081080555915,0.44878697752952573,0.4521073698997497,0.4436340630054474,0.801661285161972,0.8133662343025208,0.7934731245040894,-0.2548845870792866,-0.1964180171489715,-0.3614563047885895,0.5463992613554001,0.5592336058616638,0.5294016003608704,0.3320215797424316,0.5240347981452942,0.2221210598945617,0.04309669917100106,0.1101285517215728,-0.0393786691129207,0.49733603686094285,0.5152339339256287,0.4831791222095489,0.2924658651649952,0.4834536612033844,0.1843396872282028,-0.11791030015796419,-0.0317131653428077,-0.2643591463565826,155.02277919065443,163.67905594505797,145.3404680651225,129.7146093905642,174.31809268679888,75.85079652792774,135.47611652584663,178.19352989057663,62.56244774492034,106.88638176307964,162.12815820439263,55.755144634945,158.69916611863707,173.63297625348798,137.67533387169425,156.3289695365648,169.29679579082406,142.61366423222617,115.25073350344545,150.7710678681376,48.10914689223739,1
0.4876830593372385,0.5174009203910828,0.4721089601516723,0.50088522862643,0.6422432661056519,0.4254315793514251,0.057537295739166404,0.0736457780003547,0.0451488569378852,0.4485432996104161,0.4778535068035126,0.4339086413383484,0.48596954873452586,0.6317278146743774,0.4087601900100708,-0.05745872824142373,-0.0448799058794975,-0.0736083760857582,0.5335813878724972,0.566676676273346,0.5090310573577881,0.5961642290155093,0.6219936609268188,0.5767253637313843,0.08471414799957222,0.1996773928403854,-0.0462284311652183,0.4718557276452581,0.4883475601673126,0.4614411294460296,0.6087168777982394,0.640551745891571,0.5927767753601074,-0.23690667267267904,-0.1550361812114715,-0.3427903950214386,0.5196589051435391,0.5244004726409912,0.5144742727279663,0.7482113682975372,0.7531645894050598,0.7416135668754578,0.164124276262252,0.3617755770683288,0.0017088769236579,0.44870903870711726,0.4514357149600982,0.4464292228221893,0.8015204997112354,0.811715304851532,0.7936358451843262,-0.2549089106420676,-0.171296164393425,-0.3448673784732818,0.5463852416723967,0.5559926629066467,0.5356751084327698,0.33881695040812093,0.520068883895874,0.2279172241687774,0.03854021749248201,0.0964002683758735,-0.0305534172803163,0.4968486127133171,0.5125665068626404,0.4847205281257629,0.3000387732560436,0.4816215932369232,0.1906291544437408,-0.12087803299073126,-0.037582978606224,-0.2562486529350281,154.2299986986357,163.920055674931,126.28156336777724,126.88160155508861,171.0263157415758,76.4006680191308,133.07644075587646,178.18440283574904,64.56323749181664,102.93924892574914,151.00080944866875,59.6482122642494,159.4582433904593,170.24483948076124,139.7744215693928,156.0464848167902,170.03938403878266,142.16653405827873,113.42454368791158,155.5103450340426,51.420764873257504,1
0.49026301175355913,0.5190444588661194,0.470147430896759,0.4966933086514473,0.6384842991828918,0.4264414608478546,0.05732902389019722,0.0773526355624198,0.0445417538285255,0.4514422047138214,0.4804061651229858,0.4329445660114288,0.4823798933625221,0.6292146444320679,0.4106931388378143,-0.05725582227110859,-0.0443094819784164,-0.0773509740829467,0.5326729762554169,0.565883994102478,0.5081664323806763,0.5950849795341492,0.6244185566902161,0.5787975788116455,0.09117876321775835,0.1848597377538681,-0.0334869436919689,0.4723368036746979,0.4864304661750793,0.4611167907714844,0.6082233393192291,0.6389838457107544,0.5941728949546814,-0.23278770342469216,-0.1440954655408859,-0.3474262952804565,0.5192706149816513,0.5235106348991394,0.5147770643234253,0.7476539069414139,0.7533711194992065,0.7425610423088074,0.17193505650386215,0.3127858340740204,0.0213407482951879,0.44870414525270463,0.4515321850776672,0.4461063146591186,0.800529688000679,0.8101542592048645,0.7937906980514526,-0.25528702795505526,-0.1758356392383575,-0.3478741645812988,0.5480086416006088,0.5560491681098938,0.5364360809326172,0.3330731125175953,0.520829975605011,0.2275714129209518,0.036186146457912356,0.1015237644314765,-0.0414747446775436,0.49768664240837096,0.5129603147506714,0.4881199896335602,0.29241817474365234,0.4858296811580658,0.1849378794431686,-0.12257625114172693,-0.0400170870125293,-0.2670260071754455,154.66006186285603,159.94782027356575,131.44821729384188,129.48649839663122,172.8575490318966,78.51023159333222,136.54726412934428,178.80561908700287,65.67012120090733,104.10116887400768,155.58292983419895,57.8305760445946,160.00594287173158,171.4985586525135,141.42227109091567,156.57308547899413,171.30564914282542,141.59124677569577,115.5309061428268,157.34477331930236,50.27909454388552,1
0.4888746974491837,0.5171272158622742,0.4682008028030395,0.49692266825402137,0.6430027484893799,0.4239816963672638,0.05825000875952216,0.0763809159398078,0.0462300889194011,0.4502657383385271,0.4784305691719055,0.433284193277359,0.48133506898832795,0.6333591938018799,0.4103121161460876,-0.05817255304001342,-0.0459925793111324,-0.0763438418507576,0.5321470416418397,0.5676707625389099,0.5074347257614136,0.5941725632931927,0.624268651008606,0.5742430090904236,0.07753138361748832,0.181155651807785,-0.0415975674986839,0.4726870812401913,0.4889160096645355,0.4610024690628052,0.6071572038206724,0.6409882307052612,0.5936395525932312,-0.2335693521959947,-0.1545249074697494,-0.3355475068092346,0.5194482266312779,0.5235914587974548,0.515285313129425,0.7477873900149128,0.7555786967277527,0.742085337638855,0.1483489820125079,0.318495899438858,0.027172852307558,0.44881752575978195,0.4514797031879425,0.4457316100597381,0.8011118675222492,0.8103978633880615,0.7926989793777466,-0.2527097507868663,-0.173451155424118,-0.3445196449756622,0.5470334084907381,0.5569607019424438,0.5366865396499634,0.3364918115410474,0.5214777588844299,0.2287719547748565,0.04232785994495897,0.1093217805027961,-0.0409464500844478,0.4983406963914928,0.5137432813644409,0.4882348775863647,0.2945142875213434,0.4863545596599579,0.1846312582492828,-0.12054528096819865,-0.0312963910400867,-0.2658999562263489,154.62634848389916,162.46241425513492,145.37047243292383,128.3994906232434,171.363212448512,76.75247460539872,134.0773088392908,178.16954819968117,64.57854397235528,104.44728173547958,154.06637457387643,58.76538045174207,160.0045258570131,175.3442291129894,140.87468296493975,155.28621505193274,169.79733580818828,140.13184690712444,114.29860964006333,159.04208304979895,49.6331664214018,1
0.4893963242245612,0.5164123177528381,0.4693585038185119,0.4918342536297914,0.6405114531517029,0.4209880828857422,0.05800967280552761,0.0740263238549232,0.042625643312931,0.45090503614639565,0.4783529043197632,0.4338555932044983,0.4757335330838355,0.6305630803108215,0.4064668715000152,-0.057942146661682625,-0.0426654145121574,-0.0739972665905952,0.5303519930794974,0.5693261623382568,0.5059433579444885,0.593599816906118,0.6240845918655396,0.574012041091919,0.08449984823841006,0.2017825543880462,-0.0221183616667985,0.47337026323113485,0.4881922602653503,0.4627920985221863,0.6067141054946685,0.6431546211242676,0.5898568630218506,-0.23421211373583178,-0.1288576275110244,-0.3275847136974334,0.5192444307781826,0.5239486694335938,0.5152656435966492,0.746938689289806,0.7554240822792053,0.7417462468147278,0.1554600287524757,0.3576971292495727,-0.0109748849645257,0.44877354591806357,0.4504943192005157,0.445562869310379,0.8005053796500803,0.8160468339920044,0.7921578884124756,-0.2595392018556595,-0.2014635950326919,-0.3583730459213257,0.5480040902289275,0.5606493353843689,0.5369426608085632,0.3315917867644925,0.5222575664520264,0.2261869609355926,0.04997839291022965,0.1005818024277687,-0.0247792676091194,0.4979593132700876,0.5161210298538208,0.4821011424064636,0.289151092277509,0.4876148402690887,0.1840561181306839,-0.10746499802482042,-0.0056413174606859,-0.2582777440547943,154.05376327900186,160.01420444492126,134.0145560023462,131.36747014857914,172.84865785020855,79.8078192832436,138.40147639439226,179.0970322432904,66.69649675980705,108.93717875460318,166.4700280224278,55.54953586941892,158.68117997838542,172.2288590317698,137.05853908940523,155.5069389761243,170.30869640311167,138.16360516657642,114.68839077623313,156.49119224469007,51.10007078975398,1
0.4842041366277857,0.513875424861908,0.4693390429019928,0.5017895368819542,0.6443549394607544,0.4207123219966888,0.058197049027744724,0.0772017017006874,0.0473400093615055,0.44560507891025947,0.4737275838851928,0.4338382482528686,0.48623879127045894,0.6340346932411194,0.407575786113739,-0.05812997711782756,-0.0474247820675373,-0.0771652683615684,0.5317574555569506,0.5671831965446472,0.5073506236076355,0.5953687169450395,0.6237068176269531,0.5727488994598389,0.0730636293821512,0.1754437983036041,-0.0412821434438228,0.47229642944133027,0.4876946806907654,0.4606461226940155,0.6073235514316153,0.6368256211280823,0.5894647240638733,-0.24341625086170562,-0.152087777853012,-0.3426816165447235,0.5196211268293097,0.5245627760887146,0.5155096650123596,0.7479969998623462,0.7532452940940857,0.7415210008621216,0.1434482464844242,0.3114641606807709,0.039035428315401,0.44882000824238394,0.451067179441452,0.4460140764713287,0.8011275612293406,0.8108595609664917,0.7929279804229736,-0.26195990769787036,-0.2087253630161285,-0.3199321925640106,0.5440884061316227,0.5570374131202698,0.5305675268173218,0.3446995371833761,0.5290515422821045,0.2307334691286087,0.05285741504412917,0.1162672489881515,-0.035179104655981,0.4958560901119354,0.5127967000007629,0.481247991323471,0.30475802624479253,0.4892352521419525,0.1887463480234146,-0.10679210008597592,-0.005265740212053,-0.2610881924629211,153.5712829773789,164.5028910461321,141.82701080415396,125.45866581445303,172.575913469732,80.46045926729346,130.51451269106835,178.29911791397825,66.28988989630808,105.070362432458,160.30457253217594,56.35152646638494,159.39472457732333,171.58043758423395,142.49473151320578,153.26247921216077,165.4913222575507,138.1087100532992,108.65728715619478,154.25682091410405,46.71020071061708,1
0.48796220652518735,0.512514591217041,0.472348153591156,0.49950161544225546,0.641014575958252,0.4244686067104339,0.05657075758102116,0.0767177119851112,0.0433497577905654,0.44812300705140634,0.472119390964508,0.436855137348175,0.4846112468550282,0.6289674639701843,0.4101040661334991,-0.05648873578156189,-0.0431262254714965,-0.0766686648130416,0.533918623642255,0.5664560198783875,0.5110384225845337,0.5952391182222674,0.6267425417900085,0.5779162645339966,0.08346232614900552,0.2109877318143844,-0.0144321369007229,0.4694655361354992,0.4823927581310272,0.45706906914711,0.6076969670993025,0.6336495280265808,0.5939942598342896,-0.23719839463310857,-0.1410812586545944,-0.3544358611106872,0.5189949158699282,0.5230374336242676,0.5153120756149292,0.7481011402222418,0.7556592226028442,0.7421857714653015,0.16405817874336753,0.3689723908901214,0.0482026748359203,0.44825025944299596,0.4519793689250946,0.4458452463150024,0.8036100684955556,0.8194425702095032,0.7958875298500061,-0.25775892968459796,-0.1850887835025787,-0.3439134657382965,0.5453702089607074,0.5553849339485168,0.5349740386009216,0.33416822344385166,0.5214918851852417,0.228676751255989,0.03764942544183855,0.1073092371225357,-0.030436972156167,0.49331649240627085,0.5065740942955017,0.4802964329719543,0.29351616819058696,0.480635792016983,0.185518130660057,-0.11268128482725027,-0.0311393551528453,-0.2556046843528747,155.7240300911167,163.87443753990527,147.88715162322362,128.05837365672832,171.43268681732314,78.48615054322677,132.24794199527327,176.94895524215957,55.99767116211885,106.15036971075997,154.33177708713976,54.46150625622104,158.88735528918846,171.6723989429413,136.89587807528912,156.27186059284597,169.1168919633027,142.41899888273855,113.46755242191057,157.20200359995104,46.87868739372409,1
0.49138775608449614,0.5129677653312683,0.4767432510852813,0.49296132376733814,0.6436763405799866,0.4252960383892059,0.05745479285295275,0.0745401009917259,0.0472690984606742,0.4522594283774214,0.4741700291633606,0.4391589760780334,0.4785297687323588,0.632266104221344,0.4094784259796142,-0.05738876791635769,-0.0470811761915683,-0.0745133459568023,0.534150889459646,0.5694677829742432,0.5097758769989014,0.5951231296332378,0.6282154321670532,0.578565239906311,0.09214792649134253,0.219272032380104,-0.0126428036019206,0.47190951345101845,0.489914983510971,0.4601553678512573,0.6082028099950755,0.6387975215911865,0.5952854752540588,-0.2333981805252579,-0.1475239098072052,-0.3553427755832672,0.5194606640428867,0.5250317454338074,0.5153830051422119,0.7479644991316885,0.7542380690574646,0.7427834868431091,0.17564646414709542,0.3866334557533264,0.0383206382393837,0.4488878879906996,0.4526577293872833,0.4466325044631958,0.8018593417023713,0.8145700693130493,0.7932296395301819,-0.2597325275529106,-0.1913399547338485,-0.3517362177371979,0.5462083108020279,0.5590075850486755,0.5362002849578857,0.32514988687240853,0.5267701148986816,0.2270265370607376,0.04295613592543267,0.1075948774814605,-0.0320891812443733,0.4958121675365376,0.5127528309822083,0.486029177904129,0.2841590350528933,0.4814984798431396,0.1864178627729416,-0.11183694294952555,-0.0311266835778951,-0.2593602538108825,155.46660124867063,164.0507663388923,148.55253116941032,131.72453624138066,171.67282238651205,75.88896630397966,137.10202949388747,176.82119762003953,56.4509837008287,108.9743821384469,154.72893421167964,55.01183840955522,160.06884460716614,171.65636283643846,137.0324741278575,157.42367331650777,170.61056566125222,143.16578284703672,117.40382329767121,154.64521223269145,44.74953202568171,1
0.4901919937133789,0.5139582753181458,0.4752578735351562,0.4972905123233795,0.6449445486068726,0.4254662990570068,0.05767682652920481,0.0748440846800804,0.0484078526496887,0.45155690133571624,0.475524753332138,0.4379229545593261,0.4831913205981255,0.6345868110656738,0.4094458520412445,-0.057624071650207,-0.0482009574770927,-0.0748505741357803,0.534732667207718,0.5692328810691833,0.512729287147522,0.5962840706110001,0.6278645396232605,0.580653727054596,0.09369147933437486,0.1882274746894836,-0.0251785516738891,0.4735670456290245,0.4905793368816376,0.4613202512264251,0.6099996602535248,0.6469702124595642,0.5957931876182556,-0.23334615543484688,-0.1459055691957473,-0.3431428670883178,0.519640998840332,0.5249674916267395,0.5150532126426697,0.7488561379909515,0.7549029588699341,0.7441475987434387,0.1782807290740311,0.3375976979732513,0.0226799417287111,0.4488426399230957,0.4521539807319641,0.4468962848186493,0.8015808933973312,0.8135175108909607,0.7933345437049866,-0.25783240973949434,-0.1941375136375427,-0.3413693308830261,0.546723194718361,0.5592265725135803,0.5362628698348999,0.3315167857706547,0.5239561200141907,0.2240607887506485,0.04482424386311319,0.0922542586922645,-0.0214622654020786,0.4971599993109703,0.5152393579483032,0.4852874875068664,0.29256323546171187,0.4840784072875976,0.1907894909381866,-0.11345707258209582,-0.0296441577374935,-0.247913658618927,155.24754626372567,162.5026347332558,144.69329004919598,130.12126428530624,171.21701909358146,75.14851475519009,135.9240181253472,178.21646989715236,63.33377290639275,107.50907333544528,155.56522541671643,56.62711926153247,158.41599763859872,171.6959166752506,136.9839469350511,156.5840081991206,169.20980837455014,143.1208409182487,114.55896746959876,149.21658417784363,48.60612346296145,1
0.47837387074481,0.5062897801399231,0.466399610042572,0.5025361078781087,0.6380814909934998,0.4230092167854309,0.06279779516242359,0.076931208372116,0.0452537164092063,0.43815722865062756,0.4669311344623565,0.4265331923961639,0.4873897456205808,0.626255214214325,0.4087434113025665,-0.06276179596290479,-0.04509012773633,-0.0768983364105224,0.5257310493961795,0.5540275573730469,0.501913845539093,0.5948642656043336,0.6259838938713074,0.5769752860069275,0.06102922457464773,0.1515937894582748,-0.0613758899271488,0.4636428002472762,0.4775989651679992,0.4555122554302215,0.6087680504872248,0.6356887221336365,0.590794026851654,-0.2575744662311051,-0.1650895476341247,-0.3370257616043091,0.5121065214440063,0.5151981711387634,0.5076154470443726,0.7492043670717177,0.7558143138885498,0.7408971786499023,0.13983312456172653,0.2740691602230072,-0.008043847978115,0.4421392616989848,0.4457802474498749,0.4397747218608856,0.8053370183640784,0.8172242045402527,0.7976334691047668,-0.26357294848332036,-0.1724770963191986,-0.3375801742076874,0.5320783670131977,0.5446170568466187,0.5170521140098572,0.3397606989512077,0.5122594237327576,0.2295145392417907,0.041477221947698706,0.1675004810094833,-0.037083301693201,0.48033882955928425,0.4948589503765106,0.4669792354106903,0.3020455247753269,0.4766454100608825,0.1933280527591705,-0.13399036742931045,0.0062221242114901,-0.2265041917562484,153.850238213491,164.1396619915727,125.87212109797368,121.20449310103464,169.45072134267983,75.10220931475563,125.18658451967285,176.67867919397605,60.688186835405546,98.70798994022564,162.10577082418914,54.88816584482886,160.63160339691612,173.4175177159598,143.30031373911987,156.23188071810893,169.9734725090121,142.98167858851093,113.63246640765917,159.17145599761207,48.76232808004091,1
0.4809814448905202,0.5052969455718994,0.4557882249355316,0.4725569196506939,0.5921674370765686,0.4175437986850738,0.061912208927416126,0.0805954560637474,0.0452083200216293,0.4408574534200989,0.4650463759899139,0.414770096540451,0.46547339553326633,0.5925894975662231,0.4117834270000458,-0.061866793616683034,-0.0449247024953365,-0.0806301981210708,0.5154092472738925,0.5429181456565857,0.4962252378463745,0.5804685296210568,0.5931698679924011,0.5626049041748047,0.08620212522136517,0.2427092045545578,-0.0937908440828323,0.45384271851683083,0.4704103171825409,0.4407205283641815,0.5975399412940033,0.6204293966293335,0.5835000872612,-0.1824802993673139,-0.0387801639735698,-0.4031969010829925,0.5024205528001869,0.5062276124954224,0.4980960488319397,0.7355647371933524,0.7433413863182068,0.7305066585540771,0.19767314582173012,0.4087380170822143,-0.0092679262161254,0.43143543574662335,0.4355656206607818,0.4290634393692016,0.7840648198549727,0.7950534820556641,0.7762634754180908,-0.13830279141862306,0.0302421636879444,-0.3781199753284454,0.519838027194538,0.5339508056640625,0.5018337368965149,0.2747205752978283,0.486730009317398,0.1756308674812317,0.017700645800646946,0.100801296532154,-0.0860291346907615,0.46032581339895196,0.4675958454608917,0.4533000886440277,0.2492711819642413,0.4781836569309234,0.1495626270771026,-0.1691878963492613,-0.0810805857181549,-0.2476319372653961,154.3936662377227,165.61166585042824,144.5574311857571,130.3967141830156,175.86514215695635,65.10730421047298,133.46244363815836,178.66874130803654,52.9783648207688,115.07582530738523,170.49413447332134,42.05480210532373,161.3049833536022,166.24885190528695,151.33092167496883,157.13634239934487,176.1558641224502,126.9607495442612,110.74931445737343,157.4820555189908,42.43264152024042,1
0.4824252727922502,0.5040566921234131,0.4673112034797668,0.49724719878081436,0.6320581436157227,0.4214168488979339,0.059886834246444136,0.0800843760371208,0.0431884042918682,0.44230768870521375,0.4664282202720642,0.4284036755561828,0.4825927605340769,0.6234779953956604,0.4140662550926208,-0.059833272923152485,-0.0429737977683544,-0.0800663754343986,0.5263415764976334,0.5566824078559875,0.504365086555481,0.5951456211425445,0.6282264590263367,0.5764894485473633,0.06906879556833528,0.1598702222108841,-0.0522931143641471,0.46541605251176016,0.4766667485237121,0.4555920958518982,0.6082357508795602,0.6335040330886841,0.5960336327552795,-0.24209134984802413,-0.1732783317565918,-0.3319106698036194,0.5128160466204633,0.5164466500282288,0.5097775459289551,0.7486030937551142,0.7555322647094727,0.7387789487838745,0.14556490069071013,0.2857073247432709,-0.0232815835624933,0.44233021565846037,0.4464528262615204,0.4378827810287475,0.8041255126942645,0.815970778465271,0.7949527502059937,-0.24810610662449847,-0.172211691737175,-0.3247684240341186,0.5380510445479508,0.5475385785102844,0.5257493853569031,0.3339525402247251,0.5171930193901062,0.228938803076744,0.036095719376404926,0.1368944644927978,-0.03188381716609,0.4866352611845666,0.4991989731788635,0.4737696647644043,0.29723520511454277,0.4796719551086426,0.1851750165224075,-0.13341289949040488,-0.0268981587141752,-0.2276653945446014,154.44264131511216,167.52744884572232,135.73479975864953,123.63517260219454,171.68472871493535,76.27500809773883,132.10305799790962,177.08644686276477,63.15749543870896,100.53012760566244,155.0850204375552,45.84432962414903,160.492126154034,172.06053237160222,146.773443695316,154.92743915717867,169.64793381652456,138.92443370275274,115.32015309424911,154.99803287333862,50.12820863250279,1
0.48082152263420386,0.5061561465263367,0.468093991279602,0.5049728914731886,0.635059118270874,0.4259215891361236,0.05905147337513721,0.0754685848951339,0.0396899208426475,0.44101028907589795,0.4655518531799316,0.4297978579998016,0.48971609044365766,0.6228979229927063,0.4106071889400482,-0.05897317581423895,-0.0393579676747322,-0.0754913538694381,0.5286597340572171,0.5558640360832214,0.5058012008666992,0.5960519742674943,0.6240963935852051,0.578260064125061,0.06424087711381682,0.1700411736965179,-0.0521160513162612,0.4668687174959881,0.4801060855388641,0.4569565653800964,0.6110120764592799,0.6374361515045166,0.5952594876289368,-0.24016889984287867,-0.1589404046535492,-0.3351570665836334,0.5125175321974406,0.5159630179405212,0.5080083012580872,0.7478035855584029,0.7557776570320129,0.7411159873008728,0.14238550457194807,0.3062346875667572,-0.0163125377148389,0.4426656398104458,0.4461961388587951,0.4398750066757202,0.8028889400203053,0.8077269196510315,0.7968722581863403,-0.241303954727766,-0.1479983627796173,-0.319376528263092,0.5404027009882578,0.5496233105659485,0.5326866507530212,0.34522353348935525,0.5169363021850586,0.2320629656314849,0.024052797954404573,0.0863018408417701,-0.0531936958432197,0.4882743918314213,0.5008088946342468,0.478048175573349,0.3101230509034017,0.5007613301277161,0.1941461563110351,-0.1436151257011948,-0.0688580125570297,-0.2367958575487136,154.73577286379987,163.65797578025197,145.32566330164363,120.86793483775135,163.12517174364484,76.65456150783254,126.96075315479935,175.5458336116109,62.36629520327382,95.50799027567882,142.41462100558886,42.032689582854246,158.97803475023332,170.5526543971673,146.5495470496995,154.47413965472387,170.045603725923,135.96823044337808,112.55762104801057,157.56400409889784,47.532629409920446,1
0.4811071064965478,0.5056051015853882,0.4650765657424927,0.5087206377380196,0.645437479019165,0.4303839802742004,0.06036935571110109,0.0777624323964119,0.0432232096791267,0.44182763120223734,0.4667823016643524,0.4275076687335968,0.49384143503232936,0.6342592239379883,0.4182690382003784,-0.06031207521927764,-0.0428825356066226,-0.0777746066451072,0.5299724196565563,0.5602293014526367,0.5076805949211121,0.5976403999602657,0.6257948875427246,0.5789169669151306,0.06619811862079564,0.1621832996606826,-0.0431979931890964,0.468360151367626,0.4854037165641784,0.4574100077152252,0.6123262931560648,0.6422925591468811,0.600563645362854,-0.24156608578117414,-0.1606161445379257,-0.3474818766117096,0.5133839126290947,0.517203688621521,0.5096031427383423,0.747745619423088,0.7524691820144653,0.7400654554367065,0.14046546400942161,0.2855342328548431,0.0062928940169513,0.44249728356284657,0.4456639885902405,0.4394588768482208,0.8026590696696577,0.8113296031951904,0.7967407703399658,-0.24136502646851812,-0.1485471129417419,-0.327004462480545,0.5412671196049658,0.5513291954994202,0.5316066145896912,0.3497017553482933,0.5264396071434021,0.2280638068914413,0.02972798697695926,0.090485043823719,-0.0361881367862224,0.48944606554919273,0.5033828020095825,0.477585881948471,0.3130747872865063,0.5051104426383972,0.1960603892803192,-0.13948670355067855,-0.0686804428696632,-0.2548536360263824,154.44254747057641,161.93305516369682,146.4777732649525,120.16936724068697,167.0593685013664,72.94913836570282,125.36985949125264,174.8396689074872,62.37224503601274,96.78229791828659,147.31006188938727,46.87684235486648,158.73182933211993,170.39748737867413,143.71542670846142,154.29344156042472,170.537842692961,137.50492219083463,110.11843040846804,158.84444662429314,46.63458168903945,1
0.47938533259762656,0.505079984664917,0.4579766690731048,0.5042448159721162,0.6352295279502869,0.4287654161453247,0.06000021186967687,0.078652299940586,0.0420874245464801,0.43973079125086467,0.4654809236526489,0.4211583137512207,0.49001280830966104,0.6296768188476562,0.4115236401557922,-0.059921764954924545,-0.0417577475309371,-0.0786754041910171,0.5263799217012194,0.557983934879303,0.5054777264595032,0.5955728769302369,0.6238927841186523,0.5782149434089661,0.06126286438795633,0.1532393544912338,-0.0461475662887096,0.46604971289634706,0.4818176031112671,0.452358603477478,0.6097072548336453,0.6399582624435425,0.5943214893341064,-0.24120533267656963,-0.1506533920764923,-0.3469156622886657,0.5130203816625807,0.5159969925880432,0.5081753730773926,0.7490052713288201,0.7539705634117126,0.7409640550613403,0.12989576428533633,0.270755797624588,-0.0490904971957206,0.4423493994606866,0.4456646740436554,0.4392723441123962,0.8022023929489983,0.8114818334579468,0.7948687672615051,-0.24293745110432308,-0.1512980163097381,-0.3237423300743103,0.5377688871489631,0.5478261113166809,0.5282546281814575,0.3452968231505818,0.5186904072761536,0.2281516194343567,0.034036321199447314,0.1234612315893173,-0.0339497365057468,0.48698246247238586,0.4975955188274383,0.4784413576126098,0.30992014871703255,0.4922036528587341,0.1975465714931488,-0.13344456089867482,-0.058652140200138,-0.2576816380023956,154.06855527559256,159.45651797861566,145.22339938733998,121.50581061281545,165.65830186331073,72.98800176086017,128.53544468712653,176.54924885893743,65.13399089519528,98.59648923037261,150.28782934949825,47.366491992414325,159.29655766900564,169.25573874651786,148.22805474437544,154.54910162126296,171.6169682998389,139.4585523732782,111.88005323808744,159.64984303707155,51.559481800916025,1
0.4813464407366936,0.5070201754570007,0.4643429815769195,0.49929139319092336,0.6397274732589722,0.425302654504776,0.059702277296420254,0.0758495777845382,0.0411087609827518,0.4416847894288073,0.4673252999782562,0.4273823201656341,0.48350826146626713,0.625897228717804,0.4095236659049988,-0.059653317725116506,-0.0408306308090686,-0.0759275928139686,0.5253256107821609,0.5566109418869019,0.5036500096321106,0.593708665684016,0.6232675909996033,0.5700727105140686,0.06467132480853856,0.1572025269269943,-0.0573196858167648,0.4656065497735534,0.4802808463573456,0.4540402293205261,0.6063581313749756,0.6355504393577576,0.5951226353645325,-0.24043865441673934,-0.1682465225458145,-0.3587856292724609,0.5124381690314321,0.5155554413795471,0.5081238150596619,0.7478061276252823,0.7542970776557922,0.7424278259277344,0.13965965056970636,0.2820261716842651,-0.0035125229042023,0.4424001159089984,0.4465269446372986,0.4397964477539062,0.8024036944514573,0.8113129138946533,0.7942354679107666,-0.2461583453296411,-0.1635065674781799,-0.3284072875976562,0.5391303650056473,0.5480582118034363,0.5286731123924255,0.3381354125461193,0.5193344354629517,0.2300355583429336,0.03076789230802047,0.1012674644589424,-0.0469148345291614,0.48636681594029824,0.4985038638114929,0.4780934453010559,0.30217756601897156,0.4871881008148193,0.1927942633628845,-0.1373215820452179,-0.0635435730218887,-0.2610213160514831,155.04921439618366,161.13487815514569,147.4612431041607,123.26168653432883,165.5355297636493,75.76094613532116,129.18575436205015,176.38074780408135,63.56769866590006,98.61386255578198,142.58273186346102,52.10413210325071,159.68070021329953,170.50112802361215,142.70236393664925,155.3558554034172,169.7714247307779,135.01580132908475,113.00274157483766,159.93295736213685,48.75808120327171,1
0.47877838847401377,0.5044191479682922,0.4610686004161834,0.5033706239946596,0.6373519897460938,0.428160011768341,0.06162898385753993,0.0785729214549064,0.0436378307640552,0.43978180695366076,0.4655178487300873,0.4245620965957641,0.4879369719342871,0.625653862953186,0.4132439792156219,-0.06157788491019832,-0.0433950461447238,-0.0785815417766571,0.5249199415301229,0.5537290573120117,0.5019112825393677,0.5952216563643989,0.6228816509246826,0.5771237015724182,0.05648204836077157,0.1477194726467132,-0.0594863481819629,0.465153796004725,0.4775355160236358,0.4553987085819244,0.609077683516911,0.6344567537307739,0.5985020995140076,-0.24379014166501853,-0.1652871072292328,-0.3371340632438659,0.5123564627144362,0.5148121118545532,0.5080459117889404,0.7485616619770343,0.7545055747032166,0.7416021227836609,0.12941731809341644,0.2530456781387329,-0.0164308529347181,0.4425046545463604,0.4464004337787628,0.4393486082553863,0.8025345271760291,0.8101217150688171,0.7948182225227356,-0.2457339979790069,-0.160698264837265,-0.3156458437442779,0.5364514386260902,0.5466476678848267,0.5263563394546509,0.34311363903375774,0.516172468662262,0.2281420528888702,0.032748547872940334,0.1120623275637626,-0.0703743323683738,0.4868887384514232,0.4986098110675812,0.4777911305427551,0.3093995772875272,0.4945226013660431,0.1968694776296615,-0.14091458797946077,-0.0483694225549697,-0.2522399723529815,154.32014996845484,160.2347169248992,145.9328216386877,121.9071047535491,167.14378300236552,72.78752453393204,126.15497823653885,176.2382936969572,56.46242921246152,97.36519021155543,147.75749363045307,48.98462453207805,159.36881426032457,169.60253684583776,142.9386902683665,155.07312358600268,170.42435847341642,132.10933566325593,111.23609025191787,158.2753078816245,45.35013390090944,1
0.4784444701103937,0.5021528601646423,0.4579614996910095,0.4958250159309024,0.6304629445075989,0.4262163639068603,0.05879396405957991,0.0772949457168579,0.0433393232524395,0.43923105427197046,0.4638150334358215,0.4216417670249939,0.4808762890951974,0.6255031228065491,0.412881076335907,-0.058747672537962564,-0.0430340990424156,-0.0772833079099655,0.5227446192786807,0.552853524684906,0.5011292099952698,0.5929331785156613,0.6208915114402771,0.5708412528038025,0.05656011598323293,0.1412929147481918,-0.075697436928749,0.4646055105186644,0.4740477800369262,0.4539802968502044,0.6064079460643587,0.6302385330200195,0.5950470566749573,-0.23741745750109355,-0.1670885533094406,-0.353905975818634,0.5123867494719369,0.5155120491981506,0.5087488293647766,0.7496707030705043,0.7563949823379517,0.7431722283363342,0.11891775329741427,0.2731693089008331,-0.04073416441679,0.44182400902112323,0.4447518289089203,0.4400377571582794,0.8018142944290525,0.8112397789955139,0.7924670577049255,-0.24567456912426722,-0.1802528500556945,-0.3297524154186249,0.5338482328823635,0.5457566380500793,0.5238339304924011,0.3357932414327349,0.5131394267082214,0.2316588908433914,0.04161144448333374,0.1171141043305397,-0.0474161393940448,0.48394522269566853,0.4983443915843963,0.4751461148262024,0.3017222512336004,0.4950655996799469,0.1965270340442657,-0.12145986124163578,-0.0263583436608314,-0.265619158744812,155.0303303625891,161.79440016026876,145.68833651064446,125.27204260942652,168.342041505571,76.57543929554228,132.12153352318413,177.17198275286978,65.66469732912488,103.42591067520802,156.29410895167103,44.8140937152965,160.21410640478456,170.1485240534695,146.01562201220057,155.02411428359267,170.21298588307252,137.29198755388387,114.18677928331954,160.3451965434149,51.56185750978462,1
0.47616382331951806,0.500921368598938,0.4586009085178375,0.5056549388429393,0.6306213140487671,0.4276914596557617,0.05886790674665696,0.0773318260908126,0.0484228022396564,0.43790777999421826,0.4630880951881408,0.4227965772151947,0.4913246469653171,0.6248720288276672,0.4145654141902923,-0.05880660660888834,-0.0481972843408584,-0.0772897377610206,0.5249279964229335,0.553946852684021,0.5016379356384277,0.5952467218689297,0.6227769255638123,0.5717701315879822,0.05025761948301172,0.1546476483345031,-0.0721975341439247,0.4675455235916635,0.4830739796161651,0.4550976753234863,0.6102573968794035,0.6442404389381409,0.5941706299781799,-0.23921928020275157,-0.15658038854599,-0.3362816572189331,0.512702539563179,0.5158703327178955,0.5084820985794067,0.7485400509575139,0.7567642331123352,0.7387961149215698,0.1096516829135868,0.3281585872173309,-0.0349449999630451,0.4422514694540397,0.445478618144989,0.4400840997695923,0.8002546170483464,0.8064802289009094,0.793351411819458,-0.24076994767655496,-0.1793192923069,-0.3208130002021789,0.5356042896923812,0.5482912659645081,0.5259234309196472,0.3477477892909361,0.5110697150230408,0.2260996997356414,0.03831758411125399,0.1222485825419426,-0.0593001134693622,0.48783531396285346,0.5042905211448669,0.4763989746570587,0.3162964671526266,0.4941343069076538,0.1976182907819748,-0.12427676509579882,-0.0362326242029666,-0.2621334791183471,155.23483875103918,162.50041878789366,148.09935187478973,121.0526455052258,165.91329935208094,76.56923999667647,127.83006820531251,176.73885832879532,63.81754111508407,100.03383471534544,154.36585147263682,53.94771861100728,158.6276618740741,169.79252370190667,145.01449702386375,154.1057631900857,170.76395606362752,134.11563172743112,111.84817322044971,161.10145044714469,51.33159458134463,1
0.4813680721051765,0.5072314739227295,0.4644279181957245,0.4997993117631084,0.6383877992630005,0.4279597401618957,0.059651052598098275,0.078820414841175,0.0429618619382381,0.4417619289773883,0.4675470888614654,0.4281865954399109,0.48436213563186953,0.6241040229797363,0.4128674864768982,-0.05960488240375658,-0.0426885895431041,-0.0788923799991607,0.5253569718563196,0.5564447641372681,0.5041016936302185,0.5935015220834752,0.6223081946372986,0.5701944828033447,0.06600842834700182,0.1721018850803375,-0.0544376149773597,0.4656174188912517,0.4806226193904876,0.4537615776062011,0.6066392112259913,0.6352620720863342,0.5964919328689575,-0.24231089636532946,-0.1721543669700622,-0.3489581048488617,0.5122965610388553,0.51573246717453,0.5083940029144287,0.7476092715456029,0.7544332146644592,0.7436690330505371,0.1420332979095742,0.3086273968219757,-0.0029133993666619,0.4424205825786398,0.4465024173259735,0.4396555125713348,0.8027900216555355,0.811783492565155,0.7961459755897522,-0.24916681722559111,-0.1634858697652816,-0.3198894262313843,0.5388940024857569,0.5476551055908203,0.5284238457679749,0.33807556195692584,0.5198618769645691,0.2299520373344421,0.028778426399727258,0.0996269136667251,-0.0498045682907104,0.48663843520964034,0.4987129271030426,0.4782271981239319,0.302143797428921,0.4834330677986145,0.1944678127765655,-0.14001237683826018,-0.0813089683651924,-0.2575748562812805,154.73514081633527,162.01112529864045,127.73631804095848,123.06013913007166,167.07495582602988,77.3506160803163,129.13267629007615,176.3226346494109,63.15741924476331,97.58605568471395,140.3001313738379,53.08521873677253,159.8452316255865,171.43840798684806,147.17667876837342,155.5245514099577,170.32498353654515,135.01116773370856,113.28797909112593,160.97522615254064,48.06297135898441,1
0.47917549477683175,0.504463791847229,0.4579859673976898,0.5041667073965073,0.6369470953941345,0.4282698035240173,0.060719514596793346,0.0809019953012466,0.0422942116856575,0.43960856397946674,0.46518075466156,0.4211707711219787,0.4895708762937122,0.6289882063865662,0.4117743968963623,-0.06065319987634814,-0.0419691354036331,-0.0809659510850906,0.5263849861092038,0.5581615567207336,0.505594789981842,0.5955213824907939,0.6237318515777588,0.5741825699806213,0.06006938574395865,0.1542550921440124,-0.0487294606864452,0.4659354252947701,0.481535404920578,0.4522891044616699,0.6096934696038564,0.639012336730957,0.5956105589866638,-0.24209697826041116,-0.1589746624231338,-0.3487527966499328,0.5130567921532525,0.515762448310852,0.509091317653656,0.7488747828536564,0.7545868754386902,0.7412770986557007,0.12801917658523757,0.2908351719379425,-0.0386863127350807,0.4424129237731298,0.4457190632820129,0.4390832781791687,0.8022344165378147,0.8107666969299316,0.794944703578949,-0.24299302945534387,-0.1512088179588318,-0.3284644484519958,0.5377119600772857,0.5478783845901489,0.52721107006073,0.34580848515033724,0.5199972987174988,0.2286439090967178,0.03238035675151168,0.1119629219174385,-0.0394269376993179,0.4868889904684491,0.4975418746471405,0.4775354564189911,0.3093155304590861,0.4891997873783111,0.1945622414350509,-0.13666122423277957,-0.0707596838474273,-0.2687187790870666,153.99835630860528,159.2888615254896,145.86112733597008,121.29286338606266,166.5713119860473,73.05410877128969,128.18271085719755,177.0511850783031,64.73990555551191,98.055420534784,146.57494703284834,48.83174750004464,159.2900050308205,168.7155666127866,148.74719130971113,154.48426596831854,171.7542939887117,138.22840523097818,111.93136111778638,159.98229327998305,50.78935479826702,1
0.4822143692719309,0.5070880651473999,0.4707211554050445,0.506589097412009,0.6134083271026611,0.4216906428337097,0.06450504241021053,0.0787623971700668,0.0459207333624362,0.44669613869566666,0.4709510505199432,0.436599999666214,0.493429407085243,0.5953300595283508,0.4128422737121582,-0.06453617382794614,-0.0459288470447063,-0.0788268074393272,0.5202238402868572,0.5416112542152405,0.5011407732963562,0.6193498020109377,0.6555622816085815,0.5918518900871277,0.02490150508636264,0.0829351916909217,-0.0617990754544734,0.49178385420849446,0.5145772099494934,0.4713548123836517,0.6156419915588278,0.6442880630493164,0.5975589156150818,-0.19600184026517367,-0.1062967032194137,-0.292585551738739,0.5034133395866344,0.5081055164337158,0.4998822510242462,0.7611927813605258,0.7674532532691956,0.7513076066970825,0.08345849488518736,0.1403004378080368,0.0079743098467588,0.4524692775387513,0.458944171667099,0.4452977180480957,0.7859198749065399,0.7952032685279846,0.7812514901161194,-0.1634318606535855,-0.0600106604397296,-0.2585914433002472,0.5262019242111006,0.5360403060913086,0.5152872204780579,0.32723765349701833,0.4555673599243164,0.2277743369340896,0.06988838802030119,0.1509848088026046,-5.972252256469801e-05,0.4752978239404528,0.4852154552936554,0.4635396897792816,0.2903768528056772,0.411641001701355,0.191133514046669,-0.1069403986990724,0.0031023218762129,-0.197349801659584,155.48725044098043,162.60668536592098,140.7355066356321,116.1125206668933,167.12459898619443,65.67070965746532,127.50527941455762,173.79354102565003,77.63355137727274,116.96600911308482,174.42957234931572,74.77060590579369,162.55355524270757,175.21985733507685,148.4993673943909,159.7704280569591,169.07538591440223,150.47286333188768,130.41130887534197,165.3873070875036,84.5467507060866,0
0.4795696996662715,0.5012686848640442,0.467617928981781,0.49772476374286495,0.6128475069999695,0.4227268397808075,0.0655365804184789,0.081882543861866,0.0478737130761146,0.4436716049501341,0.4640694260597229,0.4321468472480774,0.4833748736610151,0.5971459150314331,0.4131222367286682,-0.06556779202328965,-0.0479768142104148,-0.0819907560944557,0.5171261413456643,0.5397809147834778,0.498883455991745,0.6148207032517211,0.6536218523979187,0.5911097526550293,0.024400626170075768,0.0886764079332351,-0.0797693207859993,0.48840833281817503,0.5127570033073425,0.4702300131320953,0.6150663209288088,0.6435242891311646,0.5947729349136353,-0.19352767698160586,-0.1094626113772392,-0.2739090025424957,0.5037432631401166,0.5053555965423584,0.5019527077674866,0.7591038836191778,0.7640734910964966,0.7494338154792786,0.08205840423422517,0.161889299750328,-0.0305585879832506,0.4508853942564089,0.4563161730766296,0.4482690989971161,0.7881735155027206,0.7923558354377747,0.7848334312438965,-0.1646726280450821,-0.0841874554753303,-0.2600363790988922,0.5268886897661914,0.5354950428009033,0.5170781016349792,0.3264241881974756,0.4675318300724029,0.2300463616847992,0.07322894857368312,0.1504943817853927,-0.0224699471145868,0.47794513710557596,0.490489661693573,0.4635834097862243,0.28465819685426474,0.421360582113266,0.1913927495479583,-0.10881476946137619,0.0090610971674323,-0.1913143098354339,153.77883446153487,162.4772466334698,139.2081288470061,120.02446393666003,168.4531659303604,66.50084678710654,130.15432024260434,170.09415718396605,84.55262134701185,118.49549395530842,173.637910121067,66.27037562788625,164.6057182984099,176.15535061660813,151.80065670328526,155.264745536585,166.48965002931874,143.30167031837843,130.27842233394696,163.06581811882927,88.82060767610885,0
0.4831546626563342,0.4994497895240783,0.4570392966270447,0.48217935072925855,0.5996975302696228,0.4231909811496734,0.06933305756944527,0.0908300504088401,0.0510084703564643,0.44397084358728156,0.461296021938324,0.4154905378818512,0.47411725768503155,0.594918429851532,0.4174872636795044,-0.06936111336327945,-0.050939206033945,-0.0909337997436523,0.5168355734280821,0.5466583371162415,0.4970383644104004,0.5900087350944303,0.6086369156837463,0.5654290318489075,0.11135750014789596,0.278501033782959,-0.1008933335542678,0.45714896355035173,0.4876663982868194,0.4359181821346283,0.6059333119752273,0.6312194466590881,0.5834839344024658,-0.1931950213598474,-0.0109648592770099,-0.3998156189918518,0.504433384481466,0.5159523487091064,0.4999446868896484,0.7355743984006485,0.7446621656417847,0.7198934555053711,0.24325286939669893,0.4660042226314544,0.0094099175184965,0.423763300450343,0.4297672808170318,0.4202322363853454,0.7904114132782198,0.7976526618003845,0.7762928605079651,-0.150571666846825,0.0881168991327285,-0.3473158776760101,0.5193931668434503,0.5396026372909546,0.5006439685821533,0.27369208015360924,0.4725997149944305,0.1735877394676208,0.03324092920349426,0.1169018596410751,-0.0949528291821479,0.4637858594925898,0.4905835688114166,0.4473866522312164,0.25568019289453076,0.4666965305805206,0.154945895075798,-0.18292103946771263,-0.0896599441766738,-0.2868252992630005,152.84413480146458,167.47679714617726,146.23482859921387,128.72712691009653,176.44464759513627,64.84874179602942,132.41013381861654,178.26241410742946,55.90967583884844,112.6535808558481,171.34562109188275,46.4064190661986,161.27698582115667,169.854253793954,151.13708154111396,158.08569090969024,176.33686390457603,129.58734867062842,111.97960172067559,154.23455774845937,47.25297540034419,0
0.48531044107764515,0.5037931203842163,0.4711101949214935,0.4775338608827164,0.5752013325691223,0.4237158894538879,0.06650656061385989,0.0858471021056175,0.0452915281057357,0.4482302478889921,0.4679447114467621,0.4325377643108368,0.4665060448112772,0.5642995834350586,0.4111287295818329,-0.0665588759219468,-0.0453451983630657,-0.0859683379530906,0.5214921698641422,0.5468131303787231,0.5013116598129272,0.6021651020690576,0.6216987371444702,0.5905543565750122,0.05033008510563103,0.1344921439886093,-0.0516336560249328,0.4717564315938238,0.4823606312274933,0.4640820324420929,0.6144898471547596,0.62928307056427,0.6027022004127502,-0.22319260462006524,-0.1082067191600799,-0.3926872014999389,0.5079548848209097,0.5095345377922058,0.5046495795249939,0.7553668564824916,0.7577095031738281,0.7515872120857239,0.128685636696086,0.2697032690048218,0.0188992321491241,0.44658084680784993,0.450417160987854,0.442047506570816,0.7984827089665542,0.8019483685493469,0.7954528331756592,-0.22240265525543867,-0.1140945628285408,-0.3503250777721405,0.519587337081112,0.533784806728363,0.5092076659202576,0.293575193899781,0.4162739813327789,0.2245514243841171,0.07089490303552512,0.1604152172803878,-0.0371242053806781,0.4686124996462865,0.4791612923145294,0.4589415788650512,0.26104946367776216,0.3910088241100311,0.1887928545475006,-0.11409055930736069,0.0166443567723035,-0.2418673634529113,157.15726766411592,161.4585199018708,149.47996731170812,133.54496918737334,171.3662475975466,70.73054661682927,136.8394469386124,177.5719101006226,66.79086549337923,123.3083068132517,177.5601168758662,62.6576020388688,167.26289415835987,176.6937826330367,154.01678635856803,156.89150911169267,170.70559699491898,144.6701998767084,130.7268818267156,165.19483990524498,77.6276691316195,0
0.4832087484689859,0.5048323273658752,0.4705524742603302,0.4840044700182401,0.5885043144226074,0.4235946536064148,0.06587809759836925,0.0858327150344848,0.048160720616579,0.4462748830135052,0.4686653912067413,0.4315435290336609,0.4713976924236004,0.5762977600097656,0.4122911095619201,-0.06590995645293818,-0.0482163429260253,-0.0858963504433631,0.5238125296739432,0.5498242974281311,0.5041947960853577,0.600515172114739,0.6179810762405396,0.589531421661377,0.039996976444784255,0.1083667054772377,-0.0807445794343948,0.4702235643680279,0.4815695583820343,0.4616494178771972,0.6137225664578951,0.6328586935997009,0.6029894948005676,-0.23220927107792635,-0.1247042343020439,-0.3529996573925018,0.5069908646436838,0.5087993741035461,0.5046764016151428,0.7534469347733718,0.7568539381027222,0.7494746446609497,0.11618327956216837,0.2293573915958404,-0.0018521044403314,0.44683940639862646,0.4496254324913025,0.4447856247425079,0.7976155528655419,0.8015371561050415,0.7941029071807861,-0.23119460665262662,-0.1266418695449829,-0.3447710275650024,0.5241129480875455,0.5369998216629028,0.5118836760520935,0.30599545607200035,0.4397473931312561,0.2303554564714431,0.07981394275825898,0.175081193447113,-0.0204703584313392,0.4740171450835008,0.4869315922260284,0.4613029658794403,0.2721100979126417,0.4071728885173797,0.2002236545085907,-0.11188387262372995,0.0176090113818645,-0.2067569345235824,157.31043977482346,164.57059500464865,149.00374173824298,130.2562665414735,168.805806414383,75.4759939601453,131.29942729013183,174.80811720908636,61.90187654677429,118.71766657541174,171.26398518446695,63.32169756132095,164.31094475608938,174.0803274459371,129.6993692974777,157.35893626632566,168.92282696264775,144.73227296790856,128.30786492589272,156.2736020837424,70.86251264490832,0
0.4857150864601135,0.504526674747467,0.4718669056892395,0.4900368658701579,0.5889454483985901,0.4272858202457428,0.06852553879221275,0.0870308205485344,0.0534541942179203,0.44945059418678285,0.4708293378353119,0.4344308078289032,0.47713889996210734,0.577198326587677,0.4147744476795196,-0.0685431442658106,-0.0533633306622505,-0.0870725885033607,0.5275974980990092,0.552677571773529,0.5081786513328552,0.6044052855173747,0.6261520385742188,0.5878121256828308,0.05105710785370319,0.1134050190448761,-0.0564332567155361,0.4745610419909159,0.4865041971206665,0.4673040211200714,0.6176316118240357,0.6412648558616638,0.6054390072822571,-0.2281968074043592,-0.1111845299601554,-0.3545418977737427,0.5072698227564494,0.509588897228241,0.5050078630447388,0.7538387322425842,0.7564355731010437,0.750953197479248,0.13712691659728685,0.2477933317422866,0.0317938178777694,0.44789074659347533,0.45247882604599,0.4451887905597687,0.7969340268770854,0.8008099794387817,0.7935916185379028,-0.21455356995264688,-0.1356654316186905,-0.3266233503818512,0.5289823468526205,0.542136549949646,0.520483136177063,0.31030055542786916,0.4452155828475952,0.22909015417099,0.06979666952509431,0.1396605819463729,-0.0449910685420036,0.4798053721586863,0.4915054440498352,0.4712029993534088,0.2762320566177368,0.412882387638092,0.19589264690876,-0.1333130802462498,-0.0297186356037855,-0.2192159295082092,157.23949527631416,163.4660612307063,150.31924831026362,127.28640808575392,170.59135751285743,72.2942508849662,129.29052704018306,176.6433522068886,64.70051043318612,115.10717326805532,169.14014391822286,62.75517979208283,164.53815851090616,174.02508307658366,152.96214435323995,158.97012320442366,169.4834813836476,140.59241394076415,127.29589211240832,157.5241978820542,68.27426507959726,0
0.48555464209879146,0.5068273544311523,0.4697469770908355,0.48381322841433916,0.5712799429893494,0.4261596202850342,0.07014974847655081,0.0868382826447486,0.0581902377307415,0.44906946271657944,0.472944051027298,0.4333283603191376,0.47017492134781447,0.5557007789611816,0.4138969182968139,-0.07017938989926782,-0.0581450387835502,-0.0869541019201278,0.5260823333964628,0.5478547215461731,0.5076032876968384,0.6034117525114733,0.6219843029975891,0.591048538684845,0.046575785183128604,0.1159592568874359,-0.0635004118084907,0.47311704036067515,0.4830766022205353,0.4671002924442291,0.615999475998037,0.6345282793045044,0.6044501662254333,-0.2364904922159279,-0.1168906688690185,-0.3649408519268036,0.506809165372568,0.5094565749168396,0.5034404397010803,0.7541217909139746,0.7570261359214783,0.7508213520050049,0.13477031734552886,0.1989068239927292,-0.0051040621474385,0.44797807405976686,0.4520204365253448,0.4456091821193695,0.7972445575629964,0.8001670837402344,0.7946192622184753,-0.22284361544777365,-0.1095409765839576,-0.321169763803482,0.5298008226296481,0.5392240881919861,0.5199523568153381,0.30319709988201365,0.4254934787750244,0.2289124876260757,0.06713479158112447,0.1369436830282211,-0.0126680340617895,0.47934244485462413,0.4879229366779327,0.4704147279262543,0.2694256665075527,0.3916015625,0.1947366148233413,-0.14043917315190324,-0.0406624041497707,-0.2330078184604644,155.96494099294387,161.5463000085553,149.91353801788148,127.9450293866253,168.88143976146625,76.23498956544313,129.564150337265,173.6707263299903,68.0015494048021,114.06775995796616,166.42927594051935,64.21580023538579,163.88325763069264,175.73739316702293,151.37532107708267,159.7665980312533,169.13212846952632,147.01960585641464,128.9010557582613,156.9944936653766,79.10927165479794,0
0.4880853218562675,0.5063463449478149,0.4731380641460418,0.4832024240132534,0.5718696713447571,0.4286684691905975,0.068556897342205,0.0875533744692802,0.0550968870520591,0.4515193678212888,0.4727449417114258,0.4354535341262817,0.4706355062398044,0.5565730929374695,0.4184499979019165,-0.06859243362013134,-0.0551389567553997,-0.0876632779836654,0.5275318559372064,0.5483480095863342,0.5118185877799988,0.6037271329850862,0.6205809116363525,0.5927691459655762,0.05925462316637009,0.1505300402641296,-0.0706956386566162,0.4727954421982621,0.4802479743957519,0.4677824676036834,0.6164638445232854,0.6302981972694397,0.6045013666152954,-0.23218228272867925,-0.1175154373049736,-0.3862414360046386,0.5072454512119293,0.509361207485199,0.5048075914382935,0.753495247075052,0.7562586069107056,0.7514888644218445,0.15130964542428646,0.3092062175273895,0.019550185650587,0.44738012642571423,0.4497833549976349,0.4457439482212066,0.797404529470386,0.7992947101593018,0.7938929200172424,-0.22679379492095023,-0.126503586769104,-0.3448028564453125,0.5294831178405068,0.5417528748512268,0.5210092663764954,0.3005093392549139,0.4229200482368469,0.2289276421070099,0.057399260238250406,0.1386514157056808,-0.0370143093168735,0.47918398994388,0.4862978756427765,0.4729905724525451,0.2659949913169398,0.3875909447669983,0.1952375769615173,-0.13741842008224034,-0.0313129685819149,-0.2438015192747116,156.74441237036822,162.71099768598887,148.74135476617428,131.29417093298648,171.61266829043743,75.11564720632929,133.89252851528474,173.54576063620345,62.53077777420413,116.39582801272743,167.059400473458,63.566845805358206,165.1419054821949,175.57552897234982,154.37552556336465,158.01143247649614,168.64813683670164,143.2938740956555,130.3151553533677,157.18412111459494,76.41476488492877,0
0.48519983688990276,0.5060170888900757,0.4719322621822357,0.49405449877182644,0.5798697471618652,0.4289712309837341,0.06870535550018149,0.0893354788422584,0.0550006069242954,0.4479131783048312,0.472928375005722,0.4329222738742828,0.4807392885287603,0.5662904977798462,0.419320672750473,-0.0687368928144375,-0.0549524016678333,-0.0894577428698539,0.5301064610481262,0.5496280193328857,0.5104228258132935,0.605152768890063,0.6192229390144348,0.5902842283248901,0.03613621005788445,0.1178643330931663,-0.0870541781187057,0.47280721416076027,0.4794451892375946,0.4679189622402191,0.6189359982808431,0.6378828287124634,0.6068814396858215,-0.24450526833534242,-0.1075335964560508,-0.3849276602268219,0.5074321120977402,0.5096009373664856,0.5056166052818298,0.7535946756601334,0.7569981217384338,0.7504709362983704,0.13070298587748158,0.2888376116752624,-0.0159027855843305,0.4477113977074623,0.4510407745838165,0.445708155632019,0.7977798769871394,0.801170825958252,0.7928636074066162,-0.22323363050818443,-0.1072350069880485,-0.3413135111331939,0.5303062836329142,0.5402401685714722,0.5211876034736633,0.3150428588191668,0.4376556873321533,0.2289969474077224,0.05236928472392412,0.127440258860588,-0.0356487222015857,0.47971446166435877,0.4873249232769012,0.4713353812694549,0.28216867422064146,0.4046302735805511,0.1955576539039611,-0.14866318665444844,-0.0321353785693645,-0.2305278778076172,156.05083889534708,159.96056792878267,146.9214896038953,123.23071642055116,170.8184254497546,75.48614498696253,122.56324109589762,172.51689164100358,62.74830996115593,109.18350495999212,165.9148516910598,63.508585912993,163.79297919622985,175.35276470901465,152.6293287541604,159.21900367523872,171.08845174283633,141.50483606948103,125.69296628569622,157.95473064986172,70.6651742305596,0
0.4880076249440511,0.507783830165863,0.4720638394355774,0.4877761545635405,0.5766617059707642,0.4278850853443146,0.06815352562874079,0.0883110240101814,0.0545801967382431,0.4518120974775345,0.4738826751708984,0.4347314536571502,0.4741944997083573,0.5624951124191284,0.4163222014904022,-0.06816337015184142,-0.054661750793457,-0.0884062126278877,0.5289483221750411,0.5503633618354797,0.5116817355155945,0.6039966269144936,0.6199448704719543,0.5915849208831787,0.04661280876173385,0.1148209348320961,-0.0716179460287094,0.4743703405062358,0.48258838057518,0.4694752097129822,0.6178537171984476,0.6344037055969238,0.6065850853919983,-0.2313420588061923,-0.1168768629431724,-0.3698735237121582,0.507563262704819,0.5093677639961243,0.5055246949195862,0.7535063198634556,0.7560823559761047,0.7500120997428894,0.13422947033633667,0.2500053942203522,0.0026050254236906,0.4478387421085721,0.4508842825889587,0.4460460841655731,0.7972710681340051,0.8012478351593018,0.793091893196106,-0.22093800372547573,-0.1020841747522354,-0.3387203514575958,0.5315804121986268,0.5406277179718018,0.5234748721122742,0.30761486055359005,0.4379252791404724,0.2250479012727737,0.06454736175429486,0.1389154344797134,-0.0045387004502117,0.48230967067536856,0.4905165135860443,0.4753853976726532,0.27332099349725814,0.4047196507453918,0.1925663501024246,-0.13536403739144875,-0.0247342120856046,-0.2257688343524933,156.29189079720092,164.5512563199607,148.773983299615,129.0126556533786,173.0115906107773,78.17762329563459,129.13209218154543,176.48029076649277,63.36355466602349,115.19245490145859,168.29194482892987,62.679918747619176,164.25044047242952,176.54661044620406,149.70357150901745,159.3669360965505,169.9724018085806,146.01645982262565,127.45922194984563,158.30331322284866,73.71899843241296,0
0.4881293038206716,0.5059495568275452,0.4703876674175262,0.4858518281290608,0.5730135440826416,0.4301301836967468,0.06870662234723564,0.0857629254460334,0.0599751733243465,0.45225985059815066,0.4729624390602112,0.4335772097110748,0.47256243949936283,0.5574913620948792,0.4185419976711273,-0.06873728328895182,-0.0600394196808338,-0.0858856961131095,0.5292513687764445,0.5477467179298401,0.5147503018379211,0.6034553166358702,0.6179800033569336,0.5917614102363586,0.045851499424315975,0.1104132309556007,-0.0537501350045204,0.47405835841932603,0.4817937612533569,0.468558520078659,0.617845368962134,0.631806492805481,0.6048666834831238,-0.2275262350036252,-0.1219289153814315,-0.358034610748291,0.5073920488357544,0.5093609690666199,0.5049751400947571,0.7543287584858556,0.7575180530548096,0.7505671977996826,0.1275866888350837,0.2062707245349884,-0.0029657713603228,0.4482427066372287,0.4511807858943939,0.4461331963539123,0.7970298865149098,0.8021796345710754,0.7903121709823608,-0.2183607965707779,-0.1091181561350822,-0.327510267496109,0.5302546899164876,0.5390040278434753,0.5227123498916626,0.30426052549192983,0.4294915199279785,0.227103978395462,0.06978712753287604,0.1461633890867233,-0.0138135002925992,0.48198908134814233,0.4884281456470489,0.4768233597278595,0.2698830548794039,0.3974557518959045,0.1969679594039917,-0.1299400379460665,-0.0392256490886211,-0.215221956372261,156.2480478534509,160.18840846256626,142.47026007623643,130.54431996181032,171.1752005054032,74.6806597115077,130.31799638078613,172.14416766969333,65.17698918479498,117.91050991335499,165.19009407544942,64.00544993988791,163.64796850996535,173.3823004454011,153.41698148243006,160.09422989946808,170.3684976191613,144.31417738111358,129.72803917328386,158.83160264164025,74.95321388020119,0
0.49134401220541735,0.5087198615074158,0.4783415496349334,0.48808746154491717,0.576915979385376,0.4295328557491302,0.07127111135767052,0.0874219834804534,0.059683408588171,0.4544317685640775,0.4756882488727569,0.4393574595451355,0.4755679763280428,0.5637580156326294,0.419358879327774,-0.07130233886150208,-0.0597386211156845,-0.0875287130475044,0.5305952255542462,0.5502879023551941,0.5137438178062439,0.6045031153238737,0.6238022446632385,0.5902612805366516,0.044383793872279594,0.1658337265253067,-0.095882311463356,0.4737789259507106,0.4839573502540588,0.4665264189243316,0.6176129726263193,0.6317368745803833,0.6045743227005005,-0.24244573689424076,-0.1315425187349319,-0.36438649892807,0.5074641191042386,0.5096689462661743,0.5054852962493896,0.7539901586679312,0.7567011117935181,0.7508949041366577,0.13170979706069025,0.2991704046726227,-0.0076221348717808,0.44791524272698624,0.4507570564746856,0.4455299079418182,0.7968475717764635,0.8008033037185669,0.792357861995697,-0.23728654980659486,-0.1390406340360641,-0.346512883901596,0.532952448954949,0.5426210761070251,0.5245823264122009,0.30956297104175273,0.4346103072166443,0.2272230833768844,0.06928110124113464,0.1377627402544021,0.0051001543179154,0.4826712067310627,0.4887642562389374,0.4757270812988281,0.27486937114825616,0.4063403904438019,0.194424033164978,-0.13651309970479744,-0.0502149015665054,-0.2059332430362701,156.601753674977,163.76531521507223,147.29500026891634,129.04054234921875,171.85059544250575,78.81174454265505,128.58338467487027,174.28512510822662,66.6862651149151,113.41510346637573,160.1105270406063,66.18153775285302,164.0654573123897,173.53433586030113,152.38830691210072,160.9759083428835,170.51001914497127,150.33718793802493,128.0173223503673,158.98686653457548,80.41324913798773,0
0.4805741761075823,0.5081536173820496,0.4654513299465179,0.4996639407779041,0.6142668128013611,0.4214061200618744,0.06599403608982497,0.0804420784115791,0.0496471598744392,0.4452936084646928,0.4724118113517761,0.4322681427001953,0.4849918900351775,0.5971582531929016,0.4105205237865448,-0.06603009689991407,-0.0497259013354778,-0.0804868042469024,0.5161978508296766,0.5371849536895752,0.5008583664894104,0.6182629591540286,0.6575953960418701,0.5961055159568787,0.031249981741558755,0.0847125947475433,-0.0737130492925643,0.49024353254782527,0.5116087794303894,0.473337173461914,0.6150423711852023,0.6407392024993896,0.5990871787071228,-0.19367159716784954,-0.0967478826642036,-0.2782114744186401,0.5029838630243352,0.5052504539489746,0.4943815171718597,0.7600520041428114,0.76528000831604,0.7532493472099304,0.08451625641043245,0.1695595830678939,-0.0361483916640281,0.4511229650754678,0.4561051726341247,0.4475385844707489,0.7875772338164481,0.7929571866989136,0.7830424308776855,-0.16932627666545538,-0.08433498442173,-0.2431127279996872,0.5252443959838465,0.5340031981468201,0.5155799388885498,0.3235173231284869,0.4674208760261535,0.2274645715951919,0.08046101751518248,0.1586371064186096,-9.782073902897535e-05,0.47556347713658687,0.4867556691169739,0.4634121358394623,0.2826763224837027,0.4171058535575866,0.1941391676664352,-0.10337527384858966,0.0059339506551623,-0.1914682239294052,153.1895187416679,162.1733952666266,136.93337397458916,120.79726227160106,166.27721061731378,65.57849315351005,132.96003980698796,171.90563483192736,74.8417039612707,120.3386534998873,175.15936273472516,73.7209663332863,164.43648071581686,174.83582865452095,152.1481774085408,158.00958210796256,166.11541896937942,148.24376420249558,133.49821600060926,163.47486694227217,86.05645734992335,0
0.48807229534272223,0.5054035186767578,0.4714963734149933,0.48560672950360084,0.5737054944038391,0.4282167553901672,0.0688699381726403,0.0863877311348915,0.0585841946303844,0.4522298723459244,0.4730109274387359,0.4333764016628265,0.47226380628924214,0.5569362640380859,0.4172520339488983,-0.06889764760290419,-0.0586225427687168,-0.0865164622664451,0.5290409768781354,0.5476573705673218,0.5088781118392944,0.6035004642701918,0.6185873746871948,0.5918151140213013,0.04457921563176392,0.1010530218482017,-0.0646170973777771,0.47424235122819103,0.4821105301380157,0.4692059755325317,0.6173083974469092,0.6320241093635559,0.6029799580574036,-0.22757257545186627,-0.1222285777330398,-0.3770420253276825,0.5076198895131389,0.5092981457710266,0.5057854652404785,0.7543114865979841,0.7578713893890381,0.751362144947052,0.12524522103429317,0.1810937821865081,0.0039159217849373,0.44820374490753295,0.4508309364318847,0.4460902512073517,0.7966046554426993,0.8013441562652588,0.7910934686660767,-0.21504907322026068,-0.1055876091122627,-0.3300130069255829,0.5300155291634221,0.5390315651893616,0.5204318761825562,0.30416502419017977,0.4304084181785583,0.2258604615926742,0.06783708478249004,0.1459235250949859,-0.031698539853096,0.48176897341205227,0.4886644780635834,0.4728453457355499,0.2698162722010766,0.3963490724563598,0.1972049623727798,-0.13142059881600637,-0.0403824262320995,-0.2183958888053894,156.0051793465829,160.204347271681,148.32000232444474,129.66426592314832,169.02554255413523,76.07399184321717,130.01439054829132,172.58869383669298,65.69983706724913,117.63448462842676,163.68175534717818,63.15815819946634,163.5231229404288,174.44001083892192,153.28950836279938,159.90541537943616,171.14475629367672,141.18465182008995,129.90902308842433,160.34980635583628,73.16773798675736,0
0.4668544483093815,0.4978459477424621,0.4254129230976105,0.47605702986244025,0.574367344379425,0.420691579580307,0.061143295938959515,0.0865643322467804,0.0342627093195915,0.4267581196231696,0.4582255780696869,0.3894576728343963,0.46640239121349714,0.5654350519180298,0.4159270823001861,-0.061098224988192965,-0.0339670926332473,-0.0867478549480438,0.5004004774657824,0.5299469232559204,0.4733847379684448,0.5846512677105329,0.5970885157585144,0.5641154050827026,0.06665444731728337,0.2673521637916565,-0.1404092609882354,0.43613142298378105,0.4627622663974762,0.4105490744113922,0.6005543183734399,0.6245010495185852,0.5836169123649597,-0.18770585883095975,-0.0565645806491375,-0.426627516746521,0.4979039439718232,0.5014480948448181,0.4940719902515411,0.739084737446472,0.7495795488357544,0.730828046798706,0.15182274802101825,0.4525259137153625,-0.1848546713590622,0.420702638061902,0.4260956645011902,0.4135436713695526,0.7916633350248555,0.8051194548606873,0.7694351077079773,-0.16376594966988414,0.0047965128906071,-0.3717890977859497,0.5130621772686034,0.5245727300643921,0.5002285838127136,0.31076294854852077,0.498335599899292,0.1790986061096191,-0.012236930807618748,0.0971659794449806,-0.211778461933136,0.45436409138541184,0.4875150024890899,0.434958666563034,0.2756244553864457,0.460389107465744,0.1488185971975326,-0.19309957985204595,-0.0732828229665756,-0.3594938814640045,152.8995085927755,160.70203232383628,142.08302961769618,134.31281798199052,175.2425254038261,66.35258158699313,138.971767218926,179.62773041928762,56.80187600070644,104.33143075383697,163.28854144720287,38.58870028231522,161.664173826689,170.09859492886093,152.81266957676272,147.4749132736188,175.93253741750144,96.69794804728129,103.09205227747086,161.2172402847883,33.177473629215534,0
0.46148032044607495,0.5005719661712646,0.4263624548912048,0.478274783444783,0.5940742492675781,0.4187858700752258,0.06107732996581089,0.0870275050401687,0.0477554649114608,0.42021046578884125,0.4592690765857696,0.3850589096546173,0.4709482022694179,0.5856576561927795,0.4144251644611358,-0.06101258294213382,-0.0475263856351375,-0.0872138366103172,0.5001145658038911,0.5271599292755127,0.4792824983596802,0.5796575049559275,0.5956054925918579,0.5616013407707214,0.06362872423108902,0.2449690401554107,-0.1054230406880378,0.4377903947754512,0.4617612957954407,0.4066565632820129,0.5968096913799407,0.6098180413246155,0.583650529384613,-0.20435508822519627,-0.0508202351629734,-0.4461675882339477,0.49757622087758685,0.5003955960273743,0.4926294386386871,0.7378839930844685,0.7436605095863342,0.7309433817863464,0.14129497897293833,0.4041125476360321,-0.0731377229094505,0.4208179073674338,0.4250310063362121,0.412679523229599,0.7927412575199491,0.8013182282447815,0.7793798446655273,-0.18460144311289436,0.0162317417562007,-0.4378469884395599,0.50941934448386,0.5229954123497009,0.4922195076942444,0.31612239588820745,0.4915874898433685,0.1811716556549072,-0.02025578394409782,0.097698338329792,-0.1698655635118484,0.45049762891398537,0.4744420945644378,0.4363089799880981,0.2830026497443517,0.4671852588653564,0.1488251835107803,-0.1942572844406915,-0.0461695715785026,-0.3659400343894958,154.3634544478809,164.136220397771,146.591766781267,129.29757516110718,173.47289897618384,67.37159359508524,137.08722274356523,178.39031771984529,63.49774617394859,98.14055668386895,162.6349509231853,31.07120105781689,161.83488510020211,170.1445450261609,147.04714608062503,144.72134393891744,176.20627518582614,102.07363728097324,102.15120915630148,163.61970730505516,36.02386464192145,0
0.46413666521435354,0.5070953965187073,0.4284764528274536,0.47398554411397054,0.595083475112915,0.4191945195198059,0.06102709727945607,0.0853442400693893,0.047551404684782,0.42307801967236536,0.4659189283847809,0.3871982991695404,0.468350438484505,0.5900465846061707,0.4160858690738678,-0.060931587063554456,-0.0472577884793281,-0.0855256095528602,0.5007776326652783,0.5244756937026978,0.4820223152637481,0.5797199900470563,0.5993276834487915,0.5563362240791321,0.07669002781105193,0.2377082407474517,-0.0769762471318245,0.438557716670321,0.453480064868927,0.4100323319435119,0.5996674521645503,0.6122030019760132,0.580841600894928,-0.18754552226902835,-0.0700441151857376,-0.3746656477451324,0.49807791122749673,0.5008572340011597,0.4931046366691589,0.7367684098322,0.7478910088539124,0.7294864058494568,0.16034890715955452,0.4009170234203338,-0.0754863172769546,0.42076270437952296,0.4241724908351898,0.4141949117183685,0.7942104152779081,0.8031948804855347,0.7873754501342773,-0.16311088733986684,-0.0284683909267187,-0.3553496301174164,0.5126815618418935,0.524039626121521,0.4987938106060028,0.3030079813368285,0.4954188466072082,0.1814010143280029,-0.02260149682441086,0.0797343701124191,-0.2003349810838699,0.4499725025536409,0.4646026492118835,0.4402717053890228,0.2779516529903483,0.4668776988983154,0.1427158862352371,-0.20080632349448418,-0.0711681991815567,-0.3921433687210083,154.83418733535666,165.28797597141315,144.58050744748633,131.45955286020913,172.27459083966946,78.0935915431958,138.5139363054844,176.97191682241677,70.9705309980291,100.89928296415206,163.38030855432402,32.88211646795499,160.206695112822,168.8115800063188,140.4238357044963,147.21410728244854,176.0410719311222,108.29930477270264,104.11233844651049,165.57821085182616,38.11776953326556,0
0.4666147707968719,0.5068749189376831,0.4276281893253326,0.4701060756694439,0.5843096971511841,0.4193324446678161,0.06327989174760584,0.0829230919480323,0.0462803766131401,0.42634764475415843,0.46600142121315,0.3892626464366913,0.4632690798404605,0.5773143768310547,0.4132507741451263,-0.06321797193598372,-0.0460805483162403,-0.0830833539366722,0.50115841788839,0.5240316987037659,0.4831031560897827,0.5802125940027163,0.5991142392158508,0.5623760223388672,0.07451131939527023,0.2389692217111587,-0.1124534532427787,0.43888382163158685,0.4594193994998932,0.4147399067878723,0.5978721597397975,0.614036500453949,0.5797864198684692,-0.19377060194117154,-0.0825718343257904,-0.4259588420391083,0.4983452429143033,0.5007504224777222,0.4951173365116119,0.7383840245793957,0.7477819919586182,0.730434775352478,0.16067942524556245,0.4099373817443847,-0.0789194628596305,0.4211450891439305,0.4245481193065643,0.4144279360771179,0.793702553871066,0.8028667569160461,0.7851352691650391,-0.17188786270544507,-0.0544773340225219,-0.3976114392280578,0.5123623179834943,0.5306488871574402,0.5006076097488403,0.29678178676801137,0.484244167804718,0.1839786320924759,-0.015609232356858458,0.0892043113708496,-0.1873020827770233,0.4515096845552903,0.4666716456413269,0.4370428919792175,0.26827680440836177,0.4641569852828979,0.1490761488676071,-0.20127543835907943,-0.0894477143883705,-0.386730819940567,154.62756249030323,162.420457232611,142.98186569735944,133.07780902036083,173.5864164936302,73.61850543731474,140.0156764323125,177.9425915028725,68.79034970233629,102.70668567494764,164.7091196396829,33.97719213265371,160.68700318016423,166.8049934066797,152.8366973975717,148.68355346379536,177.12081134700938,106.79113794758943,106.10128929290366,161.72210291408638,35.45672100561812,0
0.4678734087944031,0.5028384923934937,0.4353340268135071,0.46964527916908266,0.580899715423584,0.4199591279029846,0.06375472509860988,0.08553297072649,0.0472792461514472,0.4277358112335205,0.4627444446086883,0.3955808579921722,0.4622448749542236,0.567956805229187,0.414031833410263,-0.06370250788331028,-0.0470429807901382,-0.08571657538414,0.4991867501735687,0.5248225927352905,0.4782405495643616,0.5826050262451172,0.598663866519928,0.5649852752685547,0.08280814594216644,0.2570154666900635,-0.1182196885347366,0.4364017524719238,0.4598433375358581,0.405061274766922,0.599819007396698,0.6129394173622131,0.5829007029533386,-0.1860283642411232,-0.0682242587208747,-0.3873668909072876,0.4984235005378723,0.5012126564979553,0.4941727221012115,0.737600724697113,0.7474759817123413,0.7305783033370972,0.17359185035619884,0.4206782579421997,-0.0761059373617172,0.42027712273597717,0.4237265288829803,0.4132875800132751,0.7941577939987182,0.8015283942222595,0.7862331867218018,-0.16331502912193538,0.0203622840344905,-0.393645703792572,0.5124092195034027,0.5245254635810852,0.4994648993015289,0.2951500188112259,0.4766927659511566,0.1844081282615661,-0.00894713006727397,0.0969779416918754,-0.1955109238624572,0.4520058300495148,0.4727578163146972,0.4369392693042755,0.2682048029899597,0.4827820956707001,0.1505357176065445,-0.2009397067427635,-0.0741617456078529,-0.4107722342014313,152.6934827606069,162.2182059368786,143.98898320113378,135.95306042298378,173.21799115832778,76.98892620900692,141.9373275226582,179.08589230405696,67.17116189460708,105.95053224400542,163.6985005007933,26.602841253135534,161.60087644876108,169.681475750837,155.04570085126522,149.7754375607415,176.6303427517624,108.1753681209504,106.12927334274825,159.6470650107185,43.2847309024618,0
0.46321990847587585,0.5022231936454773,0.4295600056648254,0.4667446310520172,0.5697016716003418,0.4249455332756042,0.06449076354503627,0.0892174392938613,0.0504314191639423,0.42344252490997314,0.461966335773468,0.3888794481754303,0.46001355671882627,0.5566446781158447,0.4173459708690643,-0.06442154520750042,-0.0500948503613472,-0.089394211769104,0.4976115174293518,0.5141286253929138,0.4841467142105102,0.5797974095344544,0.59772127866745,0.5643511414527893,0.08183561438880861,0.2521945536136627,-0.1101466342806816,0.43484713220596316,0.4493693709373474,0.4095408320426941,0.5999398450851441,0.6228479743003845,0.5813444256782532,-0.190042773604393,-0.0688093900680542,-0.4118735194206238,0.498456759929657,0.5015801787376404,0.4947088956832886,0.7369792103767395,0.7483488917350769,0.7309994101524353,0.16975854389276354,0.4473337829113006,-0.0754416063427925,0.4205230739116669,0.4239851534366607,0.4143866300582886,0.7940741820335389,0.805982768535614,0.7762770652770996,-0.16993372966349124,-0.0268595702946186,-0.411380410194397,0.5102573091983795,0.5324944257736206,0.4984202086925506,0.3022298619747162,0.5012259483337402,0.1916792541742324,-0.027083041355523158,0.0952909514307975,-0.2054705321788787,0.45056788754463195,0.474509596824646,0.4345146119594574,0.2728636219501495,0.4688603281974792,0.1559803485870361,-0.220252711892128,-0.1147496700286865,-0.4056952893733978,153.3845144184533,157.94719293312818,143.8296652895964,135.62913831399263,171.2597078692053,83.66373172888986,143.19144501730383,178.14051591579795,77.66341323951461,100.3960129794815,159.93646068581057,33.706764093937466,159.43238048320984,169.12034840156738,145.76061773950408,145.9371467880448,177.5765184316251,106.97521896668673,107.23689612722613,160.08714211465295,37.444920018136216,0
0.4660695854329715,0.5012791156768799,0.429954320192337,0.46109312468201574,0.5589855909347534,0.4178862571716308,0.06309220235604435,0.0866228342056274,0.0450545959174633,0.42542534675041255,0.4593744277954101,0.3904329538345337,0.45561472473353365,0.5472711324691772,0.4131532907485962,-0.06302990837797626,-0.0448299571871757,-0.0868534073233604,0.4967764683448485,0.5083634257316589,0.4799662828445434,0.5810168851031005,0.6020846962928772,0.5526759624481201,0.10035095223636506,0.2851586937904358,-0.0799908638000488,0.435847249779388,0.447435587644577,0.411158949136734,0.6013698991197739,0.6142507195472717,0.5821047425270081,-0.1853867341240827,-0.0697609484195709,-0.4113331437110901,0.4994710107354352,0.5025294423103333,0.4959946572780609,0.7363497292908439,0.7460273504257202,0.7284793853759766,0.19390545285574115,0.4818200767040252,-0.0512533448636531,0.4203988246239015,0.4227911829948425,0.415100485086441,0.7941725106134901,0.8017688393592834,0.7851523756980896,-0.16664094328336473,-0.0137249082326889,-0.417209267616272,0.5107285641405704,0.5237651467323303,0.5019546151161194,0.2883407474651824,0.4851313829421997,0.1830717176198959,-0.016732102084095955,0.1025861427187919,-0.2311514168977737,0.4467476599842963,0.4627452194690704,0.4338808357715606,0.26204825622321914,0.4612696468830108,0.1472513228654861,-0.2040830894652074,-0.0809748247265815,-0.4210549592971802,151.97774158090846,160.3739678035389,130.57262655095113,136.92236781208786,172.29935949845503,87.18393976984403,147.46226454820354,177.7592104611194,83.3196635532906,105.06712299334961,162.13012674675383,35.65405057180434,160.98261033954137,170.59209994046935,148.98384713958495,148.02912289287548,176.4820795617964,105.87766560133907,107.60937355453319,158.85694640196144,40.56618402237511,0
0.4692417354118533,0.5015414953231812,0.438848465681076,0.46478049251122205,0.5700525641441345,0.4208508729934692,0.059537786384665815,0.0897191315889358,0.0444384254515171,0.4280141214045083,0.4597119092941284,0.3954810202121734,0.45731939678269673,0.5555226802825928,0.4138205647468567,-0.059453776878554604,-0.0441302061080932,-0.0898853614926338,0.49924077396470357,0.5174947381019592,0.4797202050685882,0.5812046028734222,0.6015892624855042,0.5641336441040039,0.07268948644722388,0.2994907796382904,-0.0868138074874877,0.4358838646392512,0.4512258172035217,0.4134518504142761,0.5996536011618327,0.6204795837402344,0.5796710252761841,-0.19584572200125794,-0.0749988332390785,-0.4240689575672149,0.499208828298057,0.5018613338470459,0.4955470860004425,0.7377188646696448,0.7456276416778564,0.7324377298355103,0.16141667550172262,0.502822995185852,-0.1021018773317337,0.4199782396719708,0.4224095642566681,0.4149560630321502,0.7948156047642716,0.8044639825820923,0.7857714891433716,-0.18050834903024077,-0.0337983518838882,-0.3974615335464477,0.5169794181498085,0.5226708054542542,0.5046417713165283,0.2933261846381474,0.4892825782299042,0.182428240776062,-0.02064245329730637,0.0922223776578903,-0.1976604908704757,0.45331466101049406,0.4648604393005371,0.4394884407520294,0.26449227357298377,0.4520986974239349,0.1548157632350921,-0.19634109632513388,-0.0592046529054641,-0.3855881094932556,152.8307929477038,159.4200372727871,145.0850548545605,135.03808687549324,172.8252308305956,78.54161805138936,142.30314745614075,177.63037852145487,73.25681365057106,102.90008886580324,163.0582177058342,40.32160958584285,160.86818049476994,168.8844882687302,153.05404318713616,147.39787977319898,176.3175270016936,109.88432422154035,108.98371099261352,161.33722226163803,32.23528490369203,0
0.46765457583169867,0.5012951493263245,0.4421195089817047,0.4643604999041035,0.5567553639411926,0.4199331104755401,0.062338473778353935,0.0890132710337638,0.0467641316354274,0.42595308497004264,0.4595268368721008,0.39936563372612,0.45812057752678864,0.548409640789032,0.4136176109313965,-0.062260592424303894,-0.0464802496135234,-0.0892103239893913,0.49765918855249447,0.5119388103485107,0.4797033369541168,0.5815091533382444,0.6021495461463928,0.5653837323188782,0.0786481880885379,0.2564933896064758,-0.0941635146737098,0.4345518977102572,0.4514973759651184,0.4044981598854065,0.6006332496656989,0.6187882423400879,0.580217182636261,-0.19087454350325309,-0.0871200859546661,-0.4301301836967468,0.49969377156591765,0.5038567185401917,0.4968910813331604,0.7385959055301917,0.7475022077560425,0.7313739657402039,0.16911859961416076,0.4318127334117889,-0.0890447348356247,0.41984882341684215,0.4223753809928894,0.4135262668132782,0.7957544270223075,0.8067355155944824,0.7868086099624634,-0.17362988205884927,-0.0301234405487775,-0.4227924942970276,0.5128590586411692,0.5313381552696228,0.5016153454780579,0.2976523533354711,0.4798169732093811,0.1874282658100128,-0.037590494349872494,0.0947776064276695,-0.2397093474864959,0.4493059657350944,0.4753177762031555,0.4319853484630584,0.27522119488159236,0.4589462578296661,0.1533982306718826,-0.2191774661849885,-0.0771897807717323,-0.4125242233276367,152.31083801437956,158.3246622801896,142.1253099157326,136.0310956575062,172.40491075254548,82.50258396464571,142.0799037311865,179.58403109024763,78.38455503119911,100.44729620668937,159.1712511376846,38.17541810472303,160.39348092745325,170.0112976234938,152.969648628584,145.2116036187705,176.898335009166,107.68452899367016,103.3031380614184,159.94528255291866,33.54605061022179,0
0.48292832238128386,0.5034437775611877,0.4676926732063293,0.49993845999959,0.6260663270950317,0.4213875234127044,0.0635973392839891,0.0783048570156097,0.0471637025475502,0.4473743819328676,0.4682101607322693,0.4329397082328796,0.48604946466813603,0.6097885966300964,0.4116628170013428,-0.06364513260413361,-0.0472657196223735,-0.0783053711056709,0.5190365896167526,0.5440508723258972,0.5010858178138733,0.6185891276382538,0.6602731943130493,0.5857369899749756,0.025568188373939146,0.0879554748535156,-0.0635723993182182,0.4897487863718745,0.5131828188896179,0.4705683887004852,0.616781851613378,0.6468423008918762,0.5925753712654114,-0.17790911966059578,-0.0826586708426475,-0.2764154970645904,0.5039721091827715,0.5065271854400635,0.4983376860618591,0.7613079598151058,0.7700302600860596,0.7526733875274658,0.07658647249925439,0.1471317559480667,-0.024372149258852,0.45138020400541373,0.4576276242733001,0.4458010792732239,0.7876650015991854,0.7946130633354187,0.7836868166923523,-0.14781043714428518,-0.0781096965074539,-0.2579965889453888,0.5247646907725966,0.5342718362808228,0.5095919370651245,0.3218870232981372,0.4691525399684906,0.2170247137546539,0.0793435043569076,0.1470974087715149,-0.00188029918354,0.47553554392722713,0.484391987323761,0.4633320868015289,0.28090829105980425,0.4270647168159485,0.1822127252817154,-0.09947539956687773,0.0080783376470208,-0.2030231356620788,154.63794970475794,167.0489176878228,141.79576901701068,121.6831627590007,168.65291028174516,61.69846048627187,131.61367681956511,171.8309030606166,79.49010228846625,123.8614459411682,178.20303332558095,69.11320182742719,164.75686059495794,174.81840004459434,152.6842002758315,157.5955843445871,167.68699624601362,150.0225759360039,133.15132670960244,169.35420316768668,86.09081086210654,0
0.4675024101401077,0.5012974143028259,0.4352174997329712,0.4646800955867066,0.5584551692008972,0.4225736558437347,0.0638819692711181,0.090708203613758,0.0485534258186817,0.42692146494108085,0.460801213979721,0.3935398459434509,0.4586692715392393,0.5482815504074097,0.4175495207309723,-0.06384771618553815,-0.0483404844999313,-0.0909599289298057,0.49810803900746736,0.5107530951499939,0.4829849898815155,0.5799379077027825,0.5964969396591187,0.5586640238761902,0.09749845915254862,0.2915032207965851,-0.1041000857949256,0.4371075551299488,0.4470388293266296,0.4198403060436249,0.5995048784157809,0.6145944595336914,0.5778351426124573,-0.19237982936422615,-0.0682534351944923,-0.4259148836135864,0.4997315636890776,0.5029106736183167,0.4962071478366852,0.7370416272212478,0.7452590465545654,0.7314483523368835,0.1989358671767952,0.4919859170913696,-0.0597645752131938,0.4205355269505697,0.4269530475139618,0.4160583913326263,0.7949606158277568,0.8063272833824158,0.787138819694519,-0.16630426225567455,-0.0037535561714321,-0.4178388714790344,0.5123561116702416,0.5229427814483643,0.501457929611206,0.2938888802686158,0.4926702380180359,0.1874380856752395,-0.030970132627236822,0.0959954634308815,-0.2225814759731292,0.4465457058566458,0.4621845483779907,0.4316434860229492,0.2686843641978853,0.4567586481571197,0.1539016366004943,-0.22185681902748697,-0.109705351293087,-0.4149723052978515,152.3425109777359,158.6004399604015,144.697561986249,133.35969091173044,168.09486603066964,84.03315220158476,144.10010197244105,178.3886821060578,78.26505243989308,100.36871026787075,159.1778597356277,37.78760735341827,160.12591012006033,170.4203760274324,152.17152755288782,146.10843132584532,177.83062858461076,110.06837616205242,105.701734937367,160.06441225530136,39.58767590202731,0
0.4694709056057036,0.4953736960887909,0.4540907740592956,0.510595717234537,0.6046726107597351,0.421411782503128,0.06577174362610089,0.0902590304613113,0.0476067662239074,0.4291858831420541,0.4574647843837738,0.409195601940155,0.5020309658721089,0.6029013991355896,0.4205285310745239,-0.06580442460835906,-0.0474767088890075,-0.090439461171627,0.5136141877155751,0.5412815809249878,0.4929244816303253,0.5856462465599179,0.6052054762840271,0.5547932982444763,0.04260979687833811,0.2454299181699752,-0.1348870247602462,0.4538792157545686,0.4836819767951965,0.4285002946853637,0.6024780222214758,0.6188133955001831,0.5752795934677124,-0.23868727378430776,0.0220427494496107,-0.4176969528198242,0.5001756614074111,0.5031644701957703,0.4971762597560882,0.7412808281369507,0.7504789233207703,0.731497585773468,0.16527240538562182,0.412394642829895,-0.0573924668133258,0.4268911483231932,0.4326043426990509,0.4189998805522918,0.7941199694760144,0.8012270927429199,0.7838732004165649,-0.16859717812394592,0.1561631709337234,-0.362700879573822,0.515601699007675,0.5300676226615906,0.4928428828716278,0.3220693909097463,0.4691942036151886,0.1782207190990448,-0.01209331148913859,0.1053603142499923,-0.1333760321140289,0.45440509100444615,0.4674600064754486,0.4399240612983703,0.30138588312547654,0.4546119570732116,0.1546215862035751,-0.2170344032929279,-0.1095670610666275,-0.3767860233783722,154.11804818646743,163.45977086065517,138.49642829554134,107.9472379986341,179.18048201477865,63.92060733576611,110.1418164768051,176.92334550168238,49.66865658368793,90.69007104482446,175.22494823049746,50.0802410991866,160.1386533348293,165.87253425079578,152.28527385014,152.01302197126876,177.2576828417269,127.2138283810941,99.20950240452754,158.18728382424945,49.71597501374599,0
0.46935936648112075,0.4984835684299469,0.4437988698482513,0.4949721180475675,0.5970344543457031,0.4168713092803955,0.06554195860830633,0.0898908078670501,0.0497106723487377,0.4292502368871982,0.4604120552539825,0.4064367711544037,0.4862175051982586,0.5912246108055115,0.4159887433052063,-0.06557645995456433,-0.0496203526854515,-0.0900541096925735,0.5091482217495258,0.5373419523239136,0.4919933080673218,0.5852461017095125,0.59599769115448,0.5701972246170044,0.06820585465208681,0.2598045170307159,-0.1179872006177902,0.4526871050779636,0.4763068556785583,0.4299045503139496,0.5984692848645724,0.6155374050140381,0.5784637928009033,-0.22085121113386078,0.0210641641169786,-0.4222863018512726,0.5002960037726623,0.5032262802124023,0.4947981238365173,0.740537783732781,0.7494978308677673,0.7343810796737671,0.17881640680134298,0.4381079971790313,-0.0431146584451198,0.42704646037175104,0.432351291179657,0.4219454526901245,0.7931213291791769,0.802645742893219,0.7849891185760498,-0.1669792254992689,0.1461995989084243,-0.3906432688236236,0.513423026754306,0.5277966260910034,0.4953693449497223,0.3088036668988375,0.4625547230243683,0.1797675043344497,-0.0017617836599059015,0.1162382587790489,-0.107416346669197,0.4538466769915361,0.4700500071048736,0.44080451130867,0.2822816107135553,0.4487867057323456,0.1529919356107711,-0.2057798214829885,-0.0997762903571128,-0.3038012087345123,154.56556761578537,166.03043879446113,147.50960054356509,117.80547405833825,179.51161175246858,68.403041549736,124.59633530753922,177.71704875519157,55.965928621893234,97.71733327527237,175.07351570506847,45.869248682612906,159.31906344243498,165.3965859173899,152.23535868464307,152.25295415112885,177.4741175917576,128.02269787262208,106.32123042613311,158.06872111976548,49.49449149790795,0
0.47217041303303614,0.5026358366012573,0.4500429034233093,0.4889157091783098,0.5881432890892029,0.4217371642589569,0.06591332793112624,0.0852936580777168,0.0455888137221336,0.43055590199044913,0.4629245698451996,0.4064690172672272,0.4798564662125485,0.5816496014595032,0.4189569354057312,-0.06594716954576078,-0.0455022938549518,-0.0854023918509483,0.5093187714411207,0.5351353883743286,0.4940591156482696,0.5837900909510526,0.6032519936561584,0.5578102469444275,0.07166096942753276,0.2758762240409851,-0.1036295518279075,0.4518018153088152,0.4767967462539673,0.4295409023761749,0.597555344262399,0.6154361963272095,0.5799333453178406,-0.22328202155359042,0.0165523216128349,-0.4402691721916199,0.501534722068093,0.5043544173240662,0.498795598745346,0.7396481229254037,0.749123752117157,0.7332467436790466,0.19152938881080814,0.4600842595100403,-0.029946781694889,0.4266454343460808,0.4325772523880005,0.4213894307613373,0.791916164484891,0.7999595403671265,0.7828202843666077,-0.170545530851838,0.1267608702182769,-0.4233858287334442,0.5163795465280202,0.530251681804657,0.5026082396507263,0.2972166182334758,0.4506198465824127,0.1764226704835891,-0.008358853353689645,0.0987206473946571,-0.1057163476943969,0.45525027281981856,0.4687439203262329,0.4443784356117248,0.2728137830811099,0.436347484588623,0.1508605331182479,-0.21494776700153823,-0.1112371906638145,-0.3313932120800018,153.93272965457518,160.84217797635114,146.9368872683694,119.81312196848751,177.42067216534122,69.99446148266897,127.07845382039552,178.18182280174088,55.15065280315834,98.34001829926038,174.46987849427492,48.03735282640876,159.71230376154892,166.14239946817682,154.85512102594532,152.02991101057884,176.91478286889705,129.6569193940473,108.87953699850506,160.46337733887248,52.37899727465978,0
0.4712628177867448,0.4958461225032806,0.4515600800514221,0.49016950692027067,0.5832459330558777,0.4242617189884186,0.06512951167408096,0.0873377546668052,0.0489362478256225,0.4303419883093558,0.457735538482666,0.4089367687702179,0.48233679281778574,0.574034571647644,0.4232502281665802,-0.06516199642099621,-0.048840507864952,-0.0875308662652969,0.5094423914743849,0.5348566770553589,0.4930995106697082,0.582389521697336,0.5942915678024292,0.5617994070053101,0.05817617191779158,0.2374335676431656,-0.1265052407979965,0.44978602932504386,0.4729336500167846,0.429027110338211,0.5996537341559229,0.6136460304260254,0.5792834758758545,-0.22361241888124034,0.0113556841388344,-0.3979751467704773,0.501724287744396,0.5046816468238831,0.4961325824260711,0.7378448208501517,0.745018720626831,0.7317526936531067,0.17674332761690636,0.4004372358322143,-0.0381336770951747,0.425608044567187,0.4294206500053406,0.4212051630020141,0.7950916275505192,0.8010510206222534,0.785839855670929,-0.17246361943500593,0.1103870496153831,-0.3753686249256134,0.5135182063441631,0.5261877775192261,0.4980950951576233,0.2954647259032431,0.446643054485321,0.1776069700717926,-0.005342260022813156,0.1078380420804023,-0.0985588952898979,0.45198864483636275,0.4624511301517486,0.4453415274620056,0.27252295662548914,0.4305810630321502,0.1507298499345779,-0.20640866193643287,-0.0992132723331451,-0.3066241443157196,152.99006164635978,158.4050267393222,147.1691039445449,120.70957168477443,179.07689468921046,69.06935718312761,123.34505881358194,177.7427612331926,52.54782107817007,100.04688534139191,174.83074618297422,48.17706347065428,160.39627776582347,166.44560384116835,154.26230368403708,152.10196505887382,177.23373753936443,129.9491088613521,104.2347309373199,159.5057034756267,46.51329712136953,0
0.47428269828519515,0.502711832523346,0.4505495131015777,0.4958465654523142,0.6038262248039246,0.4216890633106231,0.06459107712632221,0.0898507833480835,0.0479767546057701,0.43362153850255475,0.4645562767982483,0.4076443016529083,0.48676642607296666,0.5966259837150574,0.4185807108879089,-0.0646221391676414,-0.0478606596589088,-0.0900430753827095,0.5136177792183815,0.5421052575111389,0.4991224408149719,0.585569366812706,0.6061755418777466,0.5580975413322449,0.06814261332798313,0.2721184194087982,-0.1078749522566795,0.4545040733871921,0.4817424714565277,0.4335796236991882,0.601621933521763,0.6161743998527527,0.5800703763961792,-0.22794941518147807,0.0105107305571436,-0.4283966422080993,0.502741765591406,0.5061795115470886,0.5003280639648438,0.7396730525839713,0.7463768124580383,0.7334052920341492,0.18987298570012964,0.4588805735111236,-0.0264363903552293,0.4263776704188316,0.4335240721702575,0.4205369651317596,0.7939526433906248,0.799691379070282,0.7849235534667969,-0.17360543719898427,0.1105094999074935,-0.3955885767936706,0.5205261558294296,0.5325424671173096,0.5021723508834839,0.30364300791294346,0.4612462818622589,0.1749517619609832,-0.006478484815752655,0.1095154657959938,-0.1070522367954254,0.45905383267710287,0.4687385857105255,0.4484152495861053,0.2796373333661787,0.4454116523265838,0.1491067856550216,-0.20808234246027085,-0.1022783666849136,-0.3207139372825622,154.26709193422343,164.5668372486392,147.9475927154341,116.58163818183993,179.42741570072056,62.380718635009885,121.71454845933557,178.94680323942336,47.924304983215166,96.68053817723799,171.64832013005855,48.7255257786915,160.27413144533736,165.1800253748588,155.15694650854468,151.702710851715,175.51136336640502,127.77535384996312,103.66519451044692,153.41415710801303,46.57906289526489,0
0.47307061529159544,0.5098028182983398,0.4450065195560455,0.4899604513645172,0.5953395366668701,0.4199477136135101,0.06420380851626392,0.0883262455463409,0.0505330488085746,0.43211652064323425,0.471281886100769,0.4067113697528839,0.4816625936031342,0.5922794938087463,0.4154335260391235,-0.0642282714247703,-0.0504362657666206,-0.0885052382946014,0.509607919216156,0.5393029451370239,0.4891947507858276,0.587614914894104,0.6146624088287354,0.5698769688606262,0.08563269829144701,0.2826869189739227,-0.0941627994179725,0.4545680046081543,0.4793075621128082,0.4267931580543518,0.5988409638404846,0.6144981384277344,0.5726823210716248,-0.2136706991866231,-0.0084448931738734,-0.4328368008136749,0.502366683959961,0.5052367448806763,0.4983410835266113,0.7410509152412414,0.7567160129547119,0.7325857281684875,0.19852146558091044,0.515358030796051,-0.0538717657327652,0.4267441885471344,0.4332198798656463,0.4193256795406341,0.7921918606758118,0.8008756041526794,0.7826127409934998,-0.16484492961270736,0.0741820856928825,-0.4261196553707123,0.5189511678218841,0.5304430723190308,0.4947105646133423,0.30194108390808105,0.460487812757492,0.175285592675209,-0.014180635181837695,0.0912157520651817,-0.1633041501045227,0.457587007522583,0.4704897105693817,0.4416444599628448,0.27694622802734375,0.4499751329421997,0.150076225399971,-0.20633254784345628,-0.0851095169782638,-0.3381113708019256,154.1410915710913,166.68189991917043,146.55964214296043,119.45468599839964,177.6561723759099,67.0229960767031,131.515967624342,178.5934899764819,56.9084505268266,97.99304895363076,170.25299797252575,46.2793424435978,160.02625706233687,164.51464949668522,154.92958996708177,151.2205364715129,177.76828511832417,120.12411278953812,109.34873450627187,156.39712047188385,49.34812036223856,0
0.4750429586027608,0.5026103854179382,0.4544077217578888,0.5039250715212389,0.6124240159988403,0.4193461835384369,0.06348330900073046,0.0892863720655441,0.045165404677391,0.4340084441231959,0.4633391797542572,0.4102090001106262,0.49572655016725714,0.6086387038230896,0.4178274571895599,-0.06352537912739943,-0.0451075173914432,-0.089519552886486,0.5157834639151891,0.5437507629394531,0.4970053434371948,0.5890297230445978,0.6051899194717407,0.5657564997673035,0.07830113579279208,0.2606953084468841,-0.1022177040576934,0.46022417147954303,0.4836130440235138,0.437902957201004,0.604009903290055,0.6272514462471008,0.5777958631515503,-0.2301488171162253,0.0225911252200603,-0.4503464102745056,0.5035243531068166,0.5065790414810181,0.5000486969947815,0.7405103702436794,0.7499330043792725,0.7337576150894165,0.20792581669802804,0.4661358296871185,-0.0036330879665911,0.4273297308069287,0.4321107864379883,0.4201251566410064,0.7942126587484822,0.8014904856681824,0.7840597033500671,-0.17458576261979583,0.1429603695869445,-0.4311214983463287,0.5221770058075587,0.5349836349487305,0.4980400800704956,0.31675390154123306,0.4741120934486389,0.1769647598266601,-0.017189888171163698,0.1017021760344505,-0.1256312429904937,0.46000258692286233,0.4712637662887573,0.4422988891601562,0.2952044868107998,0.4536778628826141,0.1523952484130859,-0.21027646225058672,-0.1066018342971801,-0.3719988167285919,153.80891620900124,163.45404020975863,121.96082971216298,113.16044854590719,178.9270349613887,64.22381317717864,119.06909869533705,179.0145265141406,52.66287986401985,93.19217178867007,174.0235294038247,50.58813012926324,159.89378220840786,165.48703473565885,145.38426787070867,151.0722793104516,178.74937805948863,126.07120187278272,103.5347766514784,153.76926438484355,50.11666962759335,0
0.4737764719262052,0.5060728192329407,0.4477662146091461,0.4892531346474121,0.6027246713638306,0.4198180437088012,0.06450858581533178,0.0897582843899726,0.047288428992033,0.4335605128487544,0.4677384793758392,0.4063405394554138,0.4828841056841523,0.5972500443458557,0.4169851541519165,-0.0645290055770927,-0.0471707955002784,-0.0899052247405052,0.5097218511709526,0.5386615991592407,0.4899787306785583,0.5877805067532098,0.607296347618103,0.5730825662612915,0.08756288194007227,0.2627017796039581,-0.0971260219812393,0.4549175916767832,0.480024516582489,0.4318024218082428,0.6016519100808385,0.6188680529594421,0.5774150490760803,-0.21248322586292648,0.017030794173479,-0.4136236906051636,0.5027515223221992,0.5056473612785339,0.4986216723918915,0.7401288276288047,0.7477225661277771,0.7340259552001953,0.20091023890704696,0.4715589582920074,-0.01122045237571,0.4267347190362304,0.4336011111736297,0.4199975430965423,0.7938680306299409,0.8029253482818604,0.7857701182365417,-0.17057561304128321,0.143316850066185,-0.4099262952804565,0.5140089034589369,0.5274860858917236,0.4972257316112518,0.2965700939964892,0.4625464677810669,0.1764828562736511,0.0025580764575270764,0.1006543487310409,-0.1209455579519271,0.4554540312557078,0.4704077541828155,0.4433317184448242,0.27393583008157674,0.4523530602455139,0.1519355475902557,-0.19824690060384237,-0.1003485769033432,-0.3461096584796905,153.60712795931158,160.85929217658915,125.969413484485,122.36139179025375,177.1311621313357,65.78205463329847,130.39143613618668,178.31424309993662,53.30887733846153,101.19128981795298,174.79956418122043,48.48420018700948,160.08340709601788,166.2016268162788,153.12370184026645,153.73683821791897,177.84088389242947,125.27466087530549,110.3788633416097,156.1285703595574,46.86098154403954,0
0.4750039557615916,0.5052347183227539,0.4532850384712219,0.4912435712637725,0.5955132246017456,0.4168941974639892,0.06395572150746975,0.0925359204411506,0.0492387413978576,0.43463796266803034,0.4662963151931762,0.4133858382701874,0.48291902740796405,0.5916999578475952,0.4137858748435974,-0.06396459992285125,-0.0491857305169105,-0.0927179679274559,0.5130012220806546,0.5411443710327148,0.4969501495361328,0.5864143292109172,0.6073021292686462,0.5634356737136841,0.0844490044025911,0.2909233868122101,-0.1030139178037643,0.45614830785327487,0.4825619161128998,0.4345931708812713,0.6017559943375764,0.6150217652320862,0.5806296467781067,-0.2176479378025289,-0.0121751995757222,-0.4244445264339447,0.5030440950835192,0.5057223439216614,0.4992983639240265,0.7392865635730602,0.7486621141433716,0.7317565083503723,0.20157495194839106,0.4944381713867187,-0.0170817598700523,0.42669358143100033,0.4342500567436218,0.4212259650230407,0.7945369044939677,0.8022662401199341,0.7869753241539001,-0.17502202828311256,0.0613294243812561,-0.414654940366745,0.519529899402901,0.5312440991401672,0.5000496506690979,0.3001086046298345,0.4550995528697967,0.1779943257570266,0.006542716611228486,0.1089484319090843,-0.1194239184260368,0.4585925665166643,0.4749873876571655,0.443274974822998,0.2756074133846495,0.4445278346538543,0.1507603526115417,-0.19110262454659852,-0.0730425789952278,-0.3079806566238403,154.73306440389996,166.96251594182752,148.15158131069498,120.91633255351076,177.43236891747628,68.82939013155115,127.88318074972851,179.1850004733446,52.67900962047643,101.09945308186482,167.20663056942448,49.76595544542112,160.85546476432464,165.25100151914546,156.56440145430958,153.3771028518838,174.63449329747635,126.78058783386156,108.51162210099018,156.2776974229086,46.45856649196951,0
0.4789560033302558,0.5034430027008057,0.4654340445995331,0.5021901789464449,0.6178002953529358,0.4218638837337494,0.06271967625147414,0.0818327590823173,0.0445635803043842,0.4433828533480042,0.4654874503612518,0.4308731853961944,0.4878062496059819,0.6031521558761597,0.4112288951873779,-0.06275383623218846,-0.0446414351463317,-0.0818727388978004,0.5165593216293737,0.5393512845039368,0.5000688433647156,0.6165753257902045,0.6567803025245667,0.5844327807426453,0.02747426777434729,0.0962232574820518,-0.0688151121139526,0.489963226412472,0.5160447359085083,0.4691421389579773,0.6157962860245454,0.6453807353973389,0.5922478437423706,-0.18149129683642007,-0.0886090770363807,-0.271694153547287,0.5034414784688699,0.506184995174408,0.4943588972091675,0.759646937251091,0.7650954127311707,0.7521998286247253,0.07917822762024829,0.1585690379142761,-0.0331474170088768,0.450698321587161,0.4562601149082184,0.4445012807846069,0.7900487341378865,0.798529326915741,0.7822186350822449,-0.15823863025166485,-0.0759868323802948,-0.2470074445009231,0.5236240915561977,0.5310800075531006,0.5151445269584656,0.33041775363840553,0.4813966453075409,0.2291402667760849,0.07956984986269254,0.1497102528810501,-0.0032437881454825,0.47557900375441503,0.4866822063922882,0.4637552201747894,0.28658065650808184,0.4260914027690887,0.1886451244354248,-0.09203335105466016,-0.0026196814142167,-0.1807776093482971,155.63556907365282,163.3362541117733,143.31187013555302,121.10206985160067,169.02319042967508,69.20455561181815,131.19768419767016,170.77471251453215,81.61754218235495,122.30795082299525,177.69050003913404,75.01325538743545,163.62600033449743,174.88695648393303,146.60448928784135,157.02042120095547,166.80045713438943,147.26580155082547,131.07894686735722,168.35008846141957,85.90856965062798,0
0.4748925684076367,0.5019535422325134,0.455725759267807,0.5039660824519215,0.6145934462547302,0.4159624874591827,0.06379193267926117,0.0881616175174713,0.0458193868398666,0.4340705530661525,0.4633270502090454,0.411176472902298,0.49532373475305963,0.6091967821121216,0.4144930839538574,-0.06383348134995406,-0.0457525961101055,-0.0883909538388252,0.5158143463459882,0.5437695980072021,0.4969696998596191,0.5883175956480431,0.6060100197792053,0.5642809867858887,0.07847251717590331,0.2882517874240875,-0.1111179068684578,0.4603369093754075,0.4831677079200744,0.4373127222061157,0.603275202440493,0.6267755031585693,0.5763123631477356,-0.2347528989934786,0.0147559782490134,-0.4468456506729126,0.5036853233521635,0.506527841091156,0.4998688995838165,0.7403609558488383,0.7495584487915039,0.7329556941986084,0.20624797180591317,0.4849456250667572,-0.0202567707747221,0.4271578657807726,0.4321140348911285,0.4206947088241577,0.7943989611936338,0.8010073900222778,0.7834663391113281,-0.18157083023018486,0.1280688047409057,-0.4312907755374908,0.5223898901180788,0.5348120331764221,0.498269259929657,0.31745490318898,0.4781410992145538,0.1773469001054763,-0.01563514234514898,0.1020122319459915,-0.1299535781145095,0.46003433655608783,0.4706509709358215,0.4417562186717987,0.29564977076017496,0.4518380463123321,0.1531389951705932,-0.20781474035571923,-0.1006510630249977,-0.3561884462833404,154.42429278334316,165.02183114062686,145.53980998862343,112.8735374261094,178.11128815456405,64.57553700989017,119.53750791809817,178.67981659746516,51.784307252349706,92.77283987558154,172.0322716845244,50.73785700790296,160.34186714692612,170.4761740381053,155.33994528259768,151.12420268927744,179.0341789184522,125.58002857596266,103.58450177929033,153.70321675473377,49.18880643399693,0
0.478887574672699,0.4990025162696838,0.4661445319652557,0.5070641448497772,0.6444821357727051,0.4170398712158203,0.0610926331877708,0.0847688913345336,0.0491247661411762,0.44121877002716064,0.4626391530036926,0.4286311268806457,0.4925567009449005,0.6310440897941589,0.4047461450099945,-0.061100920885801276,-0.0492205284535884,-0.0848450362682342,0.5211117722988129,0.5539761781692505,0.4940228760242462,0.6103563399314881,0.6647353172302246,0.5844408869743347,0.04186022981815037,0.1021662056446075,-0.0760722458362579,0.47476893377304075,0.503926157951355,0.4564387202262878,0.6174952373504639,0.6559441685676575,0.5941334366798401,-0.21037288326025008,-0.112148568034172,-0.3740539848804474,0.5018161332607269,0.5065046548843384,0.4976674318313598,0.75054407787323,0.7557685375213623,0.7441987991333008,0.11478042811900374,0.2112452834844589,0.0073177637532353,0.44517827582359315,0.4524350464344024,0.4370169937610626,0.7895468072891235,0.7957618832588196,0.7846007347106934,-0.19289400190114975,-0.0916749387979507,-0.3371221721172333,0.5237308220863343,0.5405859351158142,0.5056547522544861,0.33651312041282655,0.5034885406494141,0.2186493128538131,0.0687941962194163,0.2090267390012741,-0.0413325428962707,0.47271484208106995,0.4946364760398865,0.4527519345283508,0.29839183449745177,0.4526115953922272,0.1881738305091858,-0.10275085881352425,0.0677589103579521,-0.237206682562828,156.08777665833918,162.56267338192225,142.72692324301252,119.67268590911112,173.08807013550182,61.75033751901281,124.85559240258908,177.61210405641847,64.53892446596626,114.75501490237437,178.4952252275199,62.22395268916812,164.24064964541824,175.51260850265987,149.72241750569438,154.0464352637091,169.10063046730912,141.0963682625007,120.35019158345276,159.6333021549654,72.38865278840649,0
0.47580830331977086,0.4984025061130523,0.4645423591136932,0.5156152896753704,0.6625825762748718,0.4178867638111114,0.06347430790312414,0.0840529948472976,0.0503369532525539,0.43942340389462825,0.4622738063335418,0.4266460835933685,0.4996991667128701,0.6466109752655029,0.4065975248813629,-0.06347953698789795,-0.0504473708570003,-0.0840917453169822,0.5224118116702742,0.552851140499115,0.4940341711044311,0.6143450191002766,0.6693741679191589,0.5812273621559143,0.04463944473225649,0.1050148978829383,-0.065699890255928,0.4785315876698676,0.5116775631904602,0.4548218548297882,0.6193516941470955,0.661536693572998,0.587074875831604,-0.20917116065744226,-0.1124416887760162,-0.3192852735519409,0.5018005641817137,0.5059875249862671,0.4982025325298309,0.7517952959956103,0.760971188545227,0.7438126802444458,0.10925196711674244,0.2113925963640213,-0.0070659792982041,0.44614913786640603,0.4541435837745666,0.4421468079090118,0.7886771000068606,0.7962700128555298,0.7837299704551697,-0.19135874077563975,-0.1072044372558593,-0.2899967133998871,0.5267720977768643,0.5397831201553345,0.5102206468582153,0.3513942986499262,0.5207692980766296,0.2251846492290496,0.06935376066188875,0.1551075279712677,-0.0377889722585678,0.4793804281085502,0.4992128610610962,0.4607855677604675,0.3085917017159571,0.4705369174480438,0.1870037764310836,-0.10981080253103759,-0.006974184885621,-0.2092876136302948,154.71211915011506,166.3996991102501,115.30370716471845,116.89639218818806,169.9804204153872,59.06567158124565,123.36476167288947,176.40390269192525,69.63236807681636,110.79438715788774,172.2612574275511,57.73507420926898,163.79526891945272,176.31334533895136,146.89255017854816,154.9687683103297,165.67521401767263,141.4836485275195,118.75672016474095,159.49705738339918,71.99312062938249,0
0.4743591955414525,0.4969318807125091,0.460925281047821,0.5157904227574667,0.6551940441131592,0.4204493463039398,0.061184845837178,0.0812899023294448,0.0489600114524364,0.4367904665293517,0.4599043130874634,0.4233079850673675,0.5006803784105512,0.6541773080825806,0.4048376679420471,-0.06117549320613891,-0.048822421580553,-0.0813752636313438,0.5216835225069965,0.55663001537323,0.4946559071540832,0.6081181791093614,0.654758632183075,0.5798292756080627,0.038887820820565557,0.121780589222908,-0.0883590951561927,0.47250504979380853,0.500128448009491,0.4567095637321472,0.614071864551968,0.6557052135467529,0.5883956551551819,-0.2158993813726637,-0.1185695081949234,-0.327065497636795,0.5013401115382159,0.5053879618644714,0.498505562543869,0.750967311417615,0.756458580493927,0.7423254251480103,0.10696020602193093,0.2180320769548416,-0.0281393565237522,0.44551491693214135,0.4528280794620514,0.4410650432109833,0.7893463156841419,0.795050323009491,0.7831054925918579,-0.19890206831472892,-0.1345971077680587,-0.2986884117126465,0.5265840194843433,0.5396490693092346,0.5147996544837952,0.35330173505677115,0.5145568251609802,0.2307724803686142,0.058550011571626065,0.161858931183815,-0.0560230985283851,0.4761259006129371,0.4948495924472809,0.463851124048233,0.3116258931380731,0.4807621836662292,0.1904879808425903,-0.11657070290961268,0.0035841197241097,-0.2089780420064926,155.58701632744408,163.3970195782868,141.6124342310212,116.61421404353236,167.75698925295222,51.8959881740045,120.94506381521293,174.60338431697352,59.15465659405068,106.90781076151337,169.5888762063671,48.51321149368405,163.01665910581337,175.58525645559627,148.73796634018132,153.1888122773986,165.33003969154734,138.5942079380886,115.11496882376044,160.7393610189216,59.682597168513006,0
0.47271434270909857,0.4950502812862396,0.4607020020484924,0.5144689048507384,0.6559513211250305,0.4195186495780945,0.06251001574232105,0.084756001830101,0.0475267395377159,0.43520607746073176,0.4595732092857361,0.4235613644123077,0.49793545209935736,0.6443501114845276,0.4052193462848663,-0.06249263273951194,-0.0474235899746418,-0.0848494246602058,0.5233320503362587,0.55615234375,0.4977394938468933,0.6042048196707454,0.6427901387214661,0.5763636827468872,0.030986274156020937,0.1212240383028984,-0.0786884650588035,0.47040320107979433,0.4929747879505157,0.4561318755149841,0.6132152825593948,0.6454309225082397,0.5901364088058472,-0.22589648288807698,-0.1231388300657272,-0.3310477137565613,0.5015153842312949,0.5057548880577087,0.4983890354633331,0.7506698189037186,0.7591045498847961,0.7411743998527527,0.09590592730143853,0.2135856598615646,-0.0315464213490486,0.4450552410313061,0.4516797065734863,0.4402375817298889,0.7895016169973782,0.7984885573387146,0.7844042181968689,-0.20964754931628704,-0.1478986144065857,-0.3152939677238464,0.5270342071141515,0.5370899438858032,0.5151464343070984,0.35416281076946426,0.5168300867080688,0.2301139533519745,0.05911046161781993,0.1421974152326584,-0.0385237894952297,0.4784708986324923,0.4958845973014831,0.4657755196094513,0.31205090933612417,0.4763332903385162,0.1919442266225814,-0.1204409234757934,-0.0248064193874597,-0.1999329775571823,154.93629398181344,162.78436448114155,140.04648965755848,116.87022080887199,166.74695934720387,62.03327222560624,117.17399920409615,172.88476144104925,59.36320984379742,105.04107536640167,165.6584457434785,53.20943836213199,162.85287980514542,175.9543187710232,149.3649540680657,155.24863045478256,166.09202068674128,141.44842522399694,112.87595268877088,159.56582512569696,55.03721771045799,0
0.4759590291097516,0.5011802315711975,0.4612904787063598,0.5088420595790519,0.6580415368080139,0.4199089407920837,0.06385641883997639,0.0884968042373657,0.0510598756372928,0.4393964219288748,0.4665282666683197,0.4235903918743133,0.4927905717345535,0.6452260613441467,0.4058215618133545,-0.06384464130416263,-0.0509502440690994,-0.0886319503188133,0.5222860872745514,0.5537319779396057,0.4966676533222198,0.6076862372335841,0.654227614402771,0.5850140452384949,0.040918306902730364,0.1144682019948959,-0.0664635673165321,0.4770575864393203,0.5026746988296509,0.4585264325141907,0.614871258129839,0.6506813168525696,0.5932860374450684,-0.20974576235061787,-0.1049539521336555,-0.3331071734428406,0.5011386490259014,0.505257248878479,0.4985686838626861,0.7506826446681726,0.7541531920433044,0.7411673069000244,0.10318407941930237,0.2018589824438095,-0.01257567666471,0.44606168128427914,0.4536201357841491,0.4427171349525451,0.788563714652765,0.7960723042488098,0.7830910086631775,-0.19451888522408045,-0.1083544790744781,-0.3010314702987671,0.5277194786267202,0.5397380590438843,0.5158881545066833,0.346380350042562,0.5226693153381348,0.2255871891975402,0.06390315615886927,0.1441488564014434,-0.0423999279737472,0.4803535745280688,0.4981198012828827,0.4659923017024994,0.3041793026152204,0.471874862909317,0.1892137080430984,-0.11584162924316571,-0.0202544815838336,-0.2072326987981796,154.60872855998758,162.22036544958044,121.62861337441092,120.18495093160604,167.5472556368208,63.91502764101376,123.52112973191903,178.2204410072317,57.0743470087792,110.55124316935797,166.4783957061364,56.240192766138094,162.7140748615618,175.36640368194108,141.15674081421494,155.0474079151736,166.7973955861182,137.5542220268997,117.38194716256963,160.8451036860662,55.31673897464808,0
0.47697521929557507,0.5026165843009949,0.4616743624210357,0.5005055718697035,0.6593186855316162,0.4205013215541839,0.06429898096964905,0.0834719613194465,0.0523809194564819,0.44096108675003054,0.4675599336624145,0.4257565140724182,0.48356551505052126,0.641005277633667,0.4070398211479187,-0.06429073340617687,-0.0522641502320766,-0.0835457816720008,0.5205235673831059,0.5511969923973083,0.4955694377422333,0.6045841331665333,0.6537121534347534,0.5774224400520325,0.03985986795294311,0.1113858148455619,-0.0763610899448394,0.4772729710890697,0.5074025392532349,0.4589541852474212,0.6117991777566764,0.6516649127006531,0.5869889855384827,-0.20715472268370483,-0.0978552028536796,-0.3407568633556366,0.5013555854558944,0.5055596828460693,0.4971136450767517,0.7506421116682199,0.7601274847984314,0.7420625686645508,0.09670684637609292,0.1950287669897079,-0.0359320901334285,0.44608186345834,0.4536656439304352,0.4417007565498352,0.7869178010867193,0.7930698990821838,0.7819047570228577,-0.19507792167938673,-0.1118444129824638,-0.3044514954090118,0.5300968940441425,0.5374518632888794,0.5199830532073975,0.3371866929989595,0.5233407020568848,0.2266932278871536,0.07393078535992219,0.1504498124122619,-0.0220641884952783,0.48403993111390337,0.5013448596000671,0.4718636274337768,0.29349246838918097,0.4702442586421966,0.1885119825601577,-0.10837090164422983,-0.0143424235284328,-0.2048510909080505,155.96423206721815,162.849233154292,138.63043370526955,123.11418519165194,168.36225818452732,62.394937272498495,127.40787677683358,170.50735976945288,65.9913592385287,114.53034071470927,171.28641829001813,58.97044131441631,163.5115983508422,175.33155590953325,145.62600354716244,155.08475366400123,165.53627571679732,140.26718824088798,121.1666253184908,161.36822496797532,60.60424351756714,0
0.4759108047869246,0.5007004141807556,0.4605384171009063,0.5095479026184244,0.6549981236457825,0.4219761192798614,0.06416404717680758,0.0898807123303413,0.0526732914149761,0.4396567518933345,0.4653259515762329,0.4223463237285614,0.4934166871895224,0.6427343487739563,0.4072386920452118,-0.06415451939959643,-0.0525408647954463,-0.0899651125073432,0.5235835053658081,0.5519345998764038,0.4994384050369262,0.6074995262137914,0.6526569724082947,0.5825594663619995,0.03855446480279708,0.1029962673783302,-0.0697205513715744,0.47776629359035166,0.5012703537940979,0.4610113501548767,0.616079983569808,0.6538968682289124,0.5902513861656189,-0.21450456313915173,-0.1032452881336212,-0.3045078814029693,0.5009956559387304,0.5052894353866577,0.4976039230823517,0.749939557354329,0.7557781934738159,0.7375155687332153,0.1032991308908341,0.1985094994306564,0.0023025618866086,0.4461189894858053,0.4517914950847626,0.4430543184280395,0.7889216496782788,0.7975856065750122,0.7823270559310913,-0.19890305955531234,-0.1048014909029007,-0.2934500873088836,0.5298862048124863,0.5398311018943787,0.5193232893943787,0.34906109409817193,0.5269061326980591,0.2258619964122772,0.06817347823121282,0.1695635020732879,-0.032145906239748,0.48324195964861727,0.5001800656318665,0.4690665602684021,0.30587475443795575,0.4743916392326355,0.1901272982358932,-0.11329158612968934,0.0096947075799107,-0.2199922502040863,154.71589429392893,163.184139511995,135.18065422903737,119.52514755195867,171.77887240091795,68.25706143502413,121.70305089583147,172.93904554951146,59.29395110928249,110.61683595027905,173.11843833216017,55.19404059998006,162.43407843658534,174.8894140997387,144.2133292580591,154.16107621716625,166.49068956833224,137.30106243579772,116.32172109987475,159.64319347352622,59.066487584646055,0
0.47354477168131276,0.5006709098815918,0.4601446688175201,0.5203284591185946,0.6675750017166138,0.4227630794048309,0.06300538565431318,0.0904080346226692,0.0522522218525409,0.43757050979037243,0.464378148317337,0.4227305352687835,0.5030891304256535,0.6461982131004333,0.4088447988033294,-0.06299194189555501,-0.0522582568228244,-0.0904784724116325,0.524598464995873,0.5528885126113892,0.499417245388031,0.610978852300083,0.6658809781074524,0.5810521841049194,0.044128266662093116,0.1104802265763282,-0.0779447928071022,0.47846784361270295,0.5097105503082275,0.461044430732727,0.6179942308353776,0.6533874273300171,0.5908947587013245,-0.21272566920819402,-0.1145687997341156,-0.3197242021560669,0.5007732973880127,0.5046375393867493,0.4977459013462066,0.7503638432807281,0.7579624652862549,0.7403823733329773,0.10465702282444829,0.2240144908428192,-0.0256069563329219,0.446392341321256,0.4524178206920624,0.4428510367870331,0.7891250177591789,0.7971737384796143,0.7820174098014832,-0.19912358511145375,-0.1135619208216667,-0.3067434430122375,0.528850920560981,0.5383907556533813,0.5180971026420593,0.361486887731472,0.5303347706794739,0.2294970154762268,0.06356879547160084,0.1492212116718292,-0.0318910405039787,0.4827633815653184,0.501166582107544,0.4683355391025543,0.31685589604517994,0.4761984348297119,0.1896594911813736,-0.11333859623448936,-0.010301292873919,-0.2242959886789322,153.43517169430555,167.5698696918029,99.92562563491724,117.55494776708156,168.843749569901,66.15193940769542,119.28840368698613,176.0531363582817,55.069884182607765,107.5848853989462,170.73267819112937,58.34005538937559,161.66231963947772,175.2624781558799,144.84400747229674,154.0990373774232,166.2446110044607,138.21457568106536,113.07186821905924,159.71793429810353,57.92164225684259,0
0.47244773177075977,0.499424934387207,0.4599562585353851,0.5130845544752011,0.6687577366828918,0.4238352179527282,0.06392347039885754,0.0909619182348251,0.0511413365602493,0.43694711889117216,0.4628202617168426,0.4223274290561676,0.4957844947487855,0.6447961330413818,0.4090950787067413,-0.06391453108757976,-0.0512097552418708,-0.0910364314913749,0.5211382377738795,0.5519905090332031,0.4963803887367248,0.6085451398014037,0.6699776649475098,0.578273355960846,0.04146693730803805,0.1185874193906784,-0.0685764029622078,0.47703161096769914,0.5161712169647217,0.4569679498672485,0.6157403479922902,0.6626105904579163,0.5865952968597412,-0.21574738824909384,-0.1138226017355918,-0.3211006820201874,0.5008568608563794,0.505255401134491,0.4956295192241668,0.750028728453581,0.758997917175293,0.7414799332618713,0.09606632185437952,0.2412717193365097,-0.0161369703710079,0.44585695591839875,0.4547498822212219,0.442227154970169,0.7887484391858756,0.7977079749107361,0.7832293510437012,-0.20897941956342744,-0.1147349327802658,-0.3048325181007385,0.5275298637792099,0.5385112166404724,0.513801634311676,0.354928976863869,0.533228874206543,0.2326826453208923,0.0734879497038431,0.1574781984090805,-0.0301592573523521,0.4826120066741281,0.5029204487800598,0.4646993279457092,0.31054538549963107,0.4835329353809356,0.1931578516960144,-0.10696774300297623,-3.717778963618912e-05,-0.2307757288217544,151.81822210821085,162.5483762308527,97.6237803419802,120.68637887560854,172.1921643137666,69.93520322369056,122.83341093780312,173.7035512227869,64.16263559164146,110.45766469460257,173.84074210404248,60.854978651637104,162.4870504606958,177.13742118364888,139.7317302388015,153.7614397871885,166.28832284289683,137.99095726516936,115.4264134572924,158.87434911630567,62.84809753729888,0
0.47897940220898144,0.4978402256965637,0.4669860899448395,0.49885868985358983,0.6109008193016052,0.4277667999267578,0.06560004890373304,0.0835635736584663,0.0468028038740158,0.4435649473373204,0.4618626236915588,0.4321616888046264,0.48367752726763896,0.5968686938285828,0.4134383499622345,-0.06562047150649432,-0.0467833504080772,-0.0836497694253921,0.5172502504636164,0.5400822758674622,0.4987581074237823,0.6146318708380608,0.6526837944984436,0.5923024415969849,0.025719844524059683,0.094415359199047,-0.0801055878400802,0.48847080134365656,0.5127058625221252,0.467937558889389,0.6143146247079928,0.6441347002983093,0.5957014560699463,-0.1949000353478405,-0.109617955982685,-0.2704158127307892,0.5036934283498216,0.505587637424469,0.4996013939380646,0.7589615411954383,0.7652989029884338,0.7503383159637451,0.0859061094664343,0.1760422885417938,-0.0301709230989217,0.4510795290339483,0.4562747776508331,0.4451576769351959,0.7877362313335889,0.7921817302703857,0.7840004563331604,-0.16459568334768895,-0.091607466340065,-0.2613934576511383,0.52739505245261,0.5357841849327087,0.5175965428352356,0.32723529044895955,0.4672045111656189,0.2340737879276275,0.06908351812098645,0.1527199894189834,-0.0281781796365976,0.4783393932531958,0.4903489351272583,0.4656446576118469,0.28533241275238663,0.4220229685306549,0.1932105123996734,-0.11479843493346885,-0.0085258679464459,-0.1946101635694503,152.60634060012035,163.13374058711182,126.77674571816748,119.45905113924951,165.64505906485746,64.5604196420981,129.85652186416098,170.57428785381248,82.51037851073994,116.81538779620675,170.27431211435436,65.02285546336829,162.81612491395245,174.0971639459013,147.3967582607587,156.00928527797882,166.42463099714956,143.84005993306678,130.14437460611666,166.51424152405448,85.4123619711995,0
0.476967945924172,0.5023156404495239,0.4614732563495636,0.5005109624220775,0.6597459316253662,0.4204736351966858,0.06377086438811737,0.0833844989538192,0.0500877983868122,0.4409635273309854,0.4670283496379852,0.4260903298854828,0.48362019520539506,0.6407274603843689,0.4077073633670807,-0.06376045747445176,-0.0500919632613658,-0.0834752097725868,0.5203999354289128,0.5515947937965393,0.4956079721450805,0.6048314910668593,0.6534022688865662,0.5787608027458191,0.04052739404500101,0.1052290499210357,-0.0698253661394119,0.47727069694262286,0.5081284046173096,0.4590382874011993,0.6119480862067296,0.6520107984542847,0.5875312089920044,-0.2061448738552057,-0.1049670428037643,-0.3345946669578552,0.5014624127974877,0.5058107972145081,0.4974001944065094,0.7504832790448115,0.7596495747566223,0.7425508499145508,0.09655612688153406,0.1856982260942459,-0.025557117536664,0.44623644260259776,0.4538827240467071,0.4419886171817779,0.78747279552313,0.7939287424087524,0.7818352580070496,-0.1948113903403282,-0.1201347112655639,-0.3010768294334411,0.5297432945324825,0.5374172329902649,0.5200034379959106,0.3371342767889683,0.5239644050598145,0.2270309776067733,0.07452805060333606,0.1510771661996841,-0.0192640703171491,0.4835912007551927,0.5013730525970459,0.4712915420532226,0.2932312702903381,0.4710830450057983,0.1869569420814514,-0.10619010648761801,-0.0145819727331399,-0.2000508904457092,156.33876348584005,164.31848407083203,143.3447608650619,123.43335452314469,168.66498622652315,63.25629328316512,127.7817257257236,176.43975000613776,64.93731125335968,115.00305477221272,170.76953806898777,59.37937618932852,163.03368066101928,173.8733316858002,146.17916808168766,155.26218042443114,165.71656472669116,142.4112712298681,120.64665143130344,160.47899624863084,61.60281330149254,0
0.46946826577186584,0.4923804700374603,0.4495953321456909,0.4611519023553649,0.5205002427101135,0.43491330742836,0.07326491104800306,0.0869227722287178,0.0577160082757473,0.43142053040105904,0.4573104083538055,0.4073205888271332,0.4533912806368586,0.5079429149627686,0.4306159317493438,-0.07336736008969703,-0.0575885884463787,-0.0871089547872543,0.49739793610216965,0.5142678618431091,0.4833584725856781,0.582935421324488,0.5958318114280701,0.5679856538772583,0.10484177729031487,0.244418054819107,-0.1021844819188118,0.441574758558131,0.457440048456192,0.426646739244461,0.5977662997459298,0.6134920716285706,0.5803595781326294,-0.17626420142990884,0.0137279666960239,-0.4074509739875793,0.4956019671995248,0.4982847869396209,0.493648499250412,0.7378068957755815,0.7424370050430298,0.7336351275444031,0.22827725560191947,0.4156595170497894,-0.0200749803334474,0.42617962253627495,0.4314479827880859,0.4230662584304809,0.7910492206687358,0.797001838684082,0.7855600714683533,-0.11881963405132624,0.1347586363554,-0.3674704730510711,0.5038152096876457,0.5168991684913635,0.4900286495685577,0.24135975561924836,0.3613479435443878,0.1811438053846359,0.01449536246712599,0.1036431416869163,-0.0556342266499996,0.4502297715464635,0.4585165381431579,0.442255437374115,0.22361489196321854,0.3378810584545135,0.163298413157463,-0.2186476298010171,-0.1034297198057174,-0.314263254404068,152.4106419766725,155.9052860809274,147.5295620365681,137.67021662950143,176.78818178309018,80.66041975263474,145.0280831683765,178.16670421501072,79.01383711463382,121.15758260332296,174.4511414925044,55.85718816018943,160.81752284200093,167.3022274668079,156.49024222082178,160.15677264716135,178.28199911398838,140.25079679683603,128.06018421020744,160.21987603117915,67.32148569786725,0
0.47030254784557557,0.4883087575435638,0.4473564326763153,0.4537736636896928,0.5056827068328857,0.4342419803142547,0.07157444374428851,0.0824040323495864,0.0570050105452537,0.432749901794725,0.4529173076152801,0.406355082988739,0.4456588741805818,0.4881917238235473,0.4283809661865234,-0.07161409682076833,-0.0568014904856681,-0.082536831498146,0.49579249860511887,0.5068836808204651,0.4885696470737457,0.5820634795559777,0.6007161736488342,0.5612342357635498,0.12038403233358015,0.265179842710495,-0.1023635044693946,0.4410167845586936,0.4566650688648224,0.4332135617733001,0.5964738718337483,0.6164277791976929,0.5784672498703003,-0.1597797540622802,0.0006795095396228,-0.3749681711196899,0.4960026774141524,0.4994053542613983,0.4934732615947723,0.7388399226797951,0.7459967136383057,0.7350040078163147,0.24286796976796016,0.4691475331783294,-0.0567906573414802,0.425446483410067,0.4270360767841339,0.4239055514335632,0.7910201342569457,0.7951108813285828,0.7847667932510376,-0.10337688971129763,0.1006065979599952,-0.3630184531211853,0.5087977680895064,0.5271843075752258,0.4935274124145508,0.2410744565228621,0.3749184012413025,0.1802288740873336,-0.0070364373225149535,0.0993817523121833,-0.1463257521390915,0.4564850827058156,0.4742598831653595,0.4418885409832001,0.22193804176317322,0.3466679453849792,0.1559739410877227,-0.23101625622560581,-0.1191342696547508,-0.3748975396156311,151.50898705912218,154.88150053496443,138.42809724970755,140.6300404605499,177.65841683613434,88.68115129718062,152.12642046039107,177.74984298464256,90.93810645817798,120.62684911714629,176.59489027279298,49.49065023186166,159.6473278840373,165.5376432554467,153.77628546790754,155.78122141998793,178.49224028004178,124.69184413751591,126.08031669666242,159.68220586662096,58.72948147054231,0
0.4672061200527584,0.4869196712970733,0.4439431428909302,0.455566505298895,0.500333845615387,0.431805282831192,0.07400252324912472,0.0867000296711921,0.0597851835191249,0.4296325896592701,0.4531254768371582,0.4038238823413849,0.44850251385394263,0.4892767369747162,0.4317697286605835,-0.07408608518102584,-0.0597526431083679,-0.0868260860443115,0.4939066728248316,0.5004990696907043,0.4855189621448517,0.5816737737725762,0.5973778367042542,0.5564597845077515,0.126641688430134,0.2288596183061599,-0.1052650436758995,0.438558223492959,0.4490566849708557,0.4288861453533172,0.5972940886721891,0.6121701002120972,0.5791813731193542,-0.1682469576720477,0.003628852777183,-0.3661938011646271,0.4965411564883064,0.498563140630722,0.4943697154521942,0.7376462449045742,0.7444499135017395,0.7341209650039673,0.24657003580839099,0.3856576085090637,-0.0605324953794479,0.4249167534358361,0.4264524579048157,0.4220351874828338,0.7922838102368748,0.7975285053253174,0.779880166053772,-0.12349134032924397,0.1193026304244995,-0.3587311208248138,0.500942464260494,0.5134609341621399,0.4878484606742859,0.2412286291227621,0.3537302911281585,0.1819978952407837,0.012549914899008243,0.0988110527396202,-0.0927929133176803,0.4514210649272975,0.4691751301288605,0.4408168792724609,0.22274037034196012,0.3392687141895294,0.1567012965679168,-0.22298364516566782,-0.1149024292826652,-0.3103989660739898,151.58960852470813,155.26187651810753,147.26597453640397,141.0889264923313,175.76187975389195,96.72296176780564,154.6728407633556,176.6353657489544,92.51283977222228,119.86315746157845,171.3738478734831,58.431713807140376,160.85888554569902,168.39948250780935,153.06002710953467,158.44093603363876,179.33772196909047,133.27835247606353,130.25805164966175,163.44607082470117,68.6189821582018,0
0.4672343644403642,0.4858867228031158,0.4488744437694549,0.46724419199651285,0.5187507271766663,0.4325177669525146,0.07265303452168739,0.083666056394577,0.0608215816318988,0.42792838427328295,0.450027734041214,0.4080685973167419,0.4595472168537878,0.5060176849365234,0.4307026863098144,-0.0727388888236976,-0.0607285052537918,-0.0838358551263809,0.4978355736501755,0.5099685788154602,0.4909218251705169,0.5770944078122416,0.5953603982925415,0.5579283833503723,0.08418990602161014,0.2349283397197723,-0.1416847705841064,0.4403751718421136,0.4547482132911682,0.4291004538536072,0.5961537697622853,0.610197126865387,0.5803289413452148,-0.19872203351358972,-0.0063217780552804,-0.4193968772888183,0.49642803111383993,0.4975147843360901,0.4946481585502624,0.736274202023783,0.7399137616157532,0.7332808375358582,0.19685950283441814,0.4034527540206909,-0.0988153368234634,0.425418536509237,0.4276610612869262,0.423391193151474,0.7932384562107825,0.8027486801147461,0.785336971282959,-0.15729115774710437,0.1017335802316665,-0.4037375450134277,0.49938975322631096,0.5170630216598511,0.485998272895813,0.25428030760057513,0.3740247786045074,0.185559406876564,0.022406932049160513,0.0910704135894775,-0.0410411544144153,0.44566875311636156,0.4558903276920318,0.4353037178516388,0.23578694318571397,0.3470524251461029,0.1637524366378784,-0.20677764761832446,-0.1207949146628379,-0.2722358405590057,153.37997646455239,162.17204657850303,149.36904130200307,135.40933219780433,178.7133641691714,89.27767501819254,141.11835621113298,178.83530790136896,77.45920214860571,115.4792738466936,173.04727712667344,57.93017094693696,161.46167419492184,169.2606175837583,142.03793875494685,162.06585975375484,178.57748349430105,141.99841041722544,123.12754756568431,159.0577193902337,64.47267817941639,0
0.46048903720719475,0.4877776801586151,0.4376142919063568,0.4584416529961995,0.5168870687484741,0.4239546060562134,0.07321284722004613,0.0863147154450416,0.0593181923031806,0.4226676519427981,0.4518041014671325,0.3978390693664551,0.45166092344692776,0.5080666542053223,0.420969009399414,-0.07327679023146627,-0.0592333860695362,-0.0864376053214073,0.49068381403173716,0.4994731545448303,0.4813828468322754,0.5788930594921112,0.5957614183425903,0.5571229457855225,0.10504133203482652,0.2439397722482681,-0.1113738045096397,0.43613070590155467,0.4462965428829193,0.4274114966392517,0.5939578533172607,0.6106888651847839,0.5790190696716309,-0.1983708294374602,-0.0474881269037723,-0.3991548418998718,0.49402207476752147,0.4972366094589233,0.4881623387336731,0.7343727171421051,0.7396979331970215,0.7297093868255615,0.21197684500033834,0.423875480890274,-0.0654628351330757,0.423402898652213,0.425845742225647,0.4208945035934448,0.7893227790083204,0.7948606014251709,0.7806307077407837,-0.17137939815209913,0.0305810961872339,-0.4218296706676483,0.48973364915166584,0.5039968490600586,0.4738001823425293,0.2531032628246716,0.3831570744514465,0.1905767917633056,0.03299260762120995,0.1147869601845741,-0.0720993801951408,0.4371188993964876,0.4499481916427612,0.4225583672523498,0.23278112964970724,0.3650984168052673,0.16653573513031,-0.20232924382601464,-0.0898465141654014,-0.291115403175354,152.65600303985087,158.6720536160078,141.27808777984183,137.72585376117308,174.1824071125382,90.21000090397628,150.03125443177655,177.92416526184425,82.59264867774195,114.39663581201613,168.09836823548952,51.28047691767412,163.64826922152594,170.84821398549977,157.8439156309461,161.37905339609554,178.9270950900506,132.65193506432286,126.07767674245702,160.01434865599273,57.18698747797103,0
0.46720485121775895,0.4997702836990356,0.4454323351383209,0.45904049086265075,0.5206283330917358,0.4264261424541473,0.07071277460990803,0.0875545591115951,0.0465530641376972,0.42826480552172047,0.4641808271408081,0.4044385552406311,0.451552200011718,0.5109642744064331,0.4221306145191192,-0.07073698832820619,-0.04636762291193,-0.0877267569303512,0.4972765384576259,0.5128509998321533,0.4891599118709564,0.5775734935051355,0.596906840801239,0.559718668460846,0.10731617498617524,0.2518194615840912,-0.1122423633933067,0.4435264433805759,0.4594670236110687,0.4345460832118988,0.5931393962640029,0.6103152632713318,0.5799007415771484,-0.19556812138463825,0.0293393302708864,-0.3781446814537048,0.4972693411967693,0.5006603002548218,0.4950544536113739,0.7352184874889178,0.7428603172302246,0.7274330854415894,0.22134423618636226,0.4518306851387024,-0.0749362260103225,0.4252795519737097,0.4274998307228088,0.4221144914627075,0.7892335294148861,0.7965311408042908,0.7850125432014465,-0.16247914957766157,0.15126933157444,-0.3765199780464172,0.5033083359400431,0.5253106355667114,0.4724200665950775,0.25910203483624333,0.4084957838058471,0.176318734884262,0.014879025375613794,0.1229312345385551,-0.1043118461966514,0.4492128907870024,0.4728733897209167,0.4203836619853973,0.23808197046701723,0.3796449303627014,0.1561302244663238,-0.20431459083771092,-0.0877239406108856,-0.3240021765232086,151.84815597176114,158.92532305212336,147.61017090268157,134.96794484871342,179.13827200467176,90.56568205325306,147.62217584609206,177.1997309565543,85.65465633265482,111.72120084411243,179.1996274121039,53.94467204494564,163.05477763422567,171.4948941826098,155.01028987259383,155.25072432034796,177.94984404098784,127.42521728141874,119.38556949465422,161.0578102473116,57.24531324533055,0
0.47336619024846094,0.5017962455749512,0.445128470659256,0.4528131547258861,0.5126299262046814,0.4240906834602356,0.06711898916470466,0.0821156874299049,0.0512760244309902,0.43528537207574985,0.4648594260215759,0.4073025286197662,0.44386339587951773,0.4971409440040588,0.4214538037776947,-0.06713583698468417,-0.0509977787733078,-0.0822209045290947,0.4977951276658186,0.507084310054779,0.4906167387962341,0.5816506663365151,0.6038650870323181,0.5593075156211853,0.11716515202520052,0.2522853314876556,-0.0866176262497901,0.4443127250493462,0.4539609253406524,0.4348053932189941,0.5957063641121139,0.6136109828948975,0.5809201002120972,-0.17416612032467305,-0.0085275582969188,-0.3745694756507873,0.4993814105418191,0.5023068189620972,0.4977027773857116,0.7369434566640142,0.7452103495597839,0.7308382391929626,0.23440949131957076,0.440780371427536,-0.0267712101340293,0.42613295565790205,0.4275142252445221,0.4238385260105133,0.7910452965480178,0.7971066236495972,0.7816047668457031,-0.1357640342738257,0.0924474671483039,-0.3672574758529663,0.5132643269069159,0.5265696048736572,0.5008395910263062,0.24545882842433986,0.384914368391037,0.1786977052688598,0.003163513846507772,0.1059195026755333,-0.1442389786243438,0.4605947016780056,0.4749627411365509,0.4541339576244354,0.22726472722950267,0.3600209951400757,0.1545409709215164,-0.21116852604631164,-0.0892433747649192,-0.3585835099220276,152.12549019296875,157.0427422569729,145.17891497854853,139.3991444750762,178.21927490069115,93.45609299565024,152.3482052098051,178.1405337732781,90.55006094578872,116.124610018043,171.70873314537653,56.53729172395093,160.29537891062208,168.3356406020382,151.27029890652867,155.34697333636046,177.1729146489464,125.35686152617868,125.32385863216432,160.06509299935328,64.73118123674465,0
0.47302992530723115,0.5008451342582703,0.4416061639785766,0.454569562602399,0.508446216583252,0.4276747703552246,0.07276663740179427,0.0865261629223823,0.0608177445828914,0.4348627195429446,0.4631649553775787,0.4050267934799194,0.4466845397628955,0.498233437538147,0.4248336255550384,-0.07284436196978407,-0.0606475472450256,-0.0866679698228836,0.49651210743989516,0.5019338726997375,0.4867744445800781,0.582341396096927,0.6030263304710388,0.5528803467750549,0.12241931885147272,0.2603842914104461,-0.1124102920293808,0.44328711459885783,0.4532711207866668,0.4323072135448456,0.597792393236018,0.6156226396560669,0.5783161520957947,-0.18061259665540347,-0.0121873142197728,-0.4161596298217773,0.49907735746298265,0.5014621615409851,0.4967636168003082,0.7368260862222359,0.7422490119934082,0.7328505516052246,0.24259432403148332,0.4381853342056274,-0.0782098695635795,0.4262387058628139,0.4279957115650177,0.4218737185001373,0.7927939224599013,0.7963088154792786,0.7827176451683044,-0.1425121475904641,0.0753808990120887,-0.428991824388504,0.5056173988242647,0.5161155462265015,0.4953213930130005,0.24160715403841498,0.3695061206817627,0.178181990981102,0.022705925342717214,0.1117559820413589,-0.0976021289825439,0.4535450681821624,0.4602114260196686,0.4438033103942871,0.22516291332778646,0.3528444468975067,0.1591575294733047,-0.2177774691537245,-0.1132144853472709,-0.3074415624141693,152.0671035870812,158.7139103355439,147.8960776591077,140.53206648770148,177.3760277975102,84.87047946641421,151.73787827162727,178.24286166618225,85.01665011176229,117.61590550989153,170.52343929536988,47.07369094047928,160.7550964702931,169.40740406439886,156.0695832622075,158.6334048539241,178.0863896780406,127.00114912038902,122.38911023704428,157.77560537105643,58.72485506327772,0
0.47030862284378266,0.4941178560256958,0.4417179822921753,0.45553837401766173,0.5108582377433777,0.428903579711914,0.07284261559096857,0.0883532091975212,0.0634162798523902,0.43269872917255886,0.4566019475460052,0.4044952094554901,0.4483957970646066,0.4969766736030578,0.4260439276695251,-0.07295354277315269,-0.0633248463273048,-0.0885730534791946,0.49473157902838477,0.5017476081848145,0.4846749305725097,0.5807918243005242,0.5977072715759277,0.5563741326332092,0.11809835732507871,0.2435831576585769,-0.122791975736618,0.4405782184970211,0.4490672647953033,0.4280890524387359,0.5971288420784642,0.6135193109512329,0.5774101614952087,-0.17397585301332072,-0.0299901999533176,-0.4186568260192871,0.4984515145630904,0.5005465745925903,0.4954388439655304,0.735156494127193,0.7411924600601196,0.7323139905929565,0.22777097121628762,0.4184372127056122,-0.096060611307621,0.42510996108323756,0.426182210445404,0.4220230281352997,0.7907580363918358,0.7958810925483704,0.7858670949935913,-0.13833579431045273,0.0494984537363052,-0.4316147565841675,0.5009555627762432,0.5108051300048828,0.4944538474082947,0.24334600693742994,0.3655799925327301,0.1863867044448852,0.03444707870498154,0.1107274666428566,-0.0578410886228084,0.448102313867757,0.4600844979286194,0.4416853189468384,0.2228043215795302,0.347548633813858,0.1634747385978698,-0.2023159001075046,-0.1258544474840164,-0.2798054814338684,152.74054125828857,156.36065244977806,147.40503528082056,142.02791259157502,178.13697285554142,89.39635817773336,155.01641188726583,179.1122823880773,87.92988502815957,121.43914237745832,170.7786863307685,53.9129496124547,162.27189868262525,168.8595251200521,157.21693495237471,161.7491134898106,176.50377884535763,137.0794946995152,127.55664809402425,160.97745831847385,63.08780944880327,0
0.48081107555251373,0.5016158819198608,0.4682008326053619,0.4986022828440917,0.6171303987503052,0.4255569875240326,0.06412053529761334,0.0835083425045013,0.0482452027499675,0.4452972353289002,0.4648649990558624,0.432658851146698,0.4837067891892634,0.6019793748855591,0.4110107719898224,-0.06415464738874055,-0.0483558252453804,-0.0836229026317596,0.5176855066889211,0.5396097898483276,0.4990391135215759,0.6155421765227067,0.6537747979164124,0.5912474989891052,0.029184980295739408,0.0958227142691612,-0.0771524533629417,0.4881337430132063,0.5134453773498535,0.4678671061992645,0.6149280165371142,0.6455119252204895,0.5972768664360046,-0.1908727227465102,-0.0938360765576362,-0.2715308964252472,0.5038863381272868,0.5057609677314758,0.5018613934516907,0.7581494858390406,0.7650948166847229,0.7452155351638794,0.08650362552878886,0.1649587750434875,-0.0354702584445476,0.4503917215686095,0.4559679925441742,0.443785697221756,0.7884143214476736,0.7912085652351379,0.7826958894729614,-0.1669772554581102,-0.0876753479242324,-0.2417671680450439,0.5257264752137033,0.5345030426979065,0.5109171867370605,0.32618232208647224,0.4734730124473572,0.2146958410739898,0.08068479906528644,0.1598252952098846,-0.0080628599971532,0.4775216410818853,0.4914833605289459,0.4646082818508148,0.28146554784555183,0.4272902309894562,0.1737335920333862,-0.09647454707546305,0.0176725778728723,-0.191819742321968,154.67407222264606,167.1530104552054,137.80068808190222,122.03700096935954,168.36120507177372,64.10199323852676,131.42224237175276,170.38398665226848,73.70316828589795,121.7877902950073,173.2320160259542,66.627512002235,164.90931699957184,175.20351284644636,147.9093453478482,156.6536801670502,166.62593807439734,146.5453282839526,130.60294206143257,166.96993745866456,85.53082948568836,0
0.47328103567237284,0.5015709400177002,0.4453745484352112,0.4529844504683765,0.5047528743743896,0.4258461892604828,0.06754202862728884,0.0823151767253875,0.0512354932725429,0.435101240428526,0.4639777541160583,0.4071186184883117,0.44325478174793187,0.4940188229084015,0.4194382131099701,-0.06755784626549743,-0.0508930422365665,-0.0825278088450431,0.4980986238415562,0.5067145824432373,0.4906128644943237,0.5810518344836448,0.5998256206512451,0.5611761212348938,0.11886582714018983,0.2495499551296234,-0.076240450143814,0.4448706432064967,0.4563597440719604,0.4341844320297241,0.5961817974474892,0.6137956380844116,0.5805948972702026,-0.1792565767006921,0.0026994829531759,-0.3844620287418365,0.49961164949545217,0.5021853446960449,0.4974609911441803,0.7365676200211938,0.7451608777046204,0.7312213778495789,0.23808338762775286,0.4421296715736389,-0.0213733967393636,0.4263881275902933,0.4316481649875641,0.4241692125797272,0.791175296057516,0.7961829304695129,0.7818196415901184,-0.14241680618090582,0.1165549904108047,-0.3800673484802246,0.5133037540450025,0.5258728265762329,0.502256453037262,0.2466887858376574,0.3836406469345093,0.1800797879695892,0.002799051454544435,0.1031418815255165,-0.1453679949045181,0.46061986417912726,0.4735350906848907,0.4531175494194031,0.2277635413764128,0.3600798547267914,0.1557779312133789,-0.21394972636628506,-0.0894197598099708,-0.366563618183136,151.26168280953152,156.9752796135238,140.2971897354562,139.04474998425778,179.10667065344668,91.6073581196346,152.41890277844706,178.14307436499698,92.47879282483302,114.94074362197345,172.4283496186722,53.9594156935557,161.0175943181859,169.32702475750654,152.25887220914692,155.411679340517,177.81574757458168,124.60104897765282,125.3636787925474,159.44876237110535,57.3071536178187,0
0.4802296169494328,0.4960898458957672,0.4626680314540863,0.47991335901774856,0.5775548815727234,0.4201684892177582,0.06788651003061152,0.0943091288208961,0.0562015436589717,0.44244647065275594,0.4615164995193481,0.4240085482597351,0.47168565737573726,0.5683347582817078,0.4197385609149933,-0.0679786789083951,-0.056174848228693,-0.0945147350430488,0.5102384506087554,0.5283321738243103,0.4926728904247284,0.5980492187173743,0.6682884693145752,0.5690535306930542,0.12720512668602163,0.2229444235563278,-0.0294764544814825,0.4685980493300839,0.5013884902000427,0.4457457959651947,0.6027708273184927,0.6152053475379944,0.5793730020523071,-0.20592431586823964,-0.0324597284197807,-0.358230710029602,0.5104401472367739,0.5159593224525452,0.4416867196559906,0.7396713385456487,0.7877667546272278,0.7311386466026306,0.26648904608660623,0.4080907702445984,0.0839490517973899,0.432390285949958,0.4458380043506622,0.4278308153152466,0.791301965713501,0.7964947819709778,0.7835709452629089,-0.15556782636007196,0.0283562280237674,-0.3111417591571808,0.521193719223926,0.5403953790664673,0.5019116997718811,0.2748310071857352,0.4223291873931885,0.1762493699789047,0.005775022122945409,0.1033099442720413,-0.0810815840959549,0.4633117443636844,0.4808166921138763,0.4473017156124115,0.252818848741682,0.3919993638992309,0.1536755263805389,-0.20473532662972024,-0.0790677890181541,-0.3081444203853607,149.76983281923253,157.65070630770478,138.25857186454814,121.46572393298975,173.91764594062386,67.08483601476198,150.41948682487003,179.07489260799954,84.96178368274931,104.82019186736953,164.33694060222828,53.41040568630132,161.9512530529927,169.60470812826813,149.66115081918255,155.78593990885344,177.15698412844847,136.85612233893167,134.78201417735045,154.90941958369305,94.47543029587118,0
0.48524265651461446,0.4970268905162811,0.4711071252822876,0.4722735432884361,0.5750261545181274,0.417173683643341,0.0703685697215267,0.0870081260800361,0.0581963658332824,0.44767049256759356,0.4589124023914337,0.4339442253112793,0.4661185699927656,0.5671194195747375,0.4152453243732452,-0.07051465990422642,-0.0582662187516689,-0.0872056409716606,0.511325398955164,0.5334874987602234,0.4982689619064331,0.6005211080176921,0.6969045400619507,0.5750105381011963,0.14644171559853075,0.2449744343757629,0.0074524437077343,0.46676534301118006,0.517964243888855,0.4428499042987823,0.6059733123718938,0.6130065321922302,0.5907413363456726,-0.17012524729759632,-0.0275314338505268,-0.3659767508506775,0.5077751097799856,0.5145350694656372,0.4405787885189056,0.7389143463931506,0.7879666090011597,0.7308156490325928,0.2953885878565945,0.430922657251358,0.1570318043231964,0.43308834524094303,0.4755874872207641,0.4277037978172302,0.7902156197572057,0.7969152331352234,0.7701727151870728,-0.12123060545919435,0.0531481690704822,-0.2973112761974334,0.5200046874299834,0.5373781323432922,0.5032427906990051,0.2560900694961789,0.4095870554447174,0.1760219782590866,0.015211814324647091,0.0946501195430755,-0.0693684518337249,0.46210851548593257,0.476648211479187,0.4505032002925873,0.2347825593963454,0.3858560621738434,0.1540222018957138,-0.2072005088004885,-0.0894878730177879,-0.3096391260623932,150.56425657405472,162.4575323936082,131.85017395440505,131.51977672177486,176.75756778974022,64.09753704758494,152.365317766355,178.63837926333176,80.71901369587091,116.50018701490463,164.0261341515045,55.56576921173769,163.21228871796333,177.28032973436558,128.66373415993888,159.77400709642606,177.4404667424483,139.26673585134563,136.9361941496237,158.36858865055655,85.76084874874124,0
0.48373510061126007,0.495644599199295,0.4695500433444977,0.47495383416351517,0.5848767161369324,0.4193093180656433,0.07001814858889889,0.083380751311779,0.059834711253643,0.44829659595301274,0.4582635164260864,0.4359365403652191,0.47027817015585144,0.5793070197105408,0.4175446033477783,-0.07014892554204712,-0.0599038153886795,-0.083624891936779,0.5071210896498278,0.526232123374939,0.4796003103256225,0.606243737434086,0.7066084146499634,0.5804635882377625,0.16098179526038858,0.2647994756698608,0.0562813021242618,0.4663987763618168,0.5267186760902405,0.4404014945030212,0.6074501189746355,0.6176443099975586,0.5922502875328064,-0.1392136745424451,-0.0122502297163009,-0.3374403715133667,0.5046131085408362,0.5136947631835938,0.43111452460289,0.7408422482641119,0.796345591545105,0.730506420135498,0.3076617047190666,0.4660873413085937,0.1770787835121154,0.4344617967542849,0.4962888360023498,0.427848607301712,0.7884557600084104,0.7959827184677124,0.766416072845459,-0.08642531331555033,0.0816353559494018,-0.2792290449142456,0.5155793569589916,0.5341593623161316,0.5014590620994568,0.25578678732639865,0.4193993210792541,0.1766948103904724,0.016439326799866802,0.1017320156097412,-0.07111407071352,0.4615685618237445,0.4800843894481659,0.4500144422054291,0.2383994330701075,0.396782249212265,0.1532781273126602,-0.20044251315687833,-0.0880424231290817,-0.2897318303585052,149.67188359050283,161.99595581194353,122.3727934619438,134.1283534529144,174.9916276982939,65.40090946334654,159.87897111135283,178.8322218663705,113.86434283531209,121.83964516243913,170.55314441261777,58.52104735713319,161.846911088303,175.03802108976566,126.02542458686892,159.025610155672,177.17391972320115,140.8854972346678,142.69526136518385,161.35287936448654,118.43558013975644,0
0.4840889014828373,0.4960003197193146,0.4700127243995666,0.4732206564554026,0.5707123875617981,0.4168093502521515,0.06970359133162965,0.0843434855341911,0.058036882430315,0.44730825365429194,0.4579921960830688,0.4347747564315796,0.46855495303449496,0.5617446899414062,0.4159684777259826,-0.06984939977106909,-0.0581002682447433,-0.0845942869782447,0.5080306924564738,0.5278533697128296,0.4849149882793426,0.6038567197154945,0.6875942945480347,0.5797299742698669,0.16189159639179704,0.2641254365444183,0.0312131140381097,0.4673524964863146,0.5098872780799866,0.442643940448761,0.6074905722913607,0.619462251663208,0.5925350785255432,-0.1496409218509117,0.0101879276335239,-0.3154773712158203,0.5055044138095748,0.5138712525367737,0.437802791595459,0.7397304395554771,0.7911092638969421,0.7292695045471191,0.3200318282338935,0.4760729372501373,0.2072914540767669,0.43425516427402766,0.4916180968284607,0.428160160779953,0.7884041465504069,0.7951497435569763,0.7520602345466614,-0.09324008882255619,0.1251163631677627,-0.2122798711061477,0.5148397961132963,0.5354613661766052,0.5012250542640686,0.25451848855320836,0.4003625810146332,0.1732606440782547,0.012030613646370328,0.1062768176198005,-0.0796673074364662,0.45872941487272023,0.4745956063270569,0.4477133452892303,0.2386960420810001,0.3788138926029205,0.1569705009460449,-0.20918486214859386,-0.0865419581532478,-0.2996468245983124,150.90309400708324,166.35545349528735,135.15398335221698,131.95893140359388,176.26502178817915,63.7333644748749,159.12876363030503,178.9256291106208,103.36646308338788,119.08234588368921,173.04669215679644,51.83734947989201,162.29828930834807,169.0962196149927,143.96384577805603,157.94446906311217,178.22518891541267,137.78744271986136,142.70112699220326,161.58966308492575,111.17785810618908,0
0.48298559028927873,0.4947630167007446,0.4685642123222351,0.46498571299925084,0.5770228505134583,0.4196306765079498,0.07038470380371659,0.0865308791399002,0.0607724525034427,0.4455874620414362,0.4585815668106079,0.4302431046962738,0.4595100138245559,0.5687995553016663,0.4181711971759796,-0.07048934125682199,-0.0607981011271476,-0.0867246091365814,0.5077827180304179,0.5255582332611084,0.494153082370758,0.5991182429034535,0.7056050300598145,0.5712659955024719,0.15572143718600268,0.2609041035175323,0.0420605726540088,0.4593622284691508,0.5097638368606567,0.4393073618412018,0.6062558489601787,0.6270079016685486,0.5833134055137634,-0.1473822314405768,-0.0124158766120672,-0.3135169148445129,0.510053426027298,0.5140196084976196,0.4370372891426086,0.7382638657965311,0.7913831472396851,0.7291172742843628,0.2972190892551003,0.4635854065418243,0.1884242445230484,0.4312763810157776,0.4708007276058197,0.4276366233825683,0.7912743251498152,0.7981566190719604,0.7740941047668457,-0.0980854851659387,0.0757580623030662,-0.2966563403606415,0.51198574391807,0.5327976942062378,0.4972511231899261,0.24354203717737663,0.4132039546966553,0.1729313880205154,0.026342754203985207,0.1153346449136734,-0.0695212110877037,0.45818596969290476,0.4778764545917511,0.4473027884960174,0.22595895754127968,0.3891963958740234,0.1546337902545929,-0.1977556274249786,-0.0934766381978988,-0.3075612187385559,150.49519625003282,164.9685386903486,134.17161016177312,136.76337027018954,174.89402398035168,68.39526443501303,160.5191907125686,177.8972083142073,104.36843171822152,123.16317114581314,167.27872597343992,63.57873933034672,162.06722725654103,171.69482911518455,146.8214043423365,159.485864903613,178.61326180939076,138.65060798358155,141.12320105106588,154.40540634183776,111.18142174776132,0
0.48523116707801817,0.4997737109661102,0.4667178690433502,0.4657804622369654,0.5748568177223206,0.4204474985599518,0.06865214517011357,0.0835978612303733,0.0564577840268611,0.4481213103322422,0.4604614675045013,0.4314507246017456,0.45985312742345474,0.5697698593139648,0.4170086681842804,-0.0687604135888464,-0.0565234795212745,-0.0837840288877487,0.5099395197980544,0.5322524905204773,0.5002287030220032,0.5964200419538161,0.6422168016433716,0.566760778427124,0.15225761797936524,0.263911098241806,0.0038179345428943,0.46012394147760727,0.4936517477035522,0.4420321881771087,0.6060483105042401,0.6215173602104187,0.5828924179077148,-0.14875717386603352,-0.0083035696297883,-0.3235279023647308,0.5109591585748335,0.5138685703277588,0.4987869560718536,0.7349168574108796,0.7449989318847656,0.727536141872406,0.2976451410966761,0.4719960391521454,0.1482717841863632,0.4311076248393339,0.4397551417350769,0.4269195795059204,0.7908809830160702,0.7948551774024963,0.7826138734817505,-0.10152305456645344,0.0843908414244651,-0.3008773028850555,0.517439694965587,0.5343278050422668,0.5060354471206665,0.24365708810441633,0.4054734408855438,0.1725812405347824,0.022700473326532276,0.096218004822731,-0.066323421895504,0.46249617864103876,0.4810228049755096,0.453361302614212,0.22598167324767393,0.3890382051467895,0.155074805021286,-0.198763167682816,-0.1011737883090972,-0.3027769327163696,150.52307932404088,156.53813015083668,140.41872410313343,137.78062123561853,179.23940523032715,69.9928427054775,155.5060943686234,178.4247190576118,89.87269886696079,122.942621757216,169.60468069315868,63.75362203336065,162.56039216188705,169.1873312539603,153.95121201929695,161.14380635361255,177.35627657551044,138.4812723482805,135.74321732067446,153.34954629911002,102.27386132242115,0
0.48782437360739406,0.5033474564552307,0.4695857167243957,0.46544690863995614,0.5811436772346497,0.4173121154308319,0.06819826081583767,0.0859256759285926,0.053725317120552,0.4507169987581953,0.4630134403705597,0.4357639849185943,0.4601109322113327,0.56806880235672,0.4147298336029053,-0.06831997977216028,-0.0537589192390441,-0.0861219018697738,0.507936054392706,0.5228204727172852,0.4887645840644836,0.604100833210764,0.7093366980552673,0.5740819573402405,0.1670101281208328,0.269413948059082,0.0750409513711929,0.46522816298883174,0.5188802480697632,0.4410662055015564,0.6084854444370994,0.6280475854873657,0.5940982103347778,-0.1325530102830144,-0.0160156618803739,-0.2892270386219024,0.5057257353505001,0.5139893293380737,0.4362089335918426,0.7386806765689126,0.792195200920105,0.7285361886024475,0.31546607953083666,0.4526553452014923,0.2243039608001709,0.4331649994548363,0.4908011853694916,0.42718705534935,0.78918742152709,0.7963284254074097,0.7636562585830688,-0.08880568568188035,0.0746811926364898,-0.2295625209808349,0.5179267586032047,0.5341436862945557,0.5077990293502808,0.24313346136219893,0.4074568152427673,0.1755328476428985,0.023467394931513015,0.0996780917048454,-0.0653947070240974,0.4624261490151852,0.4757671058177948,0.4549633264541626,0.2226652555827853,0.3799219727516174,0.1519660800695419,-0.19246770064287544,-0.0934034585952758,-0.2822399735450744,149.61285192605422,162.08648186798308,130.5174899531604,140.02372868661678,177.3688749537954,71.02278909105286,162.08636686911566,178.25524720643415,118.45817697809024,126.6990709017002,168.01089004357536,66.76261792306354,163.53764449972599,176.60252148731797,132.0354700385876,160.9493990927257,176.97217828143854,140.44041902521806,143.37975155475434,157.858613484232,128.36077062336207,0
0.49082417436587955,0.5023883581161499,0.4736095368862152,0.45969323390795863,0.5846426486968994,0.4168107509613037,0.069432316324961,0.0857574194669723,0.0532400645315647,0.4535636475056778,0.4637113511562347,0.4408383369445801,0.4544416919902519,0.5746117830276489,0.4126744568347931,-0.0695700141842718,-0.0532929226756095,-0.0859904736280441,0.5089158106733251,0.527709424495697,0.4876158833503723,0.6068787854394795,0.7237988710403442,0.5781503319740295,0.17424205111132726,0.2817853689193725,0.107299767434597,0.4656259700839902,0.5274951457977295,0.4436399042606354,0.6093088145609256,0.6258082985877991,0.5984154343605042,-0.12394967523437955,-0.0282444432377815,-0.2937949895858764,0.5061241770968025,0.5137981176376343,0.4331476390361786,0.738471907598001,0.7944821119308472,0.7294692993164062,0.32480511547606666,0.4964344799518585,0.2394358366727829,0.43475344666728266,0.489296019077301,0.4278612434864044,0.7868691498850598,0.7964915037155151,0.7602958679199219,-0.08285020242723991,0.0609084144234657,-0.2084483504295349,0.5201021631558737,0.53843754529953,0.50559002161026,0.2358338358225646,0.4082013070583343,0.1729955226182937,0.03516285146161177,0.1091898009181022,-0.0754248723387718,0.46265722976790535,0.4770922660827636,0.4517256617546081,0.2137611438462763,0.3808158934116363,0.1508846580982208,-0.17887972350473758,-0.0737572014331817,-0.297181099653244,150.44976610235162,160.35612018056955,139.4415009680978,144.0219683463515,174.48343836477633,72.83321565732311,163.58595610593585,175.92385672254426,128.51758930477948,133.59181743355614,165.83872879810056,62.87654587246028,162.2104811044727,169.35386929617005,123.25092151532584,162.16534050680679,176.73357261853334,138.06875617475086,144.32161572885178,159.48178310268756,133.7681192268142,0
0.4828835707612154,0.4978080987930298,0.4689679741859436,0.4665305265566198,0.5809792280197144,0.4212435781955719,0.07056363463038347,0.0863548070192337,0.0625082030892372,0.44607920508559157,0.46308633685112,0.4301738440990448,0.4606925187314429,0.576006293296814,0.4193466901779175,-0.07068401129870876,-0.0625845193862915,-0.0865381211042404,0.5069734450520539,0.527291476726532,0.4898070991039276,0.6007389244509906,0.7099521160125732,0.567779004573822,0.1600119674850891,0.2642372548580169,0.028384618461132,0.4601709410184767,0.5131686329841614,0.440277099609375,0.6056425375182454,0.6277936100959778,0.5860273241996765,-0.14754284040366364,-0.0051825959235429,-0.3024277985095978,0.5093668877351575,0.5134905576705933,0.4419547021389007,0.7378174931537814,0.7837135791778564,0.7296893000602722,0.3052825424365881,0.4540864825248718,0.1632349193096161,0.43166930646431156,0.4698981642723083,0.4283058941364288,0.7913240790367126,0.7964766621589661,0.7811709046363831,-0.09901600521307707,0.0951956063508987,-0.2927363812923431,0.5128683524160851,0.5343210697174072,0.4988702833652496,0.2444182187318802,0.4133306741714477,0.1742526590824127,0.02769595253497444,0.1107131242752075,-0.0608557686209678,0.45812980140127785,0.4779264628887176,0.4455018639564514,0.22640243372539195,0.3897451758384704,0.1540379375219345,-0.19852528094155028,-0.0948145613074302,-0.3063858449459076,149.41580648996236,154.5689704075237,125.10299436353868,136.6520664519681,178.70877976515104,72.10269058049357,160.27716566077194,179.31138596709184,101.22968387113464,122.76601754773449,167.61000088130055,61.71960415758949,161.20547191006926,166.51057967554135,136.8893682252754,159.93795763007927,177.9355816129502,139.53482935047285,140.1991910906434,158.02132143641066,105.7897733969829,0
0.4799023090224517,0.5001642107963562,0.4664145410060882,0.5012337957557879,0.61585533618927,0.4247406423091888,0.06365866351284476,0.0802270397543907,0.0471292622387409,0.44476404982177836,0.4636066854000091,0.432533711194992,0.486633338034153,0.6057643890380859,0.4107214510440826,-0.06369067027576655,-0.0472204834222793,-0.0803395807743072,0.5177614202624873,0.5415260791778564,0.5009350180625916,0.6173708674154783,0.6554521322250366,0.59332674741745,0.03111805150470705,0.0855509415268898,-0.0803634226322174,0.4897160196774884,0.5156623721122742,0.4686180651187897,0.6156915747805646,0.6484562158584595,0.6002529263496399,-0.1861579524059044,-0.1116195246577262,-0.290101557970047,0.503371346153711,0.5063852071762085,0.500689685344696,0.7594745763038334,0.7653318047523499,0.7459545731544495,0.0835968503409898,0.1705231964588165,-0.0526833608746528,0.4505188272971856,0.4559091627597809,0.4445136189460754,0.7886156329983159,0.7923057675361633,0.7842659950256348,-0.16477733360309346,-0.0716757699847221,-0.2445523589849472,0.5253706511698271,0.5350537896156311,0.5153011083602905,0.32963789313247327,0.4738471508026123,0.2276355624198913,0.07812935872980707,0.1484227925539016,-0.0136413816362619,0.47760949479906184,0.4926139116287231,0.4631035923957824,0.28714362492686824,0.4295158386230469,0.1784325242042541,-0.09563906900745532,0.0049108159728348,-0.1895768344402313,154.4265909263734,165.27577522478546,130.57486963470836,122.14693720962067,167.94654548244358,67.6270919742668,133.12860757975736,170.44105125486865,83.63539557047669,121.86471756254062,174.54118880788863,70.92310666107602,164.11923612580924,176.441232460922,148.80037316228584,156.34418426082627,167.68840320195457,145.14368961299547,132.11134102622216,167.10660064290803,84.86718453222865,0
0.4847965093565659,0.4980974793434143,0.4716606140136719,0.4737941710881784,0.5730095505714417,0.4157373607158661,0.06994771049685879,0.0853576213121414,0.0517129935324192,0.4480954710866364,0.4609580338001251,0.4369454681873321,0.46823172208289027,0.5601248741149902,0.4145176708698272,-0.0701007261137727,-0.0519318506121635,-0.0855894088745117,0.5072333439135216,0.5240066051483154,0.4848063588142395,0.6035047223870184,0.6911263465881348,0.5767834782600403,0.16302049886697612,0.2548967003822326,0.0184980388730764,0.4679827698519532,0.5108796954154968,0.4425221085548401,0.6077972944353668,0.6201665997505188,0.5980398058891296,-0.14821172630558657,0.004177117254585,-0.3228604197502136,0.5062751732241939,0.5145421624183655,0.4367169737815857,0.7389536818987886,0.7889716625213623,0.7289366722106934,0.3176650801594828,0.4537045359611511,0.1665027439594268,0.4350615085010797,0.5008946657180786,0.4275299608707428,0.7865072396439565,0.7951034307479858,0.7496092319488525,-0.0886030345892822,0.1137373447418212,-0.2316402941942215,0.5145468531360089,0.5336400270462036,0.4998869597911834,0.2553063756983045,0.4009328782558441,0.1722666323184967,0.012008076209843843,0.0992050915956497,-0.0729353204369545,0.4588772238979877,0.4762203395366668,0.4476525485515594,0.2384971149370704,0.3791821002960205,0.1556148082017898,-0.20884815068312093,-0.0843309685587883,-0.2922497391700744,149.63034697470133,163.11350729486335,134.98836302786145,131.3731851279681,176.6626133570612,66.06372612830563,161.26247171383602,178.69808533797212,101.24039741774956,119.49490473761487,170.5964615871194,54.59413877649371,161.88522319292693,170.45643602854412,136.41614791123197,158.80355500855853,177.5757288147998,139.09086327361166,144.79381109174483,162.2752371701654,113.13871616599148,0
0.4877179738879204,0.5114102959632874,0.4759841859340668,0.5261573866009712,0.6702134609222412,0.4205465316772461,0.06164333008229727,0.0881464257836341,0.0500288270413875,0.44904701471328734,0.4767689406871795,0.4371837377548218,0.51509246468544,0.6678272485733032,0.4105191826820373,-0.06165795225650068,-0.0500979274511337,-0.0882255807518959,0.5369172474741936,0.5752041339874268,0.4996027052402496,0.6109002357721329,0.6471851468086243,0.5895789265632629,0.06479809377109629,0.2071732580661773,-0.0350443646311759,0.4775990611314774,0.5049200057983398,0.4574825465679168,0.6226139456033707,0.6542027592658997,0.6003114581108093,-0.23877001628279687,-0.1312928646802902,-0.3818857371807098,0.5110212528705597,0.5185076594352722,0.5056183338165283,0.7485178118944168,0.7543284296989441,0.7407373189926147,0.15473697431385514,0.3752536177635193,0.067093901336193,0.4461006200313568,0.4519456028938293,0.4380314946174621,0.7980484926700592,0.8026808500289917,0.7891162037849426,-0.22978300034999846,-0.1411998569965362,-0.3781270980834961,0.5336053889989852,0.55180424451828,0.5030556917190552,0.35217323049902916,0.5148817896842957,0.2157978266477584,0.048087644411716576,0.1787431538105011,-0.0603324510157108,0.4816295120120049,0.4994135499000549,0.4562319815158844,0.31753996416926383,0.4796017706394195,0.1867473125457763,-0.12403341381459539,0.0284824576228857,-0.2538977861404419,155.89975534884084,161.40286354996547,144.85104683341308,115.61195596421189,174.4363399827943,54.773067271336494,116.53164862789704,179.88724516510376,41.29257063157617,103.68297653587115,177.31751381042116,57.53234931872543,163.2986957519652,175.50216086207766,150.13901091341387,155.55060057086675,170.08710851495937,139.93224234560776,109.63476799729312,157.21081630566394,52.905347166860345,0
0.4927056552590551,0.5122517347335815,0.4757501780986786,0.5190503275072252,0.6676079034805298,0.4192447662353515,0.06168948627404261,0.0929563418030738,0.047849703580141,0.45385045538077484,0.4766313433647156,0.438610166311264,0.5064482578823158,0.6601693034172058,0.4077793955802917,-0.061722614542320996,-0.0479709766805172,-0.0930718928575515,0.5379042496552339,0.5792837738990784,0.5081679224967957,0.6076638763015335,0.6362987756729126,0.5896081328392029,0.06455656830187326,0.2203974425792694,-0.0681050792336463,0.47960600820747584,0.5089921355247498,0.4643685519695282,0.6182706624537975,0.6471262574195862,0.6000394225120544,-0.22713578861575942,-0.1157714650034904,-0.391568660736084,0.5122206189610936,0.5203909873962402,0.5072963237762451,0.7476412090095313,0.7546775937080383,0.729436457157135,0.15308667373684073,0.3957845866680145,0.0089128278195858,0.4467245987406722,0.4530234932899475,0.4426346123218536,0.7958560671892252,0.8028643727302551,0.784988284111023,-0.21815420573090646,-0.1244905665516853,-0.372994989156723,0.5369955811414633,0.5495936870574951,0.5258201956748962,0.3438489721702026,0.5129773020744324,0.2171971499919891,0.059341027668828275,0.1559625566005706,-0.0514440536499023,0.4833655561412777,0.5008628964424133,0.4691119194030761,0.3064847632839873,0.4613119661808014,0.1901592165231704,-0.1129369960661541,0.0120742218568921,-0.2466824650764465,154.9700235498389,167.64579137173027,79.85209519659547,117.59860591382335,173.2330526919015,51.03251252242482,117.17088826353807,177.55477415707793,38.48152567291,108.4783160007329,172.95857284655486,55.315001548653655,163.54627957462816,174.34788019258093,150.4034995653018,156.35003724052976,168.96114249548054,141.3698743462464,109.05480137365808,154.89772024506232,49.60352670333175,0
0.49006096869707105,0.5124219059944153,0.4760369658470154,0.5200849774479867,0.6663127541542053,0.4187508523464203,0.06391302809119219,0.0923085361719131,0.0468426011502742,0.4519696858525276,0.4765723347663879,0.4370674192905426,0.5063909378647804,0.6598047018051147,0.4076234400272369,-0.06393382079899305,-0.0469627603888511,-0.0924017429351806,0.5385450929403305,0.576339840888977,0.5095892548561096,0.6075747263431549,0.6367426514625549,0.5872238278388977,0.06418819644371976,0.1772379875183105,-0.0729599148035049,0.4789760613441467,0.5078974366188049,0.4639026820659637,0.619088322520256,0.6511196494102478,0.5995081067085266,-0.23577320888638498,-0.1281111538410186,-0.3528648018836975,0.5116772848367691,0.5190058946609497,0.5059426426887512,0.7484219920635223,0.7585973739624023,0.7369239926338196,0.15053579607978462,0.3254337310791015,-0.0045061018317937,0.4462724211812019,0.4525012969970703,0.4423953294754028,0.796538120508194,0.8046920895576477,0.7893080115318298,-0.22559001699090003,-0.1402510851621627,-0.345660537481308,0.5392828798294067,0.5496063828468323,0.5276997685432434,0.3462448938190937,0.5190118551254272,0.2182602137327194,0.05368819948984307,0.1276232600212097,-0.0422009229660034,0.48724794030189517,0.501906156539917,0.4741000533103943,0.3089846009016037,0.4692136347293854,0.1886937320232391,-0.12635835705325005,-0.0186535641551017,-0.2465252578258514,154.9372931902177,162.29153645618555,136.69429438095088,116.23909984976068,171.15240383165172,57.9515911261006,116.17132820027128,178.13441658691056,37.39504719128586,103.86545751662891,162.15417261699082,65.60896439638162,162.97660463131018,175.6094116637157,146.39001208963083,157.92335828403245,169.3137039746357,143.40598829768098,111.13171290314352,157.4916681982276,50.22658766226969,0
0.4883066743080105,0.5122320652008057,0.4722897410392761,0.5108733512461185,0.6657638549804688,0.4224705398082733,0.06601206396174213,0.0919442474842071,0.0492733679711818,0.45060897272612366,0.4778410196304321,0.433731347322464,0.4962929678814752,0.6589758396148682,0.4117356836795807,-0.06601855973713096,-0.0493845380842685,-0.0920769125223159,0.5373346629951682,0.5759837627410889,0.5107370018959045,0.601670998015574,0.6343647837638855,0.5846818089485168,0.07387057463763212,0.2339985370635986,-0.0312716700136661,0.4788788674133165,0.5084334015846252,0.4661228358745575,0.6120883987418243,0.6449950337409973,0.5883698463439941,-0.24571509047278337,-0.1259249299764633,-0.3625566363334656,0.5126478693314961,0.5191560387611389,0.5069884061813354,0.7466461360454559,0.7567253112792969,0.73509681224823,0.16360546262668713,0.4077507853507995,0.0425074025988578,0.4460090180592878,0.4526217579841614,0.4422970116138458,0.7948401373411927,0.8048720359802246,0.7868069410324097,-0.23565245965229614,-0.1296941339969635,-0.356480211019516,0.5438759513199329,0.5578243136405945,0.5276716947555542,0.3450588124937245,0.5234686732292175,0.2177328616380691,0.04624815132618614,0.1498060375452041,-0.053219698369503,0.49294103415949003,0.511367917060852,0.4745891392230987,0.30836424617362873,0.4780386984348297,0.1933905780315399,-0.1435523443833517,0.000748596212361,-0.2927559316158294,154.54462140995741,164.42914583001163,143.28590674859723,116.90979066803713,173.9637261308089,55.61054700261847,121.40538762824313,177.22261212533022,38.124943443997495,99.46380714878694,173.2186110664924,57.83464825165573,161.83325864486102,173.71653124526128,150.31499812941993,152.39422889397432,167.10735702136336,134.37284825918826,108.58351529057707,153.63336560756392,46.78473649007033,0
0.49070918092976756,0.5128710269927979,0.4745885729789734,0.5051161186463797,0.6639525294303894,0.4185123443603515,0.061077173048658104,0.0960965603590011,0.0481436103582382,0.45425802402531923,0.4794822335243225,0.4362901449203491,0.4935416283447351,0.6619447469711304,0.4105428457260132,-0.0610881264585612,-0.0482539981603622,-0.0962126702070236,0.5314720348635716,0.5719717144966125,0.5023842453956604,0.6054548100749059,0.6345053911209106,0.5869691967964172,0.07057732096682091,0.2528533935546875,-0.069037839770317,0.47693735249896546,0.5080099701881409,0.4613590836524963,0.6174289370650676,0.650052011013031,0.600029468536377,-0.2113878368886549,-0.1054869592189788,-0.3693429827690124,0.5102638237511934,0.5166113972663879,0.5065895915031433,0.7496921308894655,0.755410373210907,0.7371679544448853,0.14990966164493066,0.4592406451702118,0.0095174154266715,0.4459898531881731,0.4532984793186188,0.4423668980598449,0.798543560860762,0.8098613023757935,0.7901971340179443,-0.21477416324526516,-0.1373915821313858,-0.3548512756824493,0.5344401633561547,0.5499936938285828,0.5181490778923035,0.3295839659091252,0.5193338990211487,0.2152025997638702,0.06398843886805179,0.1521559804677963,-0.0359192825853824,0.48340519195172327,0.5034101605415344,0.4694789350032806,0.2957797744380894,0.4846823811531067,0.1899173855781555,-0.10789017204660918,0.0077194198966026,-0.2818747460842132,156.3734509956626,164.47377554697877,139.57304591486417,127.17021475474803,174.77008954356378,58.93624706322456,126.99187041116825,179.2354322982659,38.93656604563051,114.79924163286404,175.3621025123799,53.85194835651977,164.85952102058116,176.54787642520765,150.507086616473,155.78842015496764,170.96176706645713,141.95061093224598,114.6166878900969,156.9098895805846,45.41222998864296,0
0.4878827713853945,0.5152498483657837,0.4618689119815826,0.5170431883354497,0.6615017652511597,0.4234969615936279,0.06184015304940498,0.0897775143384933,0.0482842773199081,0.45162471741195614,0.4815136194229126,0.4262698888778686,0.5039542741407224,0.6585745215415955,0.4134179055690765,-0.06183965304275834,-0.0483806282281875,-0.0898565798997879,0.5336137859801936,0.5716291069984436,0.5069292783737183,0.6060313703568001,0.6340993046760559,0.5849395990371704,0.06693062671470619,0.1634468287229538,-0.0313348919153213,0.4775454217825479,0.5065204501152039,0.4602106809616089,0.617186880693203,0.6473262310028076,0.6001455187797546,-0.2159826068616495,-0.1075120121240615,-0.3592342436313629,0.5100900850644926,0.514934241771698,0.5060785412788391,0.7501080787278772,0.7564223408699036,0.7307443618774414,0.1377079627605352,0.2859651744365692,0.0105241583660244,0.44560837357994015,0.4530816078186035,0.4394926726818084,0.7981279361538771,0.8058821558952332,0.7885749340057373,-0.2149711213703078,-0.135197713971138,-0.3472155928611755,0.5361539028524384,0.5491728186607361,0.5230811834335327,0.34873795000518243,0.5229462385177612,0.2219106554985046,0.0684341244850065,0.1517764180898666,-0.0281105041503906,0.48756596542955416,0.5031629800796509,0.4715041220188141,0.31119057330174177,0.4813433587551117,0.18934166431427,-0.10704331719165104,0.0024556363932788,-0.2351419478654861,154.79744076523454,164.16706899652849,134.58126323062208,122.57132831500259,173.91553531522453,61.733678720811554,121.53316389033145,177.73141955590435,38.36341148569448,110.37928256237745,175.75859987125028,55.985981579911794,163.8723817033586,177.56131991894796,150.77964307803256,155.59102586851353,169.57671778636407,143.5234846100221,109.24160862025606,158.8648416827831,43.589918905111546,0
0.4852663049128203,0.512003481388092,0.4719640910625458,0.530076289071446,0.6743184924125671,0.426071286201477,0.06259712036204544,0.0874685198068618,0.0495984032750129,0.44804987416858166,0.4773705899715423,0.433361142873764,0.5160825413412753,0.662345290184021,0.4143646657466888,-0.06257161438728852,-0.0494541339576244,-0.0875403061509132,0.5358668006626905,0.573356032371521,0.502980649471283,0.6078258826669338,0.6366257667541504,0.5871201753616333,0.05960518263890281,0.1518346220254898,-0.0585043057799339,0.4772836639817837,0.5081602931022644,0.4599066972732544,0.6163552482571222,0.645046591758728,0.5995823740959167,-0.23329223936374208,-0.0990678071975708,-0.3523615300655365,0.5095602374161239,0.5160350203514099,0.5047614574432373,0.7478024943739967,0.7595731616020203,0.7279002666473389,0.13376922481469253,0.2814089357852936,7.444708899129182e-05,0.44619349172684997,0.4539170265197754,0.4409394562244415,0.798063217538648,0.8111470937728882,0.7891471982002258,-0.22874116607471906,-0.1341035366058349,-0.3457460403442383,0.5382743414524382,0.5469802021980286,0.5237793326377869,0.3641422851159509,0.528237521648407,0.2250406146049499,0.059759523089052,0.1436453014612198,-0.0338872820138931,0.48975458688440576,0.5034864544868469,0.4722005426883697,0.3253981825788464,0.4838014245033264,0.1942509114742279,-0.11464582263920618,-0.0032390470150858,-0.2457608431577682,154.82630317099418,163.9133216782058,140.61454543933047,115.8243630707894,174.13985055511,57.27929077369772,112.70416400770132,176.83470600514477,31.08227452968671,102.71846355183189,176.90467668429224,59.61460521659273,161.790339335305,175.97067372466742,149.3217503180328,156.0192713352517,169.0741492416815,141.7201317648471,104.596008185191,157.19783421192642,40.2164349275434,0
0.4879873666846961,0.5119054317474365,0.4709917306900024,0.5074208501661033,0.667820930480957,0.4241602718830108,0.062384580474412185,0.085974209010601,0.0463798493146896,0.45037872305041865,0.4767831265926361,0.4333479106426239,0.4925232461669989,0.6587141156196594,0.4119145572185516,-0.062392967508027385,-0.0465139597654342,-0.0860209390521049,0.5322536465368772,0.5753831267356873,0.5024483799934387,0.6029576763772128,0.6254181265830994,0.5883750915527344,0.0635769469627759,0.1645488739013672,-0.0662148520350456,0.47633221510209534,0.5082542896270752,0.4580264389514923,0.6116722905844972,0.6348730325698853,0.5979478359222412,-0.23071053022878213,-0.1102774366736412,-0.3655124008655548,0.5109019598417115,0.5196604132652283,0.5047340989112854,0.7477597960254603,0.7550941705703735,0.7346442341804504,0.14326053106209685,0.3036816418170929,-0.0079634618014097,0.4459050091212256,0.4541550874710083,0.4407626986503601,0.7972977736540008,0.8052515387535095,0.7887193560600281,-0.2337392316314212,-0.143699511885643,-0.3596792221069336,0.5372071182518675,0.5503950119018555,0.523735761642456,0.3368047772530924,0.5211231708526611,0.2239202857017517,0.06504751235581603,0.1403802186250686,-0.0266742594540119,0.4863716157381995,0.5047401785850525,0.4689111113548279,0.29762930815157135,0.4778247475624084,0.1935834735631942,-0.10618865292308963,-0.0005130819627083,-0.215108722448349,155.55518194954797,165.58589468742335,138.30699955781097,123.63200441507809,172.43649879432152,57.942413419699335,122.93256417594888,177.79092291734693,34.43711189785285,111.02524093688969,171.86769169084812,58.97737055279279,162.832605629409,174.6472439060907,148.36503396089475,156.52957883134923,169.3269091085071,143.47439664804836,112.67034421903227,156.0899185769949,43.26514621993887,0
0.47699636377786336,0.5052918791770935,0.4634608924388885,0.5027318255681741,0.6158008575439453,0.4230256676673889,0.06347030063012708,0.0809452906250953,0.0467671193182468,0.44154654717759084,0.4686385691165924,0.4284787178039551,0.48798836375537674,0.6021136045455933,0.4116498827934265,-0.06349916599298773,-0.0468516759574413,-0.080966979265213,0.5161437219695041,0.5362961888313293,0.500905454158783,0.6140257096604297,0.6520641446113586,0.5857396721839905,0.022521266116344002,0.0854873359203338,-0.0629745796322822,0.48867555629265935,0.5139096975326538,0.4716803431510925,0.6138729100164614,0.6403406858444214,0.5926656723022461,-0.19749484015138521,-0.1026041060686111,-0.2782561480998993,0.5037986526363775,0.5065494179725647,0.501433253288269,0.7583025576252687,0.763427197933197,0.7503113746643066,0.07744936185037274,0.1769340187311172,-0.032054204493761,0.45045754901672663,0.4562549293041229,0.4446972906589508,0.7888669904909635,0.7969965934753418,0.7842951416969299,-0.1719491521974927,-0.0903786569833755,-0.2490700781345367,0.523468131297513,0.5369728207588196,0.512759268283844,0.3357066319961297,0.4716403484344482,0.2288137376308441,0.07303662394865806,0.1507930755615234,-0.0254158917814493,0.4757248512224147,0.4870953559875488,0.460100769996643,0.29313224848163755,0.4268909692764282,0.1944409608840942,-0.10232201417583332,0.0085603026673197,-0.1903414577245712,153.810486131835,159.64355617553522,138.50604259120345,118.3277153880081,167.07285800064824,64.66195316273357,129.58547184291294,171.84841895019696,79.56310938738707,116.78306801192548,173.1696327896095,65.82744343952609,164.4350023548221,176.29375782171607,149.46206505503022,154.8223440439164,167.83601655499976,143.8339506839959,128.52518177753984,164.39176516779153,81.81213629861881,0
0.4899167633056641,0.511400043964386,0.4753422737121582,0.520447778403759,0.6657959818840027,0.4219376444816589,0.06444762110710141,0.0924325957894325,0.0516051985323429,0.45188132077455523,0.4765144288539886,0.4370337724685669,0.5068237844109535,0.6592633128166199,0.4102256298065185,-0.06445267353206868,-0.0515428185462951,-0.0925363153219223,0.5387406873703003,0.5764356851577759,0.5097566843032837,0.6069772297143936,0.6375120282173157,0.5876646041870117,0.06627994240145195,0.1848368346691131,-0.0776789933443069,0.479225712120533,0.5081214308738708,0.4639234840869903,0.6187470060586929,0.6518676280975342,0.5953995585441589,-0.23660297870635985,-0.1138973534107208,-0.3619990050792694,0.511481009721756,0.5189473032951355,0.5059880018234253,0.7469973331689834,0.7543512582778931,0.736986517906189,0.154973260499537,0.3443885743618011,-0.0088400533422827,0.4463934579491615,0.4526138305664062,0.4421975016593933,0.796382091641426,0.8055122494697571,0.790073037147522,-0.2276739752292633,-0.1356053799390792,-0.3475322425365448,0.5393129646778106,0.5495932102203369,0.5279704928398132,0.3465235210955143,0.5191212892532349,0.2213805168867111,0.05242783712223169,0.1278212219476699,-0.0401737950742244,0.4872737318277359,0.5019862651824951,0.474086582660675,0.30912915006279945,0.4688177108764648,0.1885721683502197,-0.12890552226454016,-0.0268168672919273,-0.2496707141399383,154.94699296351564,163.49251463791933,138.56985725918972,116.40211582393806,172.02148906685323,56.8478590962112,115.7160868444727,176.824205317119,38.33609843192626,103.24329399175818,162.14028144372705,67.45390017417628,162.84549893947207,174.49111055629683,150.42359815003385,158.47291445420527,170.6346678619123,143.96652840977418,110.83166036628383,159.53968354693924,50.15891692011079,0
0.47087293820721765,0.5059748291969299,0.4462546110153198,0.5139266582471984,0.6445533633232117,0.4244356751441955,0.061116617918014475,0.0811182782053947,0.0469907969236373,0.4334130502172879,0.4692238271236419,0.4145983755588531,0.5011970200708934,0.634175717830658,0.4097599387168884,-0.06109494016106635,-0.0468533374369144,-0.0811795890331268,0.5178508901170322,0.5469436049461365,0.496635764837265,0.6007955397878374,0.6270190477371216,0.5836435556411743,0.05002840005150313,0.1724196821451187,-0.0274330358952283,0.4618216506072453,0.4772674441337585,0.4463846981525421,0.6118191442319325,0.6405028700828552,0.5955603122711182,-0.22245409307735306,-0.1197276264429092,-0.3650653064250946,0.5043126727853503,0.5081940293312073,0.5017676949501038,0.7506658234766551,0.7577287554740906,0.7450875043869019,0.1036135714650819,0.2940981686115265,-0.0387477874755859,0.43846936225891114,0.4430774748325348,0.4346890449523926,0.7993127810103553,0.8073479533195496,0.7912421226501465,-0.2251990736595222,-0.1607731431722641,-0.3619850873947143,0.5204859754868916,0.5324784517288208,0.5072786808013916,0.3608413363141673,0.5544064044952393,0.2250559031963348,0.061577070396534886,0.2006556391716003,-0.079504869878292,0.47232628634997775,0.4996846914291382,0.4574402272701263,0.3296196330870901,0.5256692171096802,0.1948985606431961,-0.11378869497400176,0.0479016825556755,-0.2787237465381622,157.21076507174214,165.48632363783005,137.10672147240874,122.1886411534627,171.59570627746928,70.9535736411594,126.00603046549622,179.50849251582244,52.70574734832817,102.77782923635097,176.28020240957966,35.72327130927048,164.22178738496544,174.27847034484049,148.31527780496634,148.40785434855394,169.2254430043006,124.80761873031994,104.618471293773,154.55272248280315,30.549056295166952,0
0.4755045481630274,0.5049096941947937,0.4497602581977844,0.5125472708731085,0.6713817715644836,0.4264632165431976,0.05874627715329056,0.0815373882651329,0.0432454720139503,0.43870119528995977,0.4684032201766968,0.4178641140460968,0.497999136915078,0.652880072593689,0.4134278297424316,-0.05874260567833438,-0.0431094728410244,-0.0815382748842239,0.5193023448054855,0.5493307709693909,0.4955092370510101,0.6048297253814904,0.6372488141059875,0.5854105353355408,0.059619450212512894,0.1684518158435821,-0.0609909333288669,0.4643794288103645,0.483529657125473,0.451323390007019,0.6130696643848677,0.6396892666816711,0.5977603197097778,-0.2107884996646159,-0.1099164709448814,-0.3753778636455536,0.5050087023425747,0.5075854063034058,0.5017624497413635,0.7518820891509185,0.7570925354957581,0.7451501488685608,0.11063312817163565,0.2909009754657745,-0.0660788193345069,0.439156058068211,0.4432222247123718,0.435935765504837,0.8005005318570781,0.8096989989280701,0.7938126921653748,-0.22320409310427872,-0.1502142548561096,-0.3831274807453155,0.5219949749675957,0.5340215563774109,0.5087912678718567,0.3559336421658864,0.5783652067184448,0.2266960889101028,0.06978027465929451,0.1731739193201065,-0.0659374147653579,0.4750564382285685,0.5012491941452026,0.45937579870224,0.32092189023623596,0.527432918548584,0.1982742249965667,-0.09967449144361935,0.0305048003792762,-0.2628562748432159,155.96491576334702,163.41740478466343,147.20133730094855,126.36157984804565,172.7701273105875,67.27213293244695,127.80754074864085,178.92065020923357,47.3064503806058,109.13062375936853,176.94876633276652,40.3992564588098,164.07780917799568,174.48183990853812,144.4928475178426,150.77703980591025,168.64152834862023,131.3016544994435,107.07106065676943,156.64401421937373,30.436469978294287,0
0.4763061807899879,0.5039884448051453,0.4347429275512695,0.5087119080717601,0.6531237959861755,0.4270352125167846,0.05727679485445295,0.0838060304522514,0.0407128259539604,0.43895604701899976,0.4678057432174682,0.4072021245956421,0.49701539722699967,0.6485400795936584,0.4158508479595184,-0.057256380145354197,-0.0405643172562122,-0.0839450359344482,0.5166472015242097,0.5486400723457336,0.4984917640686035,0.6035095869548737,0.6338347792625427,0.5700847506523132,0.047745361636703725,0.1840891540050506,-0.0690255984663963,0.46223820674987065,0.4787358343601227,0.44539874792099,0.6132619393565667,0.6412369012832642,0.600649356842041,-0.20268732916425775,-0.1178796738386154,-0.3910873234272003,0.5048500359373749,0.5080281496047974,0.5026113986968994,0.7522510006314233,0.7609818577766418,0.6394554376602173,0.10273659639758062,0.3134939074516296,-0.0376628115773201,0.43918711230868385,0.4430422782897949,0.4358312487602234,0.8001324357809844,0.8089299201965332,0.791460394859314,-0.20814379927500215,-0.1249425634741783,-0.3752957880496979,0.5210331041346151,0.533226728439331,0.5086296200752258,0.35382580173709405,0.5282568335533142,0.2352326512336731,0.06616449359963462,0.2041739523410797,-0.0763028189539909,0.4719454466350495,0.4995497167110443,0.4573683440685272,0.32669558245984337,0.5247737169265747,0.205042615532875,-0.09675967323918096,0.0542854331433773,-0.2598573267459869,156.02136854262233,165.2801927660012,140.07334564744423,127.44571425534693,171.22843365788967,63.94282500787151,129.34042606513847,178.10179785764004,53.42029784175138,110.2340119528671,179.84596090685932,26.55574380277077,163.49949279281,174.022307727799,149.80066743084598,145.83426770106428,169.7237231065974,112.75690111442783,105.31995317790087,157.85315945909633,32.63989881215392,0
0.47005430155230643,0.5022692084312439,0.4390036761760711,0.5191872086291923,0.6429052948951721,0.4278488159179687,0.06017743922153806,0.0834322497248649,0.0441254489123821,0.43326975707720994,0.4665939509868622,0.409443587064743,0.5049955923306314,0.636789858341217,0.4149377942085266,-0.060144221116053394,-0.0439268574118614,-0.0834774002432823,0.5177476692916756,0.5461704730987549,0.497111827135086,0.6028172700924981,0.63279789686203,0.5842776298522949,0.050133817419112124,0.1882804483175277,-0.0538082234561443,0.4611321080448036,0.4781177341938019,0.4457544088363647,0.6138228572400889,0.6457462906837463,0.5969540476799011,-0.22659234052762053,-0.119891308248043,-0.3854293823242187,0.5045052941580465,0.5075713396072388,0.5014386773109436,0.7516375013760158,0.7615835070610046,0.7433106303215027,0.10264609227853272,0.3136860728263855,-0.0503002032637596,0.43870079943111967,0.4422184228897095,0.434672862291336,0.80074782972049,0.8080330491065979,0.7937391400337219,-0.2306567113426395,-0.1493159830570221,-0.3511174023151397,0.522962366727958,0.5323989391326904,0.5105469226837158,0.371649677928229,0.5336295962333679,0.2334435284137725,0.0549907492396257,0.186984971165657,-0.1013551726937294,0.47682466923742367,0.4981907308101654,0.4597338140010834,0.33885082008695244,0.5015875101089478,0.2031472772359848,-0.12006312981072839,0.0530329085886478,-0.2983083724975586,156.26678080600664,163.08578819659422,147.1611598926257,122.53417415530373,172.68595768062892,69.34126011155504,124.65181841456912,177.0266317191193,61.35957677677931,100.12081952772441,178.5699692360931,34.0561244210711,162.04644063071754,172.82290731010582,144.15190887398256,147.67037588967085,169.05556851887346,117.579177347522,100.46280999008935,154.19704520745972,33.84840399766272,0
0.4717955723404884,0.5072219371795654,0.4365458786487579,0.5164865525705474,0.6595513224601746,0.4301911890506744,0.0603686408538903,0.0854314267635345,0.0470869168639183,0.436323909674372,0.472102552652359,0.409208744764328,0.503297498183591,0.6524415016174316,0.4185814261436462,-0.06034225528793671,-0.0471682548522949,-0.0855204090476036,0.5194482709680285,0.5494238138198853,0.4982867240905761,0.601386711852891,0.6336984038352966,0.5741798877716064,0.059241439521533046,0.1921162605285644,-0.0769302770495414,0.4643726199865341,0.4818545281887054,0.4506122171878814,0.6122815885714122,0.6323448419570923,0.6017516255378723,-0.21652500964701177,-0.1155093237757682,-0.3491202592849731,0.5044060902936118,0.5068016648292542,0.49398934841156,0.7494643173047475,0.759023129940033,0.6154512763023376,0.10307749985264045,0.323132574558258,-0.0349004790186882,0.4392273368580001,0.4422974586486816,0.4365640580654144,0.7997393795422145,0.8109855651855469,0.7900500297546387,-0.23362766546862465,-0.1371098309755325,-0.3571056127548218,0.5230093632425581,0.5334106683731079,0.5138509273529053,0.36688131157841003,0.5488504767417908,0.2303501218557357,0.06313184868278246,0.1692563444375991,-0.0371730923652648,0.47929052242210934,0.5028086304664612,0.4656575322151184,0.33808216026851107,0.5263107419013977,0.2018988579511642,-0.11412587242334012,0.0135729229077696,-0.2821818888187408,156.57655840423078,166.77836584596452,142.20536587789593,126.98566784510233,172.12491669726313,71.778954912429,126.5939665112896,177.8393037303512,53.26952462220226,102.09614171475988,170.08913392698565,33.45860820473957,163.74755568581557,176.10862891476023,146.90116443224306,149.31679319826398,168.87951118146836,122.09964550885236,101.1851134882307,156.66272289702334,33.35816085564681,0
0.46874498498850853,0.5073384642601013,0.4403439462184906,0.5210901957133721,0.6468944549560547,0.4304472506046295,0.06086988523602481,0.0811249390244484,0.0483153909444808,0.43254654181414637,0.4711069762706756,0.4120024144649505,0.5080622327738795,0.6391614079475403,0.4174695014953613,-0.0607918180782219,-0.0484884232282638,-0.0812169983983039,0.5180578009835605,0.5496199727058411,0.4968725144863128,0.6020377286549272,0.6302292943000793,0.585370659828186,0.04794784970200169,0.1449050158262252,-0.056941732764244,0.45952005735759077,0.480609267950058,0.4417189359664917,0.6138510991787088,0.6378985047340393,0.598207414150238,-0.22705749458280103,-0.1101151406764984,-0.3467685580253601,0.5046765623421504,0.5071194767951965,0.5012025833129883,0.750411527732323,0.7573040127754211,0.7410640120506287,0.09700414812702138,0.2727905809879303,-0.024359418079257,0.43910947462608074,0.4426519274711609,0.4366441667079925,0.8007524420475137,0.8111348748207092,0.7934495806694031,-0.2357372221247903,-0.1534038931131363,-0.3534327447414398,0.5244388399452998,0.5353495478630066,0.5132471323013306,0.3813709623854736,0.5381021499633789,0.2362300455570221,0.043418330792337645,0.1727292984724044,-0.0829412937164306,0.48121676650540585,0.4999507069587707,0.4652720093727112,0.3543469296447162,0.527623176574707,0.2016482800245285,-0.1332500124342161,0.0272171087563037,-0.2819854617118835,156.3088201833658,163.69487602763866,145.8074907949835,123.6231763360511,172.5799709222617,71.85263513769857,124.2928001232398,178.5048548650706,57.66678072941017,94.50520632711371,176.09413396531437,27.97766279473485,163.0937099956857,174.10332102927475,151.5170098338239,145.24291760995754,168.56709600832963,111.60640272197465,97.11752515787269,156.46837044751734,31.37112759797978,0
0.47278419486407575,0.5065879821777344,0.4455250799655914,0.5185187678912591,0.6445105075836182,0.4321421384811401,0.0598213189634783,0.079611524939537,0.0455303117632865,0.4368073046207428,0.4712023138999939,0.4148143827915191,0.505418899963642,0.6354057192802429,0.4187428653240204,-0.05977255118818114,-0.0456950217485427,-0.0796207338571548,0.5186574255598002,0.5470286011695862,0.4960294067859649,0.6028249054119504,0.6299926042556763,0.5854594111442566,0.05377735536272539,0.1604892909526825,-0.0606938078999519,0.4621324759105156,0.4824540913105011,0.442201167345047,0.6149731599051377,0.645283579826355,0.5935897827148438,-0.22487227474821025,-0.1049524843692779,-0.3487760126590729,0.5047865579868185,0.5069617629051208,0.5012086033821106,0.7499847029817516,0.7578771114349365,0.7363395094871521,0.10400807787323013,0.2692218422889709,-0.019959257915616,0.43905372352435673,0.4425128102302551,0.4362790286540985,0.8016286627999667,0.8095641136169434,0.7904553413391113,-0.2370211565289004,-0.1594508737325668,-0.3710451424121856,0.5256618836830402,0.5357549786567688,0.5119112730026245,0.3739903880604382,0.544950544834137,0.2325455993413925,0.0500033228264736,0.1871339976787567,-0.0948118269443512,0.48142959598837226,0.5007258057594299,0.4651696383953094,0.34500689475700774,0.534953773021698,0.2031942009925842,-0.12460695825525206,0.0357360243797302,-0.2796795964241028,156.2454721018852,162.33128753973753,147.99642405383418,125.45854323184874,173.4571780972404,72.08105946116363,126.69721837841168,178.71387348116227,57.594336534613,98.9551343442602,177.86421446472042,29.68329575867176,163.83865729447936,173.78242425862203,143.6661494212517,145.89305555246509,168.86252977085428,111.58312957691396,99.30257552853449,159.26922190453465,33.23562585613533,0
0.46981361441146163,0.5085666179656982,0.4344296157360077,0.5157393916208941,0.6502453088760376,0.429329514503479,0.05945457478887153,0.0805853232741355,0.0456316322088241,0.4333853091960563,0.4723683893680572,0.4037756621837616,0.5005856044310376,0.6369996070861816,0.4170131683349609,-0.059405592039115405,-0.0457844361662864,-0.0806134417653083,0.5164955870101327,0.5461068749427795,0.4977629482746124,0.6012294063890787,0.6280836462974548,0.5860180258750916,0.049567425460729696,0.1514425128698349,-0.0637608841061592,0.45978671357147677,0.47921022772789,0.4413743615150451,0.6111890548153928,0.6321961283683777,0.5973830819129944,-0.21824121049472264,-0.1129024997353553,-0.3729285299777984,0.5043826295917195,0.5071656703948975,0.5010548233985901,0.7504677898005435,0.7565136551856995,0.7421985864639282,0.09209512235904004,0.2630030810832977,-0.0407584905624389,0.4391752763798362,0.4433993399143219,0.4365496039390564,0.8011719082531176,0.8084493279457092,0.7942988872528076,-0.23369414757068893,-0.1619521826505661,-0.334391325712204,0.5230822845509178,0.5335434675216675,0.5134901404380798,0.37175149072829944,0.5426115989685059,0.2354231476783752,0.05532631540399206,0.1657863110303878,-0.0900574699044227,0.4791866865821351,0.4982288181781769,0.4664849638938904,0.3388945929762116,0.5266509652137756,0.1993574649095535,-0.11497662822110116,0.0293508451431989,-0.2804550528526306,157.02185934530144,166.29225102358063,147.35866940870127,127.71981486437448,173.56925758449933,74.15414990923783,128.0878628311499,179.6818504951058,55.83638134441168,101.47178963229734,174.76064884167147,34.56974065197834,162.8186618820721,175.0281763025219,148.90582835740432,146.39030948757582,169.12621408109655,111.11255847800498,99.56093258211118,156.8343755147316,32.32925186035298,0
0.4683624994559366,0.5060396194458008,0.442075252532959,0.5166674871913722,0.6450356245040894,0.4324443638324737,0.061396678909659344,0.0820103362202644,0.0463031604886055,0.43265014789143547,0.4700199663639068,0.4112728834152221,0.5014364878173734,0.6325541138648987,0.4193025231361389,-0.06135266164287188,-0.0464447885751724,-0.0820849314332008,0.5172048064528919,0.5455127954483032,0.4975769221782684,0.5994983935942415,0.6265591382980347,0.5460075736045837,0.04804513894964282,0.1555839926004409,-0.0489186644554138,0.4611437794615011,0.480898767709732,0.4435839653015136,0.6113523958159275,0.6314050555229187,0.596221387386322,-0.22349352255219318,-0.0953147634863853,-0.3494373559951782,0.5044871764104875,0.5067161917686462,0.5009580850601196,0.7481829450755823,0.7571061253547668,0.5973429083824158,0.08828157565239661,0.2664738595485687,-0.0366334095597267,0.4391218795151007,0.4419080317020416,0.4364127814769745,0.8000728478197192,0.8093163371086121,0.7916706800460815,-0.23812917168023157,-0.1332290768623352,-0.3374980092048645,0.5246507457045259,0.5341030955314636,0.5123562216758728,0.37647751266839075,0.5430811047554016,0.2384428530931472,0.05558792612377979,0.1718751341104507,-0.1040507853031158,0.48163738407072476,0.5014072060585022,0.4638986587524414,0.34215432894034464,0.5281237959861755,0.2017800509929657,-0.11839267411879947,0.0323852375149726,-0.2951242625713348,156.29872247922083,163.82779555506056,139.6581100397642,126.32405761533397,173.2371320808593,78.51644788124183,125.09766469213574,178.94948823501912,59.20811378513528,100.34510707610639,177.47026582954828,37.853867584412754,163.52778944740282,175.0911230219531,147.00762982439474,146.7672178648116,168.09829793712964,115.18543846166271,99.55761121202846,156.2601059027745,32.01971327512675,0
0.4803038122533243,0.4992528557777405,0.4656021893024444,0.49795713379413264,0.6174294352531433,0.4275951683521271,0.0639422214766846,0.0849792063236236,0.0469165220856666,0.4450790606722047,0.4635624587535858,0.4324250817298889,0.48421411687814736,0.6061728000640869,0.4139260351657867,-0.06397620399918733,-0.0470368266105651,-0.0850990265607833,0.517990214160726,0.5428289771080017,0.5013926029205322,0.614151457442513,0.653584897518158,0.5920469760894775,0.029960400520682405,0.083356037735939,-0.0666890293359756,0.4892917052854466,0.5140913128852844,0.4710941314697265,0.6148347145394434,0.6467016935348511,0.5925596356391907,-0.18995700757714767,-0.1077886372804641,-0.261161595582962,0.5045322843744785,0.506514847278595,0.5024526715278625,0.7591703760473034,0.7639399170875549,0.7525013089179993,0.08889462581476122,0.1793664097785949,-0.0249805357307195,0.450479450859601,0.4568775296211242,0.4459767639636993,0.788350652290296,0.795417845249176,0.783605694770813,-0.16181467860182625,-0.1092206910252571,-0.2433627545833587,0.5264463764202746,0.5361372828483582,0.5157597064971924,0.32579600037653234,0.4720230102539062,0.23055200278759,0.07067510023819207,0.1384477168321609,-0.0231273770332336,0.47874403942989396,0.4924265444278717,0.4661774933338165,0.2859406492000894,0.4319742023944855,0.1955592334270477,-0.10824821964996756,0.0050957570783793,-0.2157064527273178,154.8588494543303,161.28751642192043,141.56197955938944,120.33474025945596,164.5504996730553,62.35646377171752,131.73865819168674,172.5122526120457,81.26388363323697,118.67858553294262,172.49170367359247,62.10164627233044,164.66303220754173,176.19880438865593,149.4308175302035,156.43509708356638,167.92683011170556,142.64505008457726,130.03413894960374,164.4642180723355,84.00204794904316,0
0.4697143558720897,0.5080355405807495,0.4339912533760071,0.5152753055991983,0.6517600417137146,0.4299816191196441,0.060145509002128,0.0798360779881477,0.0464642867445945,0.4333092384320453,0.4723943769931793,0.4038767516613006,0.5006907308908334,0.6372590065002441,0.4168809354305267,-0.060091399916804775,-0.0466023422777652,-0.0798720866441726,0.51646298237313,0.546081006526947,0.4971387088298797,0.6010130083650574,0.6277883648872375,0.5813331604003906,0.051781709092149235,0.1400890052318573,-0.058483175933361,0.45977317368177545,0.4790757298469543,0.4414394199848175,0.6112503857540905,0.6335481405258179,0.597225546836853,-0.2194188846121157,-0.1177825629711151,-0.378728449344635,0.5042973998793983,0.5064204931259155,0.5015189051628113,0.7499113073922637,0.7573864459991455,0.743047297000885,0.09692522641218831,0.2401837557554245,-0.0528827980160713,0.4391932698120748,0.4434881508350372,0.4366592764854431,0.8007056816179949,0.8085206747055054,0.7881033420562744,-0.23380884830664872,-0.1570730507373809,-0.341894119977951,0.5231213260414009,0.5333821177482605,0.5129956603050232,0.37140597178971857,0.5410271883010864,0.233884260058403,0.052156991219407096,0.1636176854372024,-0.0928808599710464,0.4789473427865738,0.498262882232666,0.4652924835681915,0.3385941701051884,0.5260357856750488,0.2006569057703018,-0.12108981618316338,0.0194558110088109,-0.2867576777935028,157.5743950919257,167.00136369193177,148.17769782434746,127.41706842180562,173.02075243664177,73.1601814474635,127.83965951810042,179.522378497266,56.91593227625556,100.09516554982379,173.88040030290742,33.9556066124612,162.82148366472546,173.99900698055114,140.84922737839358,147.37254156455882,169.242824146906,111.24165362644578,100.20324586125062,157.61287493206677,31.67426679301564,0
0.4840622043725356,0.499060571193695,0.4665586352348327,0.5083281542490987,0.6082359552383423,0.4277278184890747,0.0712714448788212,0.0927184671163559,0.0510158278048038,0.44395192039823067,0.4581766128540039,0.4259641766548157,0.4986146286274623,0.6107382774353027,0.4147986173629761,-0.0713415404474272,-0.0510001927614212,-0.0928875878453254,0.5327674199655218,0.5685413479804993,0.4992915391921997,0.587910668363849,0.606746256351471,0.5610610246658325,0.08056061997166516,0.264105349779129,-0.0889780297875404,0.4711007209657465,0.5028302073478699,0.4424842298030853,0.605114234882651,0.6329097747802734,0.5756086707115173,-0.22886809798915989,-0.0274997036904096,-0.3949594497680664,0.5076812939736449,0.5193799138069153,0.499974250793457,0.7333288759861177,0.7471080422401428,0.7188817858695984,0.2293804183927844,0.4536795616149902,0.0167939011007547,0.4317879581335679,0.440166175365448,0.4268297553062439,0.7832010272637154,0.8007203936576843,0.765282154083252,-0.15285224625298266,0.0471474975347518,-0.3522996008396148,0.5337725380091991,0.5502874851226807,0.5078694224357605,0.31152688791450944,0.4644410610198974,0.1850613504648208,-0.003079760293261544,0.1047951877117157,-0.0797570496797561,0.4757265130293022,0.495244562625885,0.4563018083572387,0.2867935457565252,0.458099216222763,0.1507868617773056,-0.2218757127818552,-0.1020848080515861,-0.2829393744468689,153.87947712523874,160.60988640710534,141.57352302488525,105.40673691461944,173.82879284140137,56.158527717899695,111.50736024198602,178.34986503471785,51.14270431180684,93.04652053170108,168.3753161709792,46.480009196968176,158.97177890144926,165.0615792716033,153.20974688624312,153.11564188487168,174.45704750316418,134.37248465062143,104.66373227620925,156.15422769292934,53.07223706780256,0
0.4770180436800111,0.4961685538291931,0.4589417576789856,0.48337959174839956,0.5868459939956665,0.4241514205932617,0.06997563240100749,0.0927188396453857,0.0489227809011936,0.4386703045863026,0.4576283097267151,0.4210986196994781,0.4744101310113691,0.5828987956047058,0.4214358925819397,-0.07003199147447095,-0.0488729439675807,-0.0929448679089546,0.51593793984854,0.5476303100585938,0.4972749650478363,0.5877719836414985,0.6044807434082031,0.5559148788452148,0.11553256114512925,0.2920147478580475,-0.0490408316254615,0.45694818136827003,0.4918240308761596,0.4351502358913421,0.6047454920579802,0.6214742660522461,0.583856999874115,-0.19611004838403664,-0.0295569524168968,-0.4012465178966522,0.503319798213131,0.5097640156745911,0.4977517127990722,0.7377434839617532,0.7458668947219849,0.7304176688194275,0.2514762853816995,0.5004256963729858,0.0691415145993232,0.42741177666862057,0.4341822862625122,0.4214954674243927,0.7886363880814247,0.7937068939208984,0.7829594612121582,-0.14383113042908313,0.049956489354372,-0.3570849001407623,0.5220946233789876,0.5449159741401672,0.4984292685985565,0.28165952425520374,0.4692223966121673,0.1827676147222519,0.008772838892050544,0.1116571426391601,-0.0803136453032493,0.4659323714814096,0.491769403219223,0.4471529126167297,0.2568749675773225,0.4539535343647003,0.150647759437561,-0.2040362168314322,-0.1008196026086807,-0.3015693128108978,152.55057433276426,161.17755614282606,141.89695754386634,125.879691231411,178.23106992333072,67.33709266221165,134.67070487870632,177.91925127487443,71.00947784310983,108.94155330749567,169.1026068767135,49.305210076164855,161.60315414203305,169.90597802156202,152.87787771715054,156.3493627045536,177.1592119588992,129.1454632277167,117.52152596982368,159.279319625741,58.19340085147584,0
0.4770776451218362,0.494269847869873,0.4546553790569305,0.4877482115053663,0.5859664082527161,0.4232884645462036,0.069932247311169,0.0902030318975448,0.0482924468815326,0.4377700928963867,0.4565433859825134,0.4129544496536255,0.47984061287898644,0.591891884803772,0.4205510318279266,-0.06996302989621953,-0.0482653379440307,-0.0903742611408233,0.5185613734465019,0.5533894300460815,0.495683491230011,0.5874651010129966,0.6046926975250244,0.56759113073349,0.10331085014945081,0.2499611675739288,-0.063751645386219,0.45832149363031577,0.494161307811737,0.4362028837203979,0.6056603467931935,0.630334734916687,0.585100531578064,-0.21260966722940222,-0.0007674176013097,-0.4097256064414978,0.50507232020883,0.5148572325706482,0.4998216331005096,0.7354705199307087,0.7473827600479126,0.7213413119316101,0.23920097819292077,0.4274109601974487,0.056245107203722,0.424897175209195,0.4303852021694183,0.4203625321388244,0.7895647532799664,0.8002534508705139,0.7818536162376404,-0.16027782723198042,0.1123545616865158,-0.3854641318321228,0.521533722094461,0.5414034724235535,0.4962536096572876,0.2869933956101829,0.4526000618934631,0.1802664846181869,0.004292914885844959,0.1072669103741645,-0.1102466732263565,0.4656107674042384,0.4946680665016174,0.4441224038600921,0.2672831410286473,0.4646972417831421,0.1507330983877182,-0.20681638307138986,-0.1006240099668502,-0.3087013065814972,152.36223350263148,159.20019646531733,146.61217507268623,121.40880757712894,179.6230318916654,68.50739714778368,129.0903751387497,177.93747612830174,68.34126603559442,103.41564395257298,171.06980225238107,47.72514339537102,161.0825861950063,168.29275740163973,152.2746885602465,154.4983845280624,178.26253332171993,127.89508149881996,112.99073605024164,155.8919589154236,58.34734831201584,0
0.48199770037008793,0.496473491191864,0.462272047996521,0.4817496027265276,0.5859227776527405,0.4249930083751678,0.07309365280124602,0.0919705331325531,0.048965036869049,0.4424289966724357,0.4581112563610077,0.4216895997524261,0.47367567675454275,0.5806155800819397,0.4229106903076172,-0.07315984661025657,-0.0488835610449314,-0.0921189412474632,0.5174619966015523,0.551765501499176,0.4964905679225921,0.5901643658170894,0.6033461689949036,0.5723570585250854,0.13032866677100655,0.2900394201278686,-0.064810462296009,0.4551763637941711,0.4896640479564667,0.4303252398967743,0.6072673000851456,0.6198874711990356,0.5919527411460876,-0.2054757256326931,-0.0235846024006605,-0.4292536377906799,0.5052163631332164,0.5166571140289307,0.5000211596488953,0.735109669821603,0.7453145384788513,0.7238628268241882,0.283559615666769,0.5113274455070496,0.0758672431111335,0.42352172184963616,0.4320338368415832,0.4199243187904358,0.7907525136762735,0.796686589717865,0.7814577221870422,-0.15763665307420113,0.0632572919130325,-0.4244210124015808,0.5185381587670774,0.542218804359436,0.4972988665103912,0.26566923713805723,0.440361350774765,0.1778881847858429,0.02145092463957107,0.1131075993180275,-0.0869589895009994,0.4624952835087873,0.4855395853519439,0.4440374076366424,0.2464570433509593,0.4388462603092193,0.1546993255615234,-0.20850777010224303,-0.1165923923254013,-0.3302868008613586,151.43131832861297,158.3933925315887,144.3554499207495,128.0223384827466,176.79401504933168,62.77922571530179,137.06003403307153,178.06297403747908,64.25586640907036,111.11892193651309,166.20094749020842,49.87137734286535,161.2989010722324,168.2934901506536,154.50360998118717,159.0320403843044,177.96737812202855,134.07943758136136,119.56269148780393,156.64150118820288,60.46364816231719,0
0.4818049754836772,0.4974180459976196,0.4563568532466888,0.4795903601858876,0.5833951830863953,0.4259684979915619,0.07187465515614731,0.0911741033196449,0.0533909685909748,0.44231951030174105,0.459330141544342,0.4149274528026581,0.4700699059089812,0.5777323246002197,0.4210409522056579,-0.07194440092633261,-0.053328588604927,-0.09138735383749,0.5182840759211248,0.5569201707839966,0.4959895312786102,0.5862600466992596,0.6036303043365479,0.5628730058670044,0.11892178802668014,0.2827202379703522,-0.0960930362343788,0.4571231963610885,0.4949111640453338,0.4362162351608276,0.6014134665526966,0.6198955774307251,0.5770736336708069,-0.21681117771728203,-0.0354005806148052,-0.4040485322475433,0.5057709181662833,0.517194390296936,0.5007137060165405,0.7328742335338404,0.7465472221374512,0.7186070680618286,0.2640330458963566,0.4706394970417022,0.0178064443171024,0.4241056952736165,0.4324172437191009,0.4206139147281647,0.7881247637295486,0.7972738742828369,0.7686247229576111,-0.1783603486180822,0.0427924022078514,-0.3806796669960022,0.5222528467674067,0.5490050911903381,0.4981319308280945,0.2695660425884889,0.4365736544132232,0.1770863384008407,0.025107982508218055,0.114497385919094,-0.0999218001961708,0.465248300002353,0.4901904761791229,0.4467784166336059,0.24755923361471383,0.4315837919712066,0.1538851410150528,-0.20024546073509916,-0.0896182507276535,-0.2901217639446258,151.29422384689923,159.59679354212807,146.67001684919876,127.20047181037549,177.87880984316573,67.32802999689886,133.27252285281233,179.320706308846,59.25635700499506,108.0972991670446,164.38773734874047,46.053999088907126,161.23946866236275,168.90031896826736,150.927988514928,157.40009024667015,176.1229635534039,131.63285596352114,115.30708789834375,154.80033969596528,57.23508205207965,0
0.4807337847899418,0.5002017617225647,0.4602092802524566,0.47991142832503025,0.5798547863960266,0.4222860634326935,0.07102859883132026,0.0926961973309516,0.0540238507091999,0.44159191725205404,0.4613986909389496,0.4181768298149109,0.46963504686647534,0.5792732238769531,0.4167899787425995,-0.07108866552613216,-0.0540324039757251,-0.092903159558773,0.5189044241394315,0.5530499219894409,0.4956582486629486,0.5837387655462537,0.5990589261054993,0.5605570673942566,0.1165704576973328,0.2678542733192444,-0.0860437154769897,0.45944056523089505,0.4934304654598236,0.4376479983329773,0.5994064017217986,0.6183032989501953,0.5736608505249023,-0.21861592514858563,-0.0179007388651371,-0.4330481886863708,0.5059296628650354,0.516569972038269,0.4997898638248443,0.7320816291838276,0.7439994215965271,0.7179564237594604,0.2595627158333795,0.4709134399890899,0.0020658990833908,0.42478540935078446,0.4329468905925751,0.4206770360469818,0.7869053288381926,0.7964301109313965,0.7716612219810486,-0.1716016825640156,0.084621861577034,-0.4143105447292328,0.5269277460721075,0.547849714756012,0.5009233355522156,0.27749028604249565,0.4519391655921936,0.1712555289268493,0.016289545632148197,0.1215585395693779,-0.111737348139286,0.4693814297111667,0.4902746975421905,0.4476489424705505,0.2529692132862247,0.4311243295669555,0.1522215902805328,-0.20191131851502828,-0.0888036414980888,-0.3055022954940796,151.2693725721712,157.04495486769946,138.22286087474782,123.61679390506765,178.6416271711547,65.43336534677773,132.8780582291094,178.480289098497,66.95074317277752,105.59575342135085,167.21153589385383,48.98023284915505,159.76422369047447,169.1362727735503,151.0027040579843,154.2264554571145,175.61174234849315,128.0100545231044,113.77873272584849,156.7049062269882,61.42572246690917,0
0.4828885183581766,0.4987362325191498,0.4575216174125671,0.4820512313887758,0.602630615234375,0.4223339557647705,0.07045976241242206,0.0899512246251106,0.0498921014368534,0.44419495255317326,0.4615705609321594,0.415721446275711,0.4745166318596534,0.5954849123954773,0.418466180562973,-0.07049410607454908,-0.0497759021818637,-0.0900563672184944,0.5168163827005422,0.5466592311859131,0.4971599578857422,0.5902434705563311,0.605957567691803,0.5654649138450623,0.11324727400381748,0.2654622197151184,-0.0945856347680091,0.4569969278461528,0.4886685907840729,0.4362684786319732,0.606422189271675,0.6338133811950684,0.5825178623199463,-0.19345046841662447,-0.0268568340688943,-0.3980201780796051,0.5042355620073822,0.5160643458366394,0.4999629855155945,0.7358104451647345,0.7443960309028625,0.7197170257568359,0.24484144259279347,0.4681836664676666,0.0144879827275872,0.42376414841076115,0.4301913678646087,0.4199337363243103,0.7910881537311482,0.7978073954582214,0.7769927978515625,-0.1480331259322757,0.0720128640532493,-0.3475763499736786,0.519417868470246,0.5462245941162109,0.5000471472740173,0.2734078180115178,0.4760691821575165,0.173255369067192,0.03370393997383356,0.1190127804875373,-0.0934283435344696,0.46381554541722786,0.4876750409603119,0.4481627643108368,0.2555876708817932,0.4659459590911865,0.1544740796089172,-0.18454598916589088,-0.0876848846673965,-0.2928151488304138,153.20438887522923,162.76830981192364,148.86584686448188,128.39152777781894,174.80709223592382,65.52121781980705,132.4065862595305,178.87251930478646,55.2888112389804,113.06235048307565,169.86109376169512,46.207666496462,160.87164238398438,167.36612019420366,151.61564097461934,157.7307791705924,176.68043310500298,128.58018455429666,112.32912881333556,156.09421608705873,48.66979121415732,0
0.47906405395931667,0.499233990907669,0.4571360349655151,0.48608637969903273,0.5986989140510559,0.421609103679657,0.06886294619603586,0.0895503014326095,0.0500592142343521,0.4394714961750339,0.4604338109493255,0.4155316054821014,0.47724588802366547,0.5911979675292969,0.4185125827789306,-0.06888002939898555,-0.0498881079256534,-0.089771956205368,0.5156622056407157,0.545773446559906,0.4949679374694824,0.5867068285893913,0.6004242300987244,0.5640519261360168,0.10480595424517312,0.2620055973529815,-0.0808956995606422,0.45696880389945677,0.4885955452919006,0.4354123473167419,0.5997486379411485,0.6200275421142578,0.5704599022865295,-0.2106788314201615,-0.0211970787495374,-0.4173077642917633,0.5040370379433488,0.5129809379577637,0.4990443587303161,0.735165202256405,0.7436177730560303,0.7215158343315125,0.22883637545799668,0.4532176554203033,0.008436401374638,0.4236844817195276,0.4323878884315491,0.4194256365299225,0.7898800252663969,0.7952806949615479,0.7697641849517822,-0.17000909319845373,0.0721211060881614,-0.3903469145298004,0.5190976180813529,0.5520184636116028,0.4959580302238464,0.286779436800215,0.473769873380661,0.1776998490095138,0.02763993072717725,0.1182556822896003,-0.0657829195261001,0.4623971873461598,0.4879705011844635,0.4399789273738861,0.2677988465687241,0.4566125869750976,0.1565038114786148,-0.18694177066737955,-0.0946977213025093,-0.286927729845047,153.22929932986924,162.83028439522153,142.5922649729904,124.42808553885378,178.47743609958584,67.81543405756388,129.88882321816354,179.29433589719224,62.302932890594974,105.80975493998955,166.9930206317908,46.76961886332248,160.5363345328561,167.61806508151184,151.37206049480525,156.6654173666437,176.1246945659983,131.77389452687729,110.57315919029378,159.19061998756246,50.71190883613644,0
0.4828167799272035,0.5038774013519287,0.4607340693473816,0.4955215777221479,0.610503613948822,0.426241010427475,0.06974194634117574,0.0926951915025711,0.0500410683453083,0.4425312412412543,0.4625931978225708,0.4188999831676483,0.48620275478614006,0.6064465045928955,0.4213986396789551,-0.06977831474260277,-0.0498195104300975,-0.0928191170096397,0.5217222505494168,0.5512463450431824,0.4962128698825836,0.590781645398391,0.6086362600326538,0.5670049786567688,0.1095282459031104,0.2629560828208923,-0.0817833095788955,0.46153537599663985,0.4933398365974426,0.4384638965129852,0.6068900221272518,0.6322440505027771,0.5874704718589783,-0.21585217004543858,-0.03911704570055,-0.4459280967712402,0.5058774979490983,0.5161912441253662,0.5001221299171448,0.7344757494173552,0.7443432211875916,0.7184511423110962,0.251166916991535,0.4740983843803406,0.042199146002531,0.42355220913887026,0.4300041198730469,0.4200107157230377,0.7901686969556306,0.7980344891548157,0.771871030330658,-0.16663954981455675,0.0493391938507556,-0.4210017919540405,0.5241271323279331,0.542344868183136,0.4962057173252105,0.29216125372209045,0.480029284954071,0.1682903319597244,0.019801274371504977,0.1149292439222335,-0.0823578760027885,0.4668721098648874,0.4898923635482788,0.4398277401924133,0.2724715421074315,0.4650358855724334,0.1535029709339141,-0.19429399496630617,-0.0878438502550125,-0.3144618570804596,152.7409282914913,166.1207348338899,146.88919608573357,120.10954136697299,178.27188231860043,63.26544199196535,125.80568720022504,178.66119009128414,58.78844532994518,104.15206666314646,165.28134018436762,47.784470755819726,160.85487759840515,167.87725221209328,152.0845787413141,156.48415903111828,176.23215934971867,128.58577569568996,109.212969736236,156.17349316073273,49.723881433659095,0
