foot_width_mean,foot_width_std,torso_angle_mean,torso_angle_std,torso_angle_min,torso_angle_max,valgus_ratio_mean,valgus_ratio_std,valgus_ratio_min,valgus_ratio_max,knee_flexion_right_mean,knee_flexion_right_std,knee_flexion_right_min,knee_flexion_right_max,squat_depth_mean,squat_depth_std,squat_depth_min,squat_depth_max,vknee_flexion_left_mean,vknee_flexion_left_std,vknee_flexion_left_min,vknee_flexion_left_max,label
0.07937684679031369,0.005735640964375034,24.285569971998065,14.323870510120358,1.2470449255240912,51.76362196179264,0.9066809863808443,0.24019391606046403,0.7173725925955218,3.352276344672382,151.03370446896585,32.0226303279824,85.71986570707774,179.76751873793228,-0.08673775696754453,0.062248341327901205,-0.2261306047439575,0.020958662033081,137.98102929804847,42.42437203225961,61.222551927203256,178.2278449237355,1
0.07989065589443325,0.0032643281873306874,28.06785446875249,17.175628936291762,2.857054259030284,57.18076212759243,0.8716947127673109,0.11487602832649509,0.7017370677525041,1.099162952325354,151.51958311396857,27.585439754432066,88.23461177196295,178.67916651855035,-0.09218761100563948,0.06217851833038394,-0.1745685935020446,0.019898772239685,138.2747575875446,38.95396285534925,61.20436435081105,179.8560840833929,1
0.08044849293572559,0.0037732768226272136,25.244442561711953,10.294322458760789,10.049061952918558,43.04905128212578,0.8244743142734773,0.18304606226065484,0.5920759478696347,1.1381054442830365,150.95977072952203,27.76999844122036,85.42265021277042,171.94419749827193,-0.09723273799532932,0.06279071268598939,-0.1634648442268371,0.0128552317619323,141.0665725827803,39.85603494156397,65.8771999999542,176.99805723895952,1
0.07846856927662561,0.003034517077207862,23.495754895289817,7.666772382511279,9.961873422531973,36.838039080450656,0.8577199405036522,0.20617455356170591,0.5888627876212513,1.1780715112654734,150.7583008721,29.791950366226413,82.35420952847375,172.5650908650204,-0.09872741082258389,0.06753211614862813,-0.1638451218605041,0.0275654792785644,138.67164213003736,44.29983642688391,51.67495845381912,177.47616838748831,1
0.07937350841326131,0.005074300569102232,23.199794264976305,9.772255578555596,9.339451541786511,37.34352437752848,0.9243615869422501,0.186189354518934,0.6699886291406314,1.2482121910877093,152.10779272124665,27.97016757997786,85.13280603896679,173.28325935993885,-0.094921754899426,0.0639083899857406,-0.1599115133285522,0.0153040885925292,136.21447688575452,41.65014420971987,59.65644516228028,175.27051192280786,1
0.07969058429201441,0.004625931376380947,25.108591223753944,10.477489211485526,10.231706137961636,44.832115430476165,0.9171914145758028,0.18819143237253874,0.6594482458349519,1.2285478856724863,152.09363185810923,26.793751070852302,96.04551788786456,172.7101344759896,-0.09405190590769048,0.06255153073386396,-0.1569865047931671,0.0160579681396484,135.74011314558152,41.295033997761706,59.82833717118283,176.31794498047216,1
0.079566880322919,0.0045671335939097505,24.356043746887554,10.612243645192125,9.345822766272777,41.51249751879641,0.8947642611536243,0.20121203039936836,0.665386462261191,1.2160347201878958,153.8521555675327,25.85893208079143,92.67411985399116,173.03754607322446,-0.10000067477179042,0.061718352918144176,-0.1630075275897979,0.0073702335357666,139.9746653898034,40.6749781205424,65.25633776898843,176.73216832799264,1
0.08111774827304635,0.004588093438585653,24.54341800426204,10.132693151966262,9.18030521861988,40.06466133865335,0.8928411989738828,0.18356046077394284,0.6483356165134196,1.1597116527030071,151.13788732502528,28.014121264237197,87.20016020218036,172.71183676190356,-0.09417032599449156,0.06390106190923672,-0.1594574451446533,0.0176963806152343,136.96742175005565,41.85460032784769,59.36352674900608,175.87848317819814,1
0.0812840779813436,0.004336764282692759,23.905370224394872,10.181303701155118,10.065707140445223,39.54273048142248,0.8804874715011051,0.1887813607283358,0.6489181035957364,1.1740789315766602,151.33160145027682,29.192728264445368,83.20560444435526,172.96955096814767,-0.0959819134038228,0.06463668745513435,-0.1595220863819122,0.0180841088294982,138.31354359194043,42.451468487671036,57.66118194818507,176.96317775919064,1
0.08057789441118846,0.00515087024394375,24.23333861163078,9.871527527270114,8.670568674991816,38.66059279931172,0.8813815877716288,0.18299488227135202,0.6560370198005505,1.1717157309724056,149.28071225421417,30.858686484416893,77.71523639431467,173.17567596015493,-0.0908242568690726,0.06591666549724082,-0.1610768735408783,0.0221689939498901,135.92843077923368,43.60751216166162,56.13653378860436,177.21692713383555,1
0.08006659330743728,0.004364632640453763,24.376963983825604,9.712645462178154,10.170854236731316,39.15655091395112,0.8778440658826498,0.19057007517044425,0.6299027608154576,1.2024443066031845,150.86900611261032,30.582637549262884,78.10737950770435,172.78793108388012,-0.09510499750724943,0.06554921964679539,-0.1625343561172485,0.0181561112403869,138.49872327319886,42.982230816454404,58.1058211457027,177.59390840110035,1
0.08074823873383655,0.003272396907227498,23.99687197365146,15.439664680544379,2.952606228849758,54.43919671700535,0.8537227655539723,0.09126745221321744,0.7184353943697651,1.025642523640497,153.7080711567363,29.936689825978704,85.03124700623233,178.86845109012103,-0.10070999104435702,0.0670779229058605,-0.1731650233268737,0.0153939723968505,142.36059901904153,40.790640270080615,65.16030539608728,179.529045639837,1
0.08016075209244007,0.005279635462941777,24.592910946798337,9.697916704570362,9.607078316734796,39.70832670455925,0.8701999045963268,0.18805926225393346,0.6295699844790169,1.1841086804692755,151.24938806561994,27.680202787388303,85.85530315135908,175.13318213479772,-0.09371955400889678,0.06491655746446356,-0.1646029353141784,0.0188156962394714,137.82886853393586,42.48459817162223,59.013712834111054,177.6479919558657,1
0.08070631399013023,0.00469448298659226,24.279661432073176,9.89530380990787,10.4155210370966,39.043638348821375,0.8429613818851674,0.18590663439205507,0.6261178793686534,1.1800652894727353,151.4606585942682,27.904265460728066,87.91856354425205,174.2612941694929,-0.09650438640377305,0.06365014911254264,-0.1576399207115173,0.0189580917358398,139.55982910520135,42.80534725569555,56.25928582439104,177.02772431361166,1
0.08093556106745538,0.002191185150619523,31.84203842484497,15.180622185471876,3.9288426826681375,52.99619820863815,0.8926900408703488,0.08124122798650561,0.7084959370401697,1.0244809471846807,145.64214736975006,30.78109213338339,85.4575969414799,179.22219046805873,-0.07766175270080564,0.05971637343418263,-0.1668658256530761,0.0109983086585998,130.8809214113322,38.94099132099775,69.84090559641626,178.09761001252582,1
0.08127870812880252,0.0019367889104117575,26.575372013622538,17.833079309354915,2.143091949292458,54.85934985661266,0.8706793282247989,0.07892648531817077,0.7467121946713926,1.01879276904159,152.47185108095383,29.554064611749332,91.66197567501912,179.31244461402463,-0.09594681305167946,0.06201378684475294,-0.1655299365520477,0.006876528263092,140.4853917715392,39.034515187348745,71.03515054398595,177.2528708200181,1
0.08243056262532866,0.0025361253588883585,26.031384310473232,16.344339319623597,2.51966502494882,49.55990687279099,0.8707944376309863,0.07682240395899531,0.7281717523480181,0.988591681015635,151.98340520126374,28.0363500866572,96.56711484313682,179.717867898898,-0.09143629887451725,0.06015453281776246,-0.1646346747875213,0.0046678185462951,138.2776513598506,37.892400016818236,73.31046082885074,179.1209835903014,1
0.08311326773661484,0.003100280082113634,25.002313421510614,17.401747818410065,2.139331654898909,54.29811064143593,0.853317038131587,0.08104660330434696,0.7243648263737655,1.0077653064493737,154.3909109686139,28.54246977970207,96.53004934142837,179.87595045847812,-0.09890569971417477,0.0631131317454421,-0.1694028377532959,0.0092134475708007,142.82704144455155,38.656200998387895,70.52556012139641,179.9977929976014,1
0.0842184069180729,0.0037489021512588016,25.83789074130715,16.020297565582236,3.486282348295181,50.0087173573376,0.864771291845663,0.10978329537064425,0.6941159355625477,1.0497186850497124,153.43770045057315,29.664560576011105,83.78926714181833,179.69022768083553,-0.09984680408179154,0.06557930878425487,-0.1718114912509918,0.0099595189094543,141.41556407322238,40.01305480621885,67.35557913412471,179.8787306692411,1
0.08310021366924043,0.0030992685468955975,27.51580468076753,17.808536625031202,0.6424592592205441,55.7437419826132,0.8445033076586267,0.10741690648655208,0.6640153256386203,1.0108972876631137,155.42646330419407,26.539936242427515,96.3378292567524,178.9895432230794,-0.10219893604516979,0.06104451141692368,-0.1713835299015045,0.007957637310028,144.3375000498042,37.1211776219742,70.51109320431478,179.96271984963232,1
0.08359002328551973,0.002988706463556618,21.826986247726225,17.43875066484918,1.0567208354875717,53.32959201968002,0.8260666834632849,0.09415172283273024,0.6912053354111807,1.0111628610186003,156.88755366493427,27.82060836082928,93.14296145755746,179.99988525714173,-0.1072442296859437,0.06389580955911635,-0.1704036593437194,0.0097948908805847,147.39341724744114,38.61669968602179,71.08911316502079,179.9819465648851,1
0.08378421918799477,0.003785016983963218,25.51919040437541,16.87434705054061,1.7533437833999843,50.83818878142704,0.8626664094666715,0.10560753421809038,0.7060849401303945,1.0327052357518909,156.7377683214608,27.20007913000735,94.3666131223878,179.7032676202522,-0.10375030587116874,0.06219749804436826,-0.1703076064586639,0.0142778754234313,144.78710230779726,38.48100123195562,64.53801021394294,179.94935090774445,1
0.07960246186307132,0.0026674233369084845,26.337328665406876,14.984727657232467,2.676321592960804,50.53327538833446,0.8772727908652342,0.08854374203519909,0.7154371595955934,1.0454569120591046,149.3088205524318,29.864336091969975,90.44692428293548,179.74313309425926,-0.08695584472189556,0.06065251809197578,-0.1716314256191253,0.0104101300239562,135.92807448755377,39.3252866541187,67.37480340117135,179.6512309618495,1
0.08328201669327752,0.003513338216863124,28.178913890867747,17.439910711208395,3.7681594897763495,51.42505786190387,0.8732230063048786,0.09715267081619552,0.704118601785096,1.0381766887112136,153.46147523619086,27.603894922114595,97.71281697693966,179.60336226291673,-0.09508261306488763,0.06163910024751318,-0.168331116437912,0.0023793578147888,140.46982712649003,38.63758386167154,73.8056996777904,179.93234599656336,1
0.07934100778548268,0.004407931647053396,24.738770816491474,10.438298741730327,10.66134866964178,42.15960151825759,0.8635189540379338,0.20492742003627734,0.6059435230357225,1.154106019735543,152.16342834815686,27.32101256395336,87.46004954120403,172.2310794111176,-0.09860125249558749,0.06178595389251337,-0.1680001616477966,0.0091699361801147,140.41279646026024,40.14185938573875,66.11683789474345,178.1105299342149,1
0.07763998997345395,0.003439859649695841,24.746912310335432,11.050466293925117,9.77694114903309,40.1689021040675,0.8570986928609637,0.18585608129180442,0.6090442226263474,1.1172276555411995,151.64252432647734,26.192280535042293,91.13890084245126,171.4538386638464,-0.09591050563233618,0.0613750028068196,-0.156635969877243,0.0130550861358642,138.73827098628954,40.09579655618393,64.41773216729528,174.9172467993062,1
0.07873914898796511,0.0038966618124783837,25.479368409056335,10.754424904199032,8.824533788809225,40.76137293076776,0.8694101034075498,0.16742165317025715,0.6470803093518205,1.1158228356795727,148.16291826814535,30.018562680580214,84.15203348829053,170.89805871152603,-0.08976727961139243,0.06468040126061102,-0.1578127741813659,0.0210358500480651,134.42535487657378,42.28960038867139,56.350242795836415,174.55066266368968,1
0.07966797299437467,0.004035661659977652,25.384414404673183,11.772715325500132,8.851877628157041,42.84942714439247,0.8484191191154012,0.1844708273736364,0.5940420073418989,1.1177354313606398,149.56960958876553,28.25776595920277,86.78031869045935,171.4938313867142,-0.09204798150848555,0.06409609751270082,-0.1587074697017669,0.0122907161712646,137.16281494033848,41.6690388744241,62.81955458049568,177.1978697566384,1
0.07906498306471364,0.004046327731275129,25.93084693294919,10.684355898791353,10.547458836827442,47.96234203144604,0.8706995410079689,0.1826181208157131,0.6145966147716423,1.187720448231732,148.9992347852501,30.08804946438355,83.4212151509449,172.75918590707357,-0.08965835331574726,0.06495964296708572,-0.1612024009227752,0.0166736245155334,135.77226756524036,42.37750804413116,60.73014484576915,176.02986830313571,1
0.07885288221891532,0.004056039449922542,25.62371904815809,10.722935446732713,10.133220653278087,47.09222262690282,0.8640975540338576,0.17788384055455023,0.6152713370843548,1.169929283404298,148.54153738928719,28.8697799697327,87.07711833439633,172.62310980616294,-0.08821270944074139,0.06486945729255353,-0.1587207913398742,0.0177840590476989,134.96064196105516,41.74678695960591,62.32999632111946,177.20941452797732,1
0.07964933976948814,0.0047292885212126936,24.7834521489898,10.415331079833631,10.037504670377867,44.74164237129061,0.8181123061332861,0.18141271741164386,0.606259328991112,1.1361107583621008,150.88979577261267,27.976403900995845,84.73039574113712,171.76187709053318,-0.09765646808615355,0.06277469391333335,-0.1606207191944122,0.0147094130516052,141.41186158116795,39.90033325145696,64.6196267633361,176.89874705386498,1
0.0799644558380047,0.00419403106414573,25.806410551162585,10.423370775385184,9.457634591562028,47.85500253664818,0.80771167901908,0.16346663395523758,0.580450389854582,1.0687375827481214,148.94490613305504,26.957726257557265,94.17202630684096,171.7666509301149,-0.09192570298910137,0.06287441520018053,-0.1608063578605651,0.0140755772590637,137.85292240707074,41.012691702475806,64.21086374982984,176.66714973013438,1
0.07747600915340273,0.0022407277895565235,23.439261279286036,14.73556972453391,3.597789181796305,52.75266717364758,0.9121905490543539,0.08704858300172362,0.7549146720878185,1.092048344215866,152.17497022371546,32.368652229802294,79.14445985317843,179.93145381270048,-0.09227642101737166,0.06334147758943696,-0.1596287190914154,0.0157753825187683,139.07855229264464,41.176735939768506,64.23354869392226,178.71057344558346,1
0.0800043032677085,0.0032173004718781613,22.669706451016147,15.94090196501825,1.503391354829147,51.10527562614212,0.8607773038720254,0.08975748006351571,0.7129051099108619,1.053623933284114,153.73042031473267,28.813780740725296,94.73152724214742,178.83343931528643,-0.09520482768615084,0.06195771741019469,-0.1650656759738922,0.0132691264152526,141.39104393551995,39.29860409275615,66.68931497243807,178.09144411809186,1
0.07879658287221732,0.003192325765723643,22.447900728150124,17.03734325162118,1.3586889559623383,52.84652609843952,0.9039387950841026,0.061817226297839666,0.813391502340927,1.0396244186142536,156.61398144162501,29.868746812102255,86.5633969375703,179.983297056381,-0.09897343733093952,0.060172528139935455,-0.1598264873027801,0.0100429058074951,144.2143147404181,39.14601933142282,68.59682695427605,177.09144417316674,1
0.07857501277556782,0.002663852588524739,25.430051994088355,16.254077437731514,3.3244526819473426,53.765016912864766,0.8962568079027379,0.05212306729703983,0.7929135568954753,0.9716063720227008,153.9767631075429,29.739882477896273,88.22718118296969,179.9875894984729,-0.09345783473371146,0.058874712615272266,-0.1644641160964965,0.0090259313583374,141.41941794742743,37.44619597462826,70.14596337710141,177.45783427681144,1
0.07803871848366474,0.0027989332688030857,23.75356990238718,17.007374587853505,2.5193722216589483,54.51445246386243,0.9052326410404927,0.0758681150429339,0.7679715864920509,1.034423194962836,157.86589916336436,28.59552041206818,94.46072367093812,179.97760261235848,-0.10105397078123957,0.060099835209819964,-0.1690247654914856,0.0057823657989501,145.11033746004662,38.32605865758757,71.97149260669073,178.93112261218948,1
0.07969388717954806,0.003565088239330984,23.1547773743603,18.38769601627501,1.8160987947616427,54.8023720879579,0.8839647351833435,0.08010335559022991,0.7745733575590736,1.0513111778164548,158.53203180483973,27.29184787822706,96.71863795162196,179.98558809199935,-0.1052320138974623,0.05984124457478723,-0.1696938276290893,0.0044391751289367,147.04252123109626,37.781742172104714,72.04933672806735,179.24546386358875,1
0.079212045440307,0.0024725111250307,23.43697410974157,19.309414225854926,1.6873040506038592,58.002724755555576,0.8901947710473752,0.0861971580852195,0.7737189231077105,1.0521314712714742,158.39103077571923,26.04092299997855,102.33512092610694,179.99759362644468,-0.10582606895611833,0.06106648870054899,-0.1704375147819519,0.0016543269157409,146.34458739140513,36.91653289449178,74.39729855165947,179.23183219151176,1
0.07905430422753701,0.00279331164064712,25.647240800805427,16.112197226641335,1.5603723919615793,53.33829062896952,0.897160172352364,0.0682868395368124,0.7553102736498604,1.022903988071943,152.53421432938612,31.61361104749634,84.05369983658584,179.9819906757703,-0.09302022657832318,0.06136959638574537,-0.1700576841831207,0.0108572244644165,139.91351876875055,39.805728544225076,67.72494204287274,178.5053678853269,1
0.07919652760028834,0.003421616080643158,21.841680567518303,17.867887666739907,0.8062428520779301,53.8279593631636,0.8874353072620458,0.09703611754494451,0.7473017190962751,1.076354250954439,156.6132798644681,29.847499800982227,84.81743176972448,179.98409577450815,-0.10328102442953319,0.06129812946020485,-0.1672023832798004,0.0097268223762512,145.84702859689253,38.70609338485684,69.68845907419474,179.8965800998226,1
0.07815259244552875,0.002002750312692388,29.90492857713377,15.488161014586614,6.026475911853416,54.10225181533633,0.896836406803552,0.08690411765638426,0.751291999121587,1.0350185302579606,150.79728142465328,29.091125105083147,88.78840968852951,179.17874001919498,-0.08700010353742639,0.06054173534745192,-0.1693846881389618,0.0054743289947509,136.4908077664569,39.281648470655256,70.67173426967008,179.99790605890706,1
0.07761792163803889,0.0023101533051608793,28.738568313843516,13.488485256957937,2.3845230035118408,54.749643275160686,0.9138268541221236,0.06807621163081932,0.7874889667943208,1.0584759492385698,148.29331833399505,32.941143622522866,79.74589629385036,179.33735403540987,-0.08452223185098393,0.06064786882639787,-0.1539579927921295,0.012446641921997,134.7944959692308,40.79393436012338,65.88279903173266,175.58803883785038,1
0.07936660372293909,0.0017950566118921467,26.6446744508695,12.994956264783225,2.638540796229288,46.00379157532328,0.8973648355383502,0.0867379876188041,0.7431137669653776,1.0551687324515049,144.8066693269537,32.84414489130287,80.64857232320787,179.08334926419624,-0.07954173788919552,0.062118755254016805,-0.1597395539283752,0.0154376626014709,130.59792580040735,40.631664802321765,64.57724415753377,176.80933818981114,1
0.0808698125183582,0.004168666064359739,23.178990859398088,16.335891974226357,2.5918254383314507,54.63364742227445,0.8566843425799328,0.09094711278934364,0.7285297654915001,1.0459147841955374,156.41812896270494,29.05295953052339,93.40528565736264,179.34138608027084,-0.1036338798701763,0.06378109681099021,-0.1656741499900818,0.017053484916687,145.18900263942638,39.56368149472268,63.49207794337887,179.9793564117175,1
0.08113293726034836,0.0031770516952024045,23.531000962412413,12.931084398009094,2.773041985922709,45.59990677218578,0.8812327891218585,0.08437408843690572,0.7350955128834621,1.0553797495109087,148.90777242711007,33.41285091236887,77.65280706649285,179.21417527742628,-0.09074564473797574,0.0644806869222947,-0.164796769618988,0.0143391489982604,136.91463772500293,40.79794494689411,65.26348181889328,179.75419616540688,1
0.08197841677097002,0.003509407396135724,22.62052286771104,13.525697662338478,3.4776421761988305,48.07922009889321,0.8657028150802477,0.08978630308626098,0.7441627139707712,1.0539758495361886,154.29951003833617,30.841764455082927,84.89542324165924,178.56450524063592,-0.10269219476148621,0.06416753406530404,-0.1677265465259552,0.0121514797210693,143.3562704725377,39.53608906926699,67.59710903770636,178.61162890011892,1
0.0824795788242703,0.005245374257073619,22.782585790849936,14.575535187632836,1.8188283307803408,52.22351210747589,0.8385260257355457,0.09497224626915014,0.7132383661040043,1.024722329813403,157.23599141931118,27.262405337984024,95.6761992770804,179.13373694489937,-0.10659348624093189,0.06265497546532835,-0.1716635525226593,0.009857952594757,146.955311017353,37.816885701881255,70.21331284018406,179.72653746636027,1
0.08268804142349642,0.0036684693593511688,21.982004580610436,14.638719589053279,2.9485516586521534,50.885654599346566,0.84721515934902,0.091478488110821,0.7030211092930237,1.0103296510846962,157.91388383180353,29.052853310941146,84.01295818001385,179.97797880624026,-0.11056416599374067,0.06397086450855645,-0.1738553643226623,0.0087750554084777,148.26590914204678,37.90823230550819,71.35270661851398,179.9711676961522,1
0.08248712932854364,0.004964810363098396,21.971380058044424,14.359943058013615,2.9426361004386936,52.643900278768655,0.8370399871445686,0.09506262362797584,0.7263759511447698,1.0544864226934465,157.234810869872,28.999787642838456,88.55578159165432,179.0683862469408,-0.10949003853295976,0.06531842143311041,-0.1715700626373291,0.0092317461967468,147.59361635091514,38.930747308443365,71.06820882236518,179.7947939891922,1
0.08271553172721516,0.003906764604221884,21.68661507789967,15.195668808364728,2.779048835317517,54.9669463444083,0.8559780808214079,0.09433769477811249,0.7099144951794107,1.0289641921738624,157.9226838758272,28.416888720885815,87.23415740578473,179.815046368604,-0.10843395193417864,0.06337482110826055,-0.1716438233852386,0.011896789073944,147.11345448753312,38.5629629605664,67.99143071048198,179.9822400695981,1
0.0830565155656249,0.003893815048953563,24.89447538164418,16.361917998070087,4.925801284454464,54.70468058775679,0.8483891714908155,0.09352849645771831,0.734872708683031,1.0470265828355168,157.3823224530994,26.913721573161748,97.01862503268352,178.77254623739003,-0.10967552275569348,0.06461274068425976,-0.1730620861053466,0.0054489970207214,147.1138019042603,37.8320226626715,73.01735030453507,179.43357297416028,1
0.08326519853793654,0.003416176587876397,23.07854254438164,15.97399013233232,2.4201343860937863,56.24564699263114,0.8327579678522242,0.09559913565360811,0.7075915271809551,0.9953094207221408,158.4576701842633,25.985253033540705,99.53459777559073,179.97756783217622,-0.10966124156346685,0.061760517622813545,-0.1727344691753387,0.0042490363121032,148.5033814686769,37.45742774891384,73.93633622950863,179.99667305979614,1
0.0766461624399475,0.004532044187717347,24.671108006422376,7.8469009625001584,11.629130343299002,38.33874671432974,0.9053559665533255,0.22192620387458137,0.6274029646907577,1.2388035363244774,148.64242794873,31.952091553325893,77.10335835279677,173.01021968307126,-0.09144186682027318,0.06833926316699294,-0.1628609895706176,0.0205771327018737,135.19206332242118,44.01387297729022,57.51848062745004,177.43739920639945,1
0.07721565581940029,0.0031646536908545523,24.384289091307178,8.28231760238712,9.950748366381088,38.80631551507653,0.8918625882884946,0.19786325109237926,0.6361699377345653,1.207073395337083,151.2706468846455,30.26316633057529,82.12542275475727,173.79698321437888,-0.09474658704066011,0.06624238957861678,-0.163069486618042,0.0204988718032836,137.9472160079639,43.06141577323124,57.51841551548063,176.80103074300203,1
0.08204181634861483,0.004767797163298509,22.789082605923824,17.941775264785157,1.4993344359108225,54.0125475673933,0.850529079614899,0.08636210180723745,0.7134505585160124,1.009322793198871,157.06495506150287,27.7976526888575,92.57269232140555,179.98947943708032,-0.10465484365173006,0.0632006396404396,-0.1726361513137817,0.0125712156295776,145.8309843335982,38.4273815549814,68.21673564182085,179.88364452210362,1
0.07751630064176049,0.003369883586841231,23.50070879456177,9.763799386747344,9.331789136066265,40.11167713461255,0.8656100281459563,0.1762699902582453,0.6279828765025887,1.169349424214659,153.00017302335556,28.769889871816517,85.44804735589472,174.16831889929784,-0.10081909262404146,0.06429253366551817,-0.1670990884304046,0.0149481296539306,141.1433179196463,41.67201894690761,60.86886258202217,178.19672084422942,1
0.07608965792154007,0.0032126969539340573,23.83728095559327,10.851165553065343,8.480677442721774,42.4011008141724,0.8715245255831507,0.19996364746661016,0.6213005758379692,1.1969139347979116,152.83373447807278,28.273236381243986,86.92576794136211,173.42470218121994,-0.100183997342461,0.06307896697247645,-0.1602850258350372,0.0104445219039917,141.31892735660554,41.222487992993344,63.08191176248963,178.4805612873096,1
0.07678659582875436,0.004733677845570782,24.935229292299844,10.72560550019043,9.98102876736014,43.21221496421914,0.8441924071628606,0.1921760107456015,0.6104310056505131,1.1400575681914131,151.91742100547546,28.799486375692577,82.66689326776331,172.6136331220265,-0.09912776670505087,0.06388709203996194,-0.1620602011680603,0.0148403048515319,141.13962818151663,41.81187883976198,60.42645377197683,177.76203129051098,1
0.07638718695430961,0.004313759435958006,25.73997466018774,9.742562896259654,11.728363108735786,47.102676435446725,0.8601896354311925,0.1856200969686101,0.614374897800556,1.1637850381647412,147.92444110210874,33.00207873889328,75.0713758603076,173.27431548869458,-0.09023638675501057,0.06646094413442573,-0.1614464521408081,0.0211758017539978,136.85515649577718,43.52104452939636,57.56837791945845,177.4080339744535,1
0.07684129574796651,0.004046448291586776,25.731123145569395,11.051139474658761,9.950396956290128,48.23228398386277,0.8825513041450119,0.18353013779029578,0.6426918821044161,1.171631864985449,149.8458108390065,31.692572525997225,81.86353215749895,173.1328124468047,-0.09251265637167205,0.06534592292569495,-0.1616050899028778,0.0209150314331054,137.92339140118213,43.00473281938373,56.42487222831024,176.90408122612484,1
0.07704708892471931,0.003986626122472422,25.199558122838596,10.733509776513564,10.075368303917806,51.43721284209022,0.8652987527600601,0.18530519822566352,0.6400052496565551,1.2007923603135855,151.31281690174515,30.018511161132373,84.03986179266786,172.92335998286444,-0.0964216699405592,0.06278219240228444,-0.1609207093715667,0.0114079117774963,140.49343956846167,41.05614549810119,64.25473410456388,176.94377026823108,1
0.07661990429225717,0.0043644102426408935,25.45926135418537,10.407012834545453,10.819523980519604,49.16262953736901,0.8802745860470729,0.19600423416940066,0.620774068519221,1.1981813168274005,150.0788700455111,30.95730309648327,83.8606269866494,173.7414751120473,-0.09338634202354831,0.06392164355349937,-0.1597803235054016,0.0158776640892028,138.20162276669004,42.74745753434905,59.263237200599065,178.31102878367707,1
0.07922371756285425,0.004309556033108666,23.970448845659973,8.360824580311574,9.742738104253062,36.44872096892206,0.8737270443245114,0.2000440095473053,0.6066534805078798,1.1626852484193844,151.21854408445847,28.708129320367508,85.99765361324593,171.94063780168045,-0.09610527660697694,0.06539790863412895,-0.1628226935863495,0.0188143253326416,138.3710058725067,42.1299730447869,60.750484003686125,176.9161194341601,1
0.07691390141026,0.003344788258115182,23.824861479594766,8.134838391112993,11.043965998828012,39.67599239116269,0.9106242651831593,0.19922777407698605,0.6185817517877262,1.2407172575924728,150.7287594975044,30.451169916483966,82.32336003994,173.76930497576373,-0.09515849148834142,0.06562827353775888,-0.1631667613983154,0.0129615664482116,137.1191355875116,41.58686395454277,63.52380826653523,176.27989884311953,1
0.08003932582445378,0.003818729768589201,19.55686417684852,15.498538664594069,0.5291074263644227,46.34794640827954,0.8559159839694036,0.09488507915463208,0.707750693124893,1.058250859099226,155.37194538027734,31.349947340919357,80.93794388460185,179.45233305651806,-0.10148256352125119,0.0647297495489255,-0.171230673789978,0.018116295337677,144.35101207799232,41.44898787818189,61.24533449974871,179.66129317202947,1
0.07767283409199813,0.004387188739286024,24.103295516274976,9.600501925459643,10.11098998367976,39.48333953912267,0.9058800586856728,0.18399141314120412,0.667285760003376,1.1831907994580302,152.43836443187683,28.160119064674713,83.75678811518516,174.25540424214358,-0.09710574372017633,0.06308134985348023,-0.1604482531547546,0.0105211734771728,138.90124143927036,39.83766349963998,65.73739067678582,176.5389200092438,1
0.07776822872681187,0.00467809234570814,23.712823667201604,9.599129076078023,7.994975326821451,43.21627466878173,0.8817802543829378,0.19035384626073312,0.649674352677726,1.1673369175023756,152.91601156233352,28.148697360422183,91.06808510564872,173.38846652659862,-0.0974192392117906,0.06278678235722557,-0.1601283252239227,0.0182322263717651,140.36262853414038,41.16826975920976,60.65420581780547,177.1420219838799,1
0.0787557407896569,0.0044637267923005545,24.555183337260825,11.285684846067324,5.876688166842452,47.56476263873228,0.8538594919567382,0.17838622522511596,0.6377822576436988,1.130210750226094,150.72777346937355,29.177882096778266,86.25709487270767,173.03617241498722,-0.09451279361197287,0.06187791485851088,-0.160302460193634,0.0117146372795104,139.57941014550912,41.07002648961122,64.66379694302593,176.8726240141904,1
0.07736014807096088,0.0033382948807267362,25.182374662311357,11.333261946645575,9.884938261279366,45.35669499957851,0.8965940713065489,0.1692031729598553,0.6600263021863415,1.191487736773547,152.57222437270593,26.813904396750655,92.74931353250015,173.62162295539946,-0.09621803863074187,0.061821386602613417,-0.160643994808197,0.0124293565750122,138.8678053817483,39.34418648878523,66.30043149093093,175.4856238446276,1
0.07671967378029453,0.004560206787747393,25.36057680588224,10.264654592664865,9.9209770839867,41.52786662953877,0.8858790876499948,0.16572960988961485,0.6592094071756389,1.1631735758724675,150.31700384921677,28.62312529225409,88.49771140580609,172.59253802921955,-0.09035097733958734,0.06206960362440827,-0.1564259231090545,0.0106838345527648,136.29080319705653,40.88043981522973,64.75745341236339,174.9825494633741,1
0.07712755799293512,0.003610874444595499,25.13008527336561,10.05480377350369,9.127411861426474,43.42154965130256,0.8719500129195626,0.2009773616050376,0.6270234732788365,1.2036231200909004,151.29579525101525,29.278149919507094,78.33228975506636,172.52167977604694,-0.09455833524465557,0.06259786713751667,-0.1569050252437591,0.0129088163375854,139.5993821946878,40.64378350193959,65.21960578626509,176.0166888562788,1
0.07764960642980066,0.003563783723992498,27.07476249800557,10.4859267369347,10.697267150067535,47.055726776789285,0.8628509529651623,0.1657283841157298,0.6297707552444656,1.1347462871287128,149.88273719367368,29.297118854191954,82.21525677936918,172.77976990923145,-0.09130100084810837,0.0628566103528449,-0.1594784557819366,0.014703094959259,137.58038720198954,40.90863614702433,61.883051680286506,176.07926749478617,1
0.08076706670579453,0.003753936262252375,23.313034040622128,7.221344884013036,11.515363681445676,36.9505756685053,0.874329106778149,0.20340355861102555,0.6299051800140341,1.1805429315364324,151.3932555860389,29.700148278595332,80.04687193011507,172.84267410389182,-0.09766700523240225,0.06743699761534291,-0.1599314212799072,0.0236599445343017,138.7537332287734,42.51048872358296,57.47844351675752,176.5110697750185,1
0.08072047336127165,0.004514573548815594,23.961440068512836,8.49267500470759,10.755391726625714,38.36724326056329,0.9079463551545086,0.21492083978059737,0.628797135005906,1.252662118597043,152.30472007087164,28.376051908379914,86.68195112793904,173.19721487186953,-0.09642111678277289,0.06574701849462099,-0.1619068086147308,0.0188015699386596,137.66738286862272,42.06650466146136,59.4443570864339,176.58016213866563,1
0.08127379361188633,0.004252567237615515,22.612392614445795,9.420948202187208,10.630117230068594,39.60003963177771,0.8786645201199003,0.19867864600626453,0.6602961984881347,1.2407382669775775,153.43128628839582,28.933739836026497,81.39940688113602,172.91695429368272,-0.10198235146279602,0.06452861542795303,-0.1606571674346923,0.019974410533905,140.9042669971894,41.771763054863506,58.3155516301491,176.18996958657752,1
0.08067437902740807,0.002887291241621334,22.759288472450994,17.96675581230503,2.4205792524179333,53.303787900405645,0.8475120548394032,0.10444605183620131,0.7235457885829272,1.0452072090616875,158.86025957293577,25.55370858943031,100.09188903847986,178.72029640147147,-0.10947166888610173,0.06201399845671666,-0.1716562211513519,0.0086218118667602,148.41810790202925,37.59646836047179,69.45262803064573,179.9770913548384,1
0.08159211248159405,0.004499465894299069,23.57044350561085,9.251568449588804,10.422780489766826,36.96276259799589,0.864792176698859,0.18649741266231332,0.6197182680976913,1.1598789833936467,152.47497733400363,28.019995571005076,86.13800596132133,173.79517674436943,-0.0991827458143234,0.06593885403754975,-0.1656202673912048,0.0214300155639648,138.97560027875417,42.53429434401121,56.98911531547361,178.09659510597672,1
0.08207862762113409,0.0038626653647482927,24.071470871271192,9.775266470940496,10.029534913839344,38.72078897459568,0.8663140428859437,0.18321108185933435,0.6233439856962895,1.1372188068654825,151.0976347683171,29.27406272805876,84.02439495816222,173.11501773309547,-0.0954971294850111,0.06660307332806314,-0.1632062494754791,0.0208835005760192,137.90369335816885,42.85592430921555,57.87867887674474,178.1055226378839,1
0.0821111378073692,0.00426756874686002,23.614252309149624,10.53377713921151,8.878143541767075,39.907884983241104,0.8550827888793668,0.18204210410176871,0.6212809098858728,1.1555314008348574,152.5568576332411,28.7020737906505,87.2106101708664,173.367351849566,-0.09822312355041501,0.06443345135090864,-0.1603046059608459,0.0170617699623107,140.55465901718327,42.245371336892255,60.6655480342562,178.68228847945502,1
0.08280574803305141,0.004796936350297634,24.816238085813776,9.849516784424603,10.421057943583568,40.050859136996245,0.838828681026854,0.17817784539926346,0.6046835591913542,1.1284829825337668,151.7664081885164,29.32312298233154,83.96620645513923,173.06026986852942,-0.09723514643045932,0.06475055947064716,-0.1595185399055481,0.022529125213623,140.2828074966885,42.644464309500236,56.26209152553157,178.15003681346977,1
0.08187932333099504,0.005056164084380855,24.408998089394156,9.972494703156087,10.141105531215038,40.34960586551664,0.8041136480872083,0.1911551178755904,0.6006811072617806,1.1248797915853688,153.53435949369734,26.19822192980033,89.93323668974256,172.6892723949548,-0.1015906094390655,0.06310573375175182,-0.1641258299350738,0.0169302821159362,143.38313996390133,42.04194373271767,58.63107447188179,179.3583189698942,1
0.08193510422047144,0.005288024369031021,26.910171859693623,8.446923945565485,14.292933035042134,42.233109233595954,0.8342148374167928,0.18318376212739318,0.5974675843086933,1.138297071100109,148.9398640291708,29.794994425122155,81.65918836792622,172.6681913571449,-0.09374305954638944,0.06624473709398226,-0.1673806011676788,0.0203099846839904,137.41695989280996,42.93953955076473,58.23112203186852,179.34606671111618,1
0.08072550546738405,0.0038602542713616593,23.611463274200858,8.60716735689714,10.69364070381965,37.638195871379,0.9113131447666514,0.21083411417104986,0.6439218620194648,1.2541379322134731,152.24305730446642,28.6453063611127,85.38473553979482,173.09596857825298,-0.0957509859274792,0.06549721476541127,-0.1615013480186462,0.0203027129173278,137.50318028540497,42.13089882436234,58.56299560278601,176.43984650981832,1
0.0816939644656091,0.0040113437096815545,22.480709081360814,9.499568852458395,9.499955384757415,40.12726225701939,0.8801466947221501,0.19833068356339356,0.6573383550127736,1.2430762324803013,153.54846295925935,28.862481736723893,80.98644467275405,172.83947895606934,-0.10216805985513723,0.06477437857440714,-0.1606979072093963,0.0195303559303283,140.8852358178439,41.84041844192779,58.67898844347859,176.34494534390757,1
0.08206929266452785,0.004179628614552926,23.39800229621168,9.245231886439973,11.070808907096964,36.69784551381868,0.863604262458218,0.18743468568448363,0.6237297111030148,1.1541121005327613,152.40132448526177,27.906306652362936,86.2754326192979,173.1337282734134,-0.09882384359836575,0.06563527777426431,-0.1616602838039398,0.0216716527938842,138.9458964328097,42.55815115719483,56.77484894027421,177.93593913613716,1
0.07760834038912591,0.0033516213049833415,23.79768809114189,9.158859324825055,9.94233127539596,36.02932061007907,0.8885527833809475,0.19799638354424123,0.6078350853788346,1.1473970654119912,150.5563086636008,28.48890233200987,88.19600676648092,172.33010626922697,-0.09229918102641681,0.06447538961748049,-0.1637415587902069,0.0176726579666137,136.3765943430308,41.8981054710526,61.56138926599911,176.49490920639502,1
0.08137481534375549,0.0038576535017559813,22.86392975367669,16.84471055283005,3.744299894760749,54.991151724249775,0.8667605305232268,0.10556103307436762,0.7178583986992957,1.0532105238852902,158.69946485170266,25.795970322359043,98.44072920622192,179.628627305422,-0.10806642538678327,0.06315092858599061,-0.1728995740413665,0.0086286664009094,146.91078390972908,38.0186021106116,70.85012681180983,179.95064914654543,1
0.07942489608303527,0.0036528169053320065,24.868734363774934,10.345342321901215,10.277364308401314,42.1176200636687,0.8650224168776838,0.20889513116237937,0.5965039840106158,1.1687944656011653,152.13753440857667,27.328037464892592,86.39265477495469,172.15304208494527,-0.09795695314040546,0.06102518526810103,-0.1635063588619232,0.0098688602447509,140.3862547078288,40.02724146113142,65.86570606404591,177.3800689997925,1
0.07744496988087161,0.0035965850671494395,25.515860700559088,10.625762179646928,9.954331272748211,39.06475702268031,0.8788754924871129,0.1855053860676858,0.6076313368229049,1.1215140350635673,150.0638552043467,27.047876393480237,91.05010526782922,171.5522169284933,-0.09107792377471921,0.06188760282153344,-0.1575857102870941,0.0156358480453491,135.72301752266446,40.53071470458758,62.64074278992637,175.19314077001889,1
0.07893961393970178,0.00404376186389822,25.81164124045887,10.560141544199753,9.63665149123712,40.91251730207015,0.8689973456100349,0.16924512288823793,0.6358811984461198,1.108802041305001,147.64585493702398,30.171073654368872,83.97451231373444,170.63848288260496,-0.08873928483875317,0.06523397836349602,-0.15909343957901,0.0209530591964721,133.72576212001704,42.69094783275385,55.4383602340834,174.58559117576817,1
0.07868506974644127,0.004143116610536388,25.418494604031032,11.47816258688808,8.41799553826882,41.43247352806768,0.8577077140267388,0.1825905280674198,0.5924602841235302,1.1264172316559715,149.1461345970226,29.029734714663363,88.19598845944293,171.35738536151047,-0.09102337327268385,0.06435444714608451,-0.1584141850471496,0.015168011188507,136.49113131164466,41.869452170056654,61.85530371589181,177.28334983608772,1
0.07924939466245243,0.0037738502940240907,24.635874774254045,10.828301479781642,9.908786693319716,47.65371490977292,0.8528556052816226,0.19048381398858916,0.5924618882740581,1.181172385232397,150.43186209734597,29.712738332311584,85.74858826338648,172.80049144336502,-0.09420626422371524,0.0651093904152662,-0.1614995002746582,0.0168803334236145,138.58224321981422,42.29018142657282,59.74760834851763,176.2053517734174,1
0.07890132659084191,0.0045040304017255495,25.034459254751365,11.049039758540513,9.636256188540424,47.85004306299693,0.8543727138978616,0.1870236926389621,0.6022082797612276,1.1894529515078331,149.63539395488132,28.6355146159029,87.30353638186033,172.63012698721175,-0.0918181532031887,0.06471304190767177,-0.1587260067462921,0.0151572823524475,137.1804134213652,41.575666344911475,62.42031272072325,177.62336372021036,1
0.07965299998010905,0.004279281905432887,25.006426923744893,10.426110488653876,10.515582985355826,43.34660341423741,0.8212069304267027,0.18587899943840722,0.5898338008345555,1.138089597292798,150.83968966116075,27.784563438561772,86.55714525964756,171.98218308387158,-0.09693046382495332,0.062610248826019,-0.1613858938217163,0.0125791430473327,141.03650429794783,39.83881834500515,66.5850585247906,176.77955070238144,1
0.08058986618466993,0.004495438768591364,26.15033921025836,10.485432838361838,9.148968660022096,45.81812052184648,0.8160954742738034,0.15986232714158438,0.5780522724837571,1.0731061937232922,148.26350870239156,26.95210810931132,94.84010770835113,171.97676788824558,-0.08969662792008852,0.06263318155359653,-0.16043621301651,0.0126607418060302,136.3660950497343,40.74562864186356,63.66825531127496,176.7508199600092,1
0.07928986170075153,0.0041514012462987885,24.41564989490431,10.769699891210164,9.437305335091832,44.81744163869001,0.84942842924577,0.18823918049125726,0.5760198292700197,1.1782806822975491,150.3569845810442,29.53513869684275,85.95582944486893,172.39635869845108,-0.09381828645263052,0.0647530080620507,-0.1592321395874023,0.0173857808113098,138.57946486329365,42.33953994937876,60.35007946323539,175.9691799859885,1
0.07930570973290334,0.0036987028574274545,25.435212655677198,11.648940592453298,8.253277362106147,41.118788074859815,0.8544725437400886,0.1820088091878535,0.5949403083542176,1.1238635812594788,149.31084424326593,28.620384871650632,87.02711196200345,171.14957880166588,-0.09142549369070262,0.06420218285823856,-0.1580395102500915,0.0131351351737976,136.64087170563414,41.67494411197232,63.14088887050637,177.1598302518304,1
0.21367840721922102,0.00456038903377284,57.4592957380416,15.857935598502193,23.07029002647665,77.46686702986769,0.8776876644229602,0.09106609496260526,0.7465664258169328,1.0281405250354747,126.52745624699675,49.04887897986788,51.6877813949691,179.8348949108818,-0.09880056527425654,0.03725975160408852,-0.1338987350463867,-0.0291903018951416,142.61535499850638,38.35421579608497,75.2746326860338,179.81447192995574,1
0.21045260040359642,0.0061638899377600065,54.79262212277658,20.967032042090647,15.921326383756822,79.5643260678408,0.8975379388617234,0.10224207689988107,0.7588814692668974,1.0906821250009455,130.48302262654005,48.615736079528645,45.37971007153852,179.9964489773258,-0.10005226026054555,0.03810020570674575,-0.1364427804946899,-0.0134664177894592,144.2269101014242,38.822314613887606,63.85093540910732,179.96896937502413,1
0.20877625482777754,0.006901973175758374,61.44666844567015,17.42576128423583,25.488752893194945,80.25846181198217,0.9095455022477005,0.08298030371062587,0.7751443024095711,1.0506948219350605,121.39781536175394,45.50320877563242,51.725523026941005,179.85263712863363,-0.09295137474934256,0.03866119102632012,-0.1322264075279235,-0.0147144794464111,135.9646939176822,36.94297124323508,67.61593422356142,179.29962340859734,1
0.2096000237667814,0.006768310158165329,58.70087045064352,19.053405547728296,25.69481757522261,80.86881966166051,0.9169443459407715,0.08881015706876659,0.7692046906762546,1.098790740749673,127.64960279085635,43.82904854310568,53.29649668527063,179.7831183537955,-0.09801477193832393,0.03577754192983012,-0.13276207447052,-0.0223205685615539,143.7768941005434,34.77138028047743,75.58453616145535,179.91824714089682,1
0.21048275571243436,0.007119620800574022,58.272672845300804,19.06708758591294,20.130389721904585,79.53641282084716,0.8879323706663906,0.10421805547363039,0.7415745146965916,1.068844574906721,129.11800070544422,47.572474190505126,50.75448108456046,179.783548797977,-0.09735406730689251,0.039025835849390456,-0.1341726183891296,-0.0136088728904724,142.65386128389588,37.05276156191,66.17526944720275,179.9232143606318,1
0.2116653260730562,0.005791241085410226,55.36500148240166,20.492303854095788,11.817935208741437,79.27037660937363,0.901172116048876,0.10156080986893247,0.7438316408821313,1.073384811695997,126.00385853746658,48.05653901604127,49.04941824492961,179.90109547071037,-0.0965655514172145,0.04262566008800114,-0.1384764313697815,-0.0082361698150634,140.86774629217183,39.32810952002082,63.75049751016287,179.87844039401378,1
0.19400302727683252,0.006709736300260082,55.62405064042335,23.157689661978445,13.020490219352224,82.7521470829465,0.942033135055942,0.1335015465560194,0.7235052681864718,1.154342936574487,117.51290193987265,53.60173466436655,37.19655728008799,179.84114380068027,-0.08852346253996132,0.047255735276641786,-0.1379970908164978,0.0003586411476135,131.93152521555106,42.929368201134736,53.54403829024945,177.72751916173894,1
0.1874663297785446,0.004306220659515234,57.7742920786163,14.439028690816729,30.03997034457437,78.26367993097884,0.9119855754344219,0.10483109290070564,0.7648194426875564,1.1040897387237163,131.07020291695454,50.25668409324223,47.35486907003571,179.9975480456235,-0.09855859866365788,0.03521645109120354,-0.1310744285583496,-0.0253129005432128,143.40605019024036,37.48429400407427,73.91486561407459,179.14155178116218,1
0.18735037455145193,0.006009864199863277,58.94729420562146,16.802589228400763,23.905941436347234,79.063884139544,0.9398405215254348,0.1361023760373867,0.6962578830514657,1.1354588622074735,121.18360540617653,48.61435110290614,51.03477836254916,179.4836595474255,-0.09274518672300841,0.04029718535558222,-0.1334151625633239,-0.0159218311309814,139.77913115399338,38.08206129260267,70.87408432690042,179.94602910907656,1
0.19286156407204166,0.005877312872463678,55.080120208272795,19.92814736129548,17.873283475893093,80.74370994248437,0.8998781098036849,0.16077018325708392,0.6783920444770665,1.13485115435338,129.14234480855814,48.74812017700908,47.68117154467927,179.77640170727244,-0.09962235185606723,0.036831913428044545,-0.1323172450065612,-0.0220841169357299,146.3366049744454,35.34866358990588,73.49902509604946,179.8576622557549,1
0.19500288617945163,0.005323345589884927,58.96338917812057,15.140613864495192,36.09108317596299,80.23969964022231,0.9305964176407269,0.1458693777500317,0.7305343697089369,1.1721646018206306,128.92959618281938,48.03103453087014,50.168183882397706,179.9695408851065,-0.09871393999206682,0.036537144912630756,-0.131881296634674,-0.0221710801124572,147.05505587510422,33.52377892468511,79.54110562204848,179.71605116452076,1
0.2176495607484851,0.0052687910334761655,48.676848796225315,23.002750393473743,12.266320929290575,76.96617966216633,0.8662464410974393,0.09255250520777367,0.7341048344575554,1.0304819600173252,129.60208672249243,47.34863737770356,53.471940854907416,179.8420139784276,-0.09619488841608947,0.04220340890685426,-0.1338983178138733,-0.0148310661315917,143.2781430852028,39.15579182656236,70.6561700505086,179.81898101847224,1
0.19564100847180396,0.006159940192472521,55.011791349113324,20.142826823309804,18.764205926156933,80.13183318466746,0.9067907525856429,0.12466817924000505,0.7421703486360329,1.1046996361141987,128.4248813665553,47.59780107849988,48.90729150501991,179.978114918028,-0.09872166227017128,0.03815854122786803,-0.1326846480369568,-0.0153186917304992,145.6583128565921,37.117412480229945,69.92600070027203,179.8942613862664,1
0.20369288906818483,0.005241649372334136,55.024212503913255,13.568208444800407,26.51048065337048,81.71052199456325,0.8833579627649432,0.08632636000383581,0.7641985311269918,1.0583367240094812,137.4644572916668,49.26251056998935,42.81957308718552,179.5327756818209,-0.09982284637001469,0.03428979932085297,-0.1267011165618896,-0.0125327110290527,150.05685198896586,38.539262051175335,56.37071083708378,179.8979684172615,1
0.2058271565769292,0.006544684689657431,57.986681954032264,17.606972026839728,27.304722929427665,79.12181736073407,0.9202417367193035,0.06936474174589705,0.8072569089752452,1.071695692790972,122.54783598878325,46.59997474445086,42.38122300854173,179.51770701146586,-0.08923767412765111,0.0394623857335642,-0.1283588409423828,-0.0021370649337768,139.7345686187947,40.93284387844322,55.68786464510809,179.98762215098023,1
0.20581438426577717,0.007613971443854719,53.569401260601566,15.80844165952588,25.104081618634307,78.21018634339059,0.8782160121395793,0.05758345614998954,0.797669677813866,1.022889979420008,136.34476278200083,46.34488495227199,42.65753299926067,179.94363449025766,-0.0971926625715483,0.03702963039187993,-0.1259600520133972,0.0003625750541687,147.93042675700124,39.590218887522305,53.12981315409366,179.92972178513165,1
0.20971266679393435,0.00639452189506617,51.49499876833768,18.223274768245748,26.06625831998128,77.6637887276032,0.9172546144164636,0.08367709281685129,0.8095397034452008,1.0836331115722366,129.65860004692348,48.888701587719794,40.92226883571498,179.95703966759334,-0.09945671477364101,0.04060385302458175,-0.1317232847213745,-0.0033296942710876,147.72220039530225,40.18976388145481,58.21161832397284,179.96187316300393,1
0.21104889497699508,0.0075622396846160575,53.317965080290115,17.793707195436017,25.94836179940588,78.8445798350207,0.9181297180917397,0.08502922659491116,0.7733220518896265,1.0624926300238022,125.32408142089085,48.844555526760395,42.66441616903725,177.56248082893276,-0.09561924402972298,0.04137641600466677,-0.1298699975013733,-0.0041373968124389,143.81529501268764,40.94723217999639,59.81780544757672,179.94197383848882,1
0.2101923513085875,0.006144894285369212,54.894774826903905,17.71011975203868,24.242680793156484,78.27376957578336,0.9297480376607149,0.06955627823561997,0.8098512527084827,1.0546568981730973,118.38034595754418,47.98009531305066,42.73724234461438,177.83705196275451,-0.09224569470915071,0.04232811704745269,-0.1314432024955749,-0.0029319524765014,139.27445553102288,42.99335452367261,60.647771780765865,179.85325535002383,1
0.21537852574858748,0.008923837272591217,47.60345056777253,26.674841365613656,0.8768343424701669,81.07684905911908,0.8610801325772859,0.07737501481996849,0.7434107145778468,0.9943702720963788,128.49506925136518,46.7055248646943,47.538135185725686,179.6930177422164,-0.09773949677484074,0.03978410255351017,-0.1358774304389953,-0.0096020102500915,142.9954218871821,40.12620315304912,59.63004430104807,179.64360197795267,1
0.2177469382683436,0.007601143145694604,47.65645844288537,23.333019334335248,14.94585864163892,79.61569767612508,0.8459126194680615,0.07859962767345001,0.7429594932404349,1.0040798293976207,137.02876418451285,47.00501833464539,48.17158866218615,179.99601155659164,-0.10499104100560382,0.036184138980358535,-0.1332830190658569,-0.0171889662742614,148.42762462875498,38.55349043277524,63.17705940515262,179.9084664772118,1
0.21596325717189097,0.007013573856726506,50.28575243819784,24.015912076921662,15.173343600549368,79.03639993104181,0.8641102046803085,0.08589764033709794,0.7433073471336383,1.0208644063664345,129.0578881463598,47.95175510739415,49.30051917597798,179.85814998197876,-0.09683730385520238,0.03931692879766204,-0.130756676197052,-0.012431263923645,143.24492319500487,40.36811576590146,62.22005209560656,179.66105588963492,1
0.22518397116754937,0.005501881594195254,55.93565759210414,16.529579405514955,32.509545850704825,77.97153810057695,0.895094803964741,0.10696737344834717,0.7356771973898644,1.056895795356481,128.9038663399475,49.415110756878356,50.40190549662362,179.99905071081702,-0.10347276409779944,0.04419206622592264,-0.1416724324226379,-0.0151367783546447,142.6125988016829,39.97082754263261,68.08479769200018,179.96810709422252,1
0.22307739921451844,0.006580000070500117,58.581689412528064,16.817310687831167,30.33396767115369,78.45042622683934,0.9126757910885415,0.09073081420556953,0.7770134176838298,1.0912886658028988,121.99067932296838,47.338476580830786,48.66044711850236,178.33676879954143,-0.09948539426646279,0.04502319723232858,-0.1424592137336731,-0.0118538737297058,138.49587302866775,40.49062184554869,67.07188909830603,179.9059133925632,1
0.22164511639590656,0.006622261017375256,57.618678427839036,16.310924482070924,30.25465071021813,79.05636102368685,0.8881792221778548,0.0864089169128976,0.7548852648140961,1.0173685680779598,131.54189448895352,46.299593735840496,50.56795045738205,179.94173776115045,-0.10806763718981259,0.04047316193085474,-0.1422423720359802,-0.0177938938140869,144.97154114795467,37.56681177398791,69.6867127379825,179.96816516118918,1
0.22250885543014323,0.007226796063267847,56.499217392502196,19.75773589331331,16.965716278379762,79.37148508106385,0.901578470291695,0.09026146308694823,0.7746521167162714,1.0678649191219929,127.77337603857124,49.25117851920562,49.189896574581326,179.98116719563492,-0.1016965093357222,0.04690914993218885,-0.1439264416694641,-0.0077645778656005,140.12819306136242,40.13591652502399,67.66046056503305,179.79499351950344,1
0.04437501375612455,0.004616219425426847,20.322929131489435,4.687201440139619,10.512254703325532,29.337848002501644,0.5605931752005312,0.06863410138826626,0.4304078163036592,0.7541048677337447,140.44392920704888,25.076427443400558,100.23483953758436,170.0976696700935,-0.11271038337757708,0.049495621075215136,-0.1790191829204559,-0.0409614443778991,147.58949534917906,27.950180625569562,101.99318017042012,179.8949822834425,0
0.044793672349354954,0.004032672706456398,24.7231079724369,6.709303550591441,13.588533273303092,36.68169457030312,0.5412919885532762,0.06130109052297107,0.4126900208989237,0.7323834163348372,143.23283124119175,24.56495057655154,100.78200507396784,169.30600092245925,-0.11686621994188383,0.04908029499480008,-0.1779269278049469,-0.0392303466796875,149.9270958488006,27.896788185846944,100.88013715865932,179.80882987879943,0
0.08706000391042454,0.002894611628599134,22.16841607930911,15.07535906600547,3.987282356685031,50.187690101289725,0.7394269241928594,0.044590684854281526,0.6477583425886493,0.9412930833335424,155.28891339866223,28.27734880147443,98.32441951460808,179.994814996444,-0.10834627500120196,0.061312484105404325,-0.1743293106555938,-0.0033631324768066,146.68648758600065,37.12514026614241,76.95926745284734,179.99380569202688,0
0.06851179519696017,0.0032434518982755543,23.024689516124237,7.143166672307576,9.188177270385282,35.34973768953427,0.8149535913158906,0.19428978664415256,0.5616125164229284,1.09942528007139,159.56284137730512,14.091731092171102,130.75727898011232,173.17944563929672,-0.12459334686620906,0.04729920842429811,-0.1728620529174804,-0.0430761575698852,153.3237851695221,26.18596556842511,104.43518012753066,179.78881362413247,0
0.06599082855077887,0.003705803388943022,22.350290875321964,6.512213797086112,11.017173768060808,35.59719516367775,0.8948969897479344,0.2046517639965962,0.626280903314283,1.1786236414570384,159.32996008891374,14.728166350310076,126.60564513198942,172.2722374535772,-0.11654326319694516,0.048473934428718064,-0.171436607837677,-0.0283151865005493,148.45865049016726,28.819098529781208,92.75754294063616,177.81688016065922,0
0.0653961336612701,0.004747238231242385,20.958440577880904,6.844744573148046,11.000495859358224,39.463864361967325,0.8950558454367177,0.19510808719621844,0.6437647285333008,1.191424321576568,157.39140116673818,15.503483040254066,128.42229944158086,172.53304473547888,-0.11441481312115982,0.0488468605755668,-0.1687881648540496,-0.0341026782989501,145.91317190032558,29.48803613374421,94.93905185815449,177.33480008571107,0
0.06641528930734181,0.0036804906091772705,20.064700276552063,6.3171636908430715,10.730896691814126,34.64842924090209,0.9000124796019361,0.18248200985634624,0.6462257111821397,1.1869298122326712,159.78465359334538,12.780596336780325,135.17071693162336,172.29310716142766,-0.1196139945703394,0.04298712336348257,-0.1677562594413757,-0.0479176640510559,149.30403902303175,24.815001273389342,106.81403827677832,176.8741886565574,0
0.06623478459589403,0.003540455919054993,21.681776267956806,7.186223710444168,11.361277887371896,36.81898001533615,0.9198284481708073,0.18886389447331947,0.6660882045735155,1.1840328923328858,160.7720514071583,11.848894188332764,136.98841790674294,172.1496383544737,-0.12052993611855937,0.04336186476656543,-0.1659560203552246,-0.0461897850036621,149.2900114497393,24.164420621409384,105.95500153525396,175.16951442801286,0
0.0657474890351295,0.003450758478071608,20.837095006491793,7.117320776455842,8.747539751325808,38.34423141282901,0.9621608692413529,0.1975443843170383,0.6681271220848521,1.2330197471969877,158.53597364534303,12.533901503367108,134.5793664449851,173.42296513500182,-0.11101729671160375,0.04556733631037612,-0.1668280065059662,-0.0388292074203491,143.9953095052369,26.048572988363432,100.5154034575611,176.67606355139176,0
0.06640448362108257,0.004198087860956791,20.52930055114807,6.914348989319047,9.875282011468007,33.86668609752467,0.9167946809362223,0.18567503616285191,0.6675485576887065,1.1748209154962324,159.44955028893648,13.238285595809307,134.62270204003232,173.32897390774346,-0.11615178036311313,0.045196799723780864,-0.1657159328460693,-0.0434136390686035,147.1723746556234,26.54548680029696,102.8194190473488,176.25871499246185,0
0.06677868385468756,0.004182122177472339,19.786109228702653,6.629038654097546,9.561697879131748,34.86784630747995,0.9352560166687274,0.16329629476603105,0.6994994663609772,1.1753786191594895,160.1800073365341,12.623964363098276,136.13276587937156,172.61670169471356,-0.11770563308269744,0.043608205695493694,-0.1647226214408874,-0.0445824861526489,147.64449264934618,24.723945566318523,105.0423251646924,174.219276997281,0
0.06531984347563519,0.003432763662156463,18.86160501372894,5.389621034902852,9.40051368967064,30.247811583365937,0.9543320030041451,0.16576325208340956,0.7042004585256482,1.178652988973513,160.91864489762924,12.534962116690496,134.8602119660699,173.67840903059192,-0.116434044104356,0.04183598593931855,-0.1636371612548828,-0.0444968938827514,147.9531293639792,23.36771932511512,105.16668719513645,175.21432674805175,0
0.044225703336690556,0.003223239673845633,22.102205141248692,4.692738884479145,13.716930492253509,32.38722736401315,0.5083382260565892,0.082921185103161,0.3524119713362372,0.6825927022727009,142.304478923916,24.68235472487505,98.54968276396878,171.80469114685835,-0.11866948871236094,0.048153038317153535,-0.1794255077838897,-0.0416845083236694,151.3143229692841,27.49080618739672,100.13450412238451,179.93622883732087,0
0.06675811977155742,0.004271147249622457,19.950103679568834,6.690973093885987,9.260318045689228,37.58616028866801,0.924745832905379,0.1734782125562775,0.6062859688472875,1.16602740894413,160.12180545636994,12.57306812967536,135.85174645968513,172.44612641506836,-0.11799266165302642,0.043841117617355735,-0.1668126583099365,-0.0444498658180236,147.87918630875697,24.920668081301095,104.87362250640196,176.5570425531532,0
0.08860068421327426,0.006849758909378771,32.91071150649934,25.961821629647215,4.169664161933288,83.97029800263724,0.8305290227375037,0.05915047778943658,0.7242299613650802,0.9620019787119676,165.82769684355884,19.95134617379074,109.22160513457278,179.99814761809935,-0.1079032446136911,0.05747929649770842,-0.1681021451950073,-0.0066269636154174,152.80725361210386,31.81271586710466,86.87224037433326,179.98955188088257,0
0.08614714940388994,0.005806509697727257,34.84625664763274,24.22831654915606,3.5241897073658395,76.71058538152916,0.8094944411906222,0.05343053807668754,0.7250098635728646,0.9261399056898172,157.8189698879782,27.005961185715933,92.81096485280808,179.78662651082166,-0.10153700434972367,0.061549563829382425,-0.1751849353313446,0.0063453316688537,147.67253007779203,35.70525043698834,75.3428718250722,179.95203150428316,0
0.08626302654173834,0.004765274400774943,32.91858543124968,23.842905084705937,4.068583789452514,70.42470975426389,0.8018363529664378,0.05450274601070085,0.6983549172540475,0.9188387037605232,159.19384677120962,26.39677454107738,91.75669657899071,178.88804984076938,-0.10594617897894842,0.06243273407239289,-0.1748149394989013,0.0093784928321838,149.57604648910487,35.346861389797624,75.18937447456318,179.9784920828643,0
0.0864911442117173,0.004566589482090083,31.0340859396003,23.86203949082391,2.838648992021873,72.40773424585919,0.8045915345319484,0.05213844714384232,0.730421232267726,0.950423782905998,161.71424580933447,22.544077829259223,104.7312592287562,179.62049885500124,-0.1098347627377325,0.05981272902702507,-0.1750278770923614,-0.0001049041748046,151.78221382940916,33.16437799790722,84.62716331844189,179.78111535884665,0
0.08738007736206052,0.004676029998860165,30.15433691230044,24.1905033813243,2.307902318779341,72.04486348471657,0.802985434703416,0.062201198791573015,0.7132687331345635,0.985582094273964,165.3052414661255,20.03660669128163,113.590160528495,179.97628678844666,-0.11286645197868345,0.05785845123032803,-0.173766404390335,-0.0047498345375061,154.9081230305056,31.921339487260134,84.69408027752111,179.9987838013139,0
0.08564847207069394,0.003999084749874742,34.26484112731049,25.230875579391125,2.055469260866714,73.94964417022038,0.8033417028772969,0.05854409993831766,0.7069277657045854,0.9700915880312004,166.8845717393511,15.4212953982652,131.00802203990054,179.89614023443897,-0.11300120019912717,0.051515533794446886,-0.1721456050872802,-0.0156440734863281,156.29809343906737,26.222964818666263,97.4583479000994,179.77245835157055,0
0.08709720320945233,0.002968061379029603,31.930268739528387,26.550920866727214,3.4007058977278657,72.88258735682126,0.7707358106000691,0.03460290116399437,0.7166840296165067,0.8842537016659767,167.12364561902422,15.745624907964762,134.51744512568845,179.6327888172797,-0.11945594553529776,0.05405533696005434,-0.1769411861896515,-0.0189353227615356,158.79282509205646,26.112464634933588,104.09928925274332,179.9389046881784,0
0.08883681457217144,0.004103609718746126,32.317309156879524,23.757739098158122,3.614424237085736,70.21694610695177,0.7975103044332829,0.047292184476979825,0.7204731570029558,0.8879730700702672,167.8244858800085,15.03798690042109,133.7116727833793,179.44861188036788,-0.11614929999762431,0.05410123091629578,-0.1774478256702423,-0.0118975639343261,157.37456112194334,27.096801767863507,94.72384210037288,179.96274621460654,0
0.08921791210661834,0.006621424744548223,34.66633821509865,27.020301949391925,3.1035552815493874,72.96557070774449,0.7864312977615898,0.058749485819787395,0.7024053183071024,0.97819992725031,168.31146082263,14.66825853837087,129.6759523902569,179.98230900657688,-0.1169032521926573,0.053327849284182084,-0.1769932210445404,-0.0127418637275695,158.44067057714253,25.320530651197064,98.02970523497102,179.9372938240297,0
0.0433653320174619,0.00511313313297654,22.341392116812823,5.150813214217851,12.333116052206153,30.303391276353228,0.5627945882690965,0.08374496292802674,0.3680466095268886,0.768632541041905,142.7515413808122,26.33624053826919,94.531796871346,169.92708451317782,-0.11869131908359294,0.05210805032388999,-0.1824114024639129,-0.0326100587844848,149.65347447593646,30.019290560461283,94.58835848197428,179.27794444816524,0
0.08708346744670584,0.0030095040409370746,33.98120603577578,25.366257115621114,1.882870048888725,70.43197396662812,0.7706376570796986,0.050775053784019794,0.6899830878725953,0.912791329475923,166.6681294533913,13.840441941659797,139.48890639863697,179.95841444892486,-0.1157917704652337,0.05269647154918625,-0.1730716228485107,-0.0206086635589599,157.68066147884647,25.856121125524393,104.88249709074567,179.9286799977228,0
0.08147762436419723,0.002650662198684493,27.913774618739012,14.034512383116146,2.775296512990716,51.21085226994508,0.8130955280705423,0.11463293723730508,0.5094620455028706,0.9999595094508624,146.09116706948612,30.881510413855732,93.87738104544376,179.90568899341656,-0.07540795626118778,0.05908792321948545,-0.1712144017219543,0.0058012604713439,133.4186477711976,39.629353794233005,71.36158591326404,178.36742411759917,0
0.08254821690229265,0.0020080523747430575,27.853141749736402,15.038047886950567,2.5809950589638846,52.05263493273186,0.769032758079462,0.12683807143347234,0.3831230574230754,0.9985502592398589,150.03689849586786,28.008499186676175,99.24702041391134,179.86838926950003,-0.0900730165151449,0.060096206685320695,-0.175707995891571,0.0027463436126708,141.952172572052,36.29644445497316,75.14291104202492,179.27170053733758,0
0.08319740896382603,0.0023835022283174062,27.944013299832967,15.346879445516782,3.0949390576312483,52.45940021611477,0.7659470542725804,0.09800534821209111,0.4778584071540586,0.9228489167998928,153.38125634771623,25.966792652105184,102.41908843435662,179.9858921431959,-0.09501101680038386,0.056201068697423195,-0.1730656027793884,-0.0017712116241455,146.05888517022237,32.33679907212307,79.88445629537112,179.05521431049766,0
0.08286505272565792,0.00295340728981538,27.802517159750728,15.473829085417806,2.9652949948205043,49.92885323561663,0.7832466332199999,0.0852368507047249,0.5264595876794829,0.926645461445674,154.18758473767164,25.846501924228274,111.3823807276619,179.9354231912883,-0.09210800016221918,0.05958051818867573,-0.1688200533390045,-0.003254234790802,143.6136824616894,35.76993182723697,82.37781239947498,179.96478094367768,0
0.08430876030075932,0.002966238765953319,28.024994459186516,14.714721012254381,4.53242180726515,50.04774149643619,0.7717370184886865,0.08537893949264067,0.5168717874284914,0.921605146189561,150.56272553752885,29.459738710441368,89.19884377846496,179.88511694515472,-0.08967639770238628,0.06198689828937291,-0.172550231218338,0.0102841258049011,140.7507926379958,37.139927450680645,68.42600177700845,179.94569661156308,0
0.08454914021492002,0.0032465191189319513,28.888350104788813,17.42846274089056,2.1353089227333077,60.810871404184496,0.7272228835024835,0.1105414006833023,0.3818064868379137,0.8762755301329784,150.12210501011498,30.193780882873355,93.24654575454775,179.92110897914472,-0.0974945726394653,0.06059484372579761,-0.1760708689689636,0.0027639269828796,145.72569649286163,35.722182527616226,75.57410003266692,179.55032126535727,0
0.08389556543393564,0.0030515811344088237,28.68608799879303,15.34909217818873,1.2099486186652633,53.840307142862144,0.724522619125265,0.11674714039720478,0.3097443266122104,0.8751659980190806,144.40292182450884,31.822079642086575,90.2511059226063,179.97469940881555,-0.08531845699657091,0.06574657216881259,-0.1736479997634887,0.0116738080978393,136.8670439074649,42.07388875146705,66.62135708608514,179.65218251151956,0
0.08510380872149963,0.0017970434608731724,26.299893827347347,15.78628207160638,2.252490979622649,51.954773473054274,0.7171967843862003,0.11028199690444772,0.3520406903946421,0.8837169486729091,149.71918685119132,31.226428841611067,86.93789484493618,179.5915894245337,-0.09872607864550688,0.06494811637930675,-0.1741935014724731,0.008068561553955,145.11827586971722,38.54392590025554,72.14247485521882,179.80982636033048,0
0.08385814340026286,0.0025223059554952357,26.624610198235228,14.218928819770705,4.698863751394125,50.9380243825387,0.7464733330040626,0.1227141118824005,0.3765872407258879,0.9451610934491808,150.19448304690627,29.085719883100253,96.01678529862822,179.7240847569737,-0.09504713614781694,0.06654350182641056,-0.1780265271663665,0.0083043575286865,141.7585411097266,40.141424269631756,70.84173753855181,179.70964662659367,0
0.04333172071921193,0.003990624849958526,22.894016526206247,4.721124209043832,12.705682224405734,32.155538058705204,0.5026326617090651,0.06853078977768914,0.3384660234452523,0.6526440305511524,140.4937701631715,27.36831086183473,94.34772780812511,170.86056699628483,-0.11456354315343652,0.05221380659169499,-0.1788097620010376,-0.0339635014533996,148.43606196684573,30.771739622600187,96.40102965745436,179.978256700032,0
0.08366242118857121,0.002953039805852419,28.831995701570328,15.461825966737887,1.6979682448056046,54.92646648465868,0.7253710170254343,0.11314240304237737,0.3840761226242559,0.8762971718577965,144.45383040572995,31.772916020352785,89.96113378583252,179.9537733651708,-0.08453392576087602,0.06498831937638763,-0.1736164987087249,0.0109148025512695,136.64265175856582,41.96156774789966,67.16269638665091,179.9341464812245,0
0.05776655602455135,0.005792792064640959,26.13057775741954,6.570634778567802,10.62881833154679,37.33249532289678,0.8204847384150284,0.18122221401006378,0.5711600119211634,1.1306595225046994,145.63890318199512,30.604613601466948,86.97003234263742,175.37973627566433,-0.10320549368858335,0.061217981638206874,-0.1746310591697693,-0.017130434513092,138.21811751522296,40.03771771768215,75.8874069158267,179.98663221291974,0
0.05759240470769747,0.005859387098285458,24.8458868622174,5.994779649627473,14.37083160667793,39.47416551098819,0.7877116891522525,0.15996333399995122,0.5238318382310242,1.145671476437235,140.39687801899916,34.99056146235688,73.40229488470665,172.65505925864298,-0.09877053517421691,0.06269755527618717,-0.1745246648788452,-0.0042799711227416,134.08181416903412,43.09733131809257,61.842009049706384,179.9017419828705,0
0.05813637927726458,0.0059849705121349395,26.648428882035397,7.343718756871087,14.405013924807362,41.34633159215969,0.884081740925929,0.20974602405615062,0.5915568382958094,1.3063806051231686,139.9069954686052,37.516665855916884,71.81280235531446,172.75318435225094,-0.09215807230384258,0.06811938656437382,-0.1699024736881256,0.0059043169021606,131.6043053781915,45.64449374548343,59.60864021770052,179.52106331884372,0
0.058962534314819716,0.0051494510992829545,24.898706006961643,6.47586471493871,13.509744351837474,39.8913911761548,0.9355775950956963,0.2194716010465474,0.5955936184729071,1.2526597686656884,142.5803210071624,34.26900462489166,69.29312173024394,172.401736636901,-0.08988425587969164,0.0655213039862219,-0.1674392819404602,0.0124534964561462,130.74949862289128,43.447599026403715,58.89440900833275,178.33179670770042,0
0.0586418328715152,0.005216260178899227,25.028434270039245,7.046947170323649,13.192415212778576,42.77074998195942,0.8204765130442424,0.18932179025692442,0.5989410636856964,1.3054501881482323,142.01994958087332,33.17585183823856,71.9705981873276,172.93151250766826,-0.09876795332939897,0.06461748697019337,-0.1703117191791534,0.0129091739654541,135.01548656079743,42.55169272205281,57.0604811098458,178.25176554990156,0
0.05811828283163213,0.0036098509520423065,24.930699697815236,6.137952041115419,14.680782537871703,39.534317510125305,0.7851917009854226,0.17284794945153695,0.5811224776865257,1.1391192424381722,144.78664568534313,31.207848468837014,73.10487930670004,170.7064565528397,-0.10405486065607801,0.061483803677017224,-0.1684088706970214,0.0048362016677856,139.24504219976154,40.95452121266174,62.822224906592815,177.88020079771326,0
0.05668657866574945,0.004076243282155231,25.78457018825167,7.0072751886883,12.886406657749228,43.11647614967481,0.8372470982227851,0.1824194842114268,0.6171281108324232,1.1477773461078105,142.70665984185436,31.35439952443283,78.4393720139459,171.6612322193673,-0.09805128912804488,0.06186142173407919,-0.1684450209140777,0.002884030342102,134.37096997706917,41.741224995678905,59.360285264948175,177.38243514056043,0
0.056397382952585895,0.005493546637978855,25.890574324828936,6.767321447174464,13.839857323403058,41.3396764148833,0.8460867017946226,0.17468787966627256,0.6430704043579878,1.2005474646955692,138.4001117894142,35.43122030154562,63.51872354808828,172.31835097999206,-0.09069823943266345,0.06466396592068123,-0.1693480014801025,0.008057415485382,129.23660089226715,43.86426168832382,55.19628957821608,177.7339195042681,0
0.05677903141857173,0.0049900553062141575,26.282584847318386,6.1121760974431005,14.00457078164668,42.54593219941219,0.7998790649593606,0.19341242310471543,0.5466943985872887,1.2012335112274697,141.99083007878022,32.87682296850781,71.00027263103507,171.81297650668284,-0.09557792766035093,0.061229121025958295,-0.1682084202766418,-0.0019446611404418,134.1180904816131,42.020312420495685,62.227685499684405,178.8904891279136,0
0.04549040288141324,0.003866012725022129,23.938018943188087,6.665276225389928,13.507755857640545,36.49824158174662,0.5456218494671157,0.05840942762767835,0.4470901392831464,0.7140037261261519,143.2680624534986,24.687066398773887,99.32198188988374,170.60827015883828,-0.11583638966900024,0.04756425768440886,-0.173023909330368,-0.0404518246650695,149.85004237529384,27.677183761154527,102.17791112772328,179.91332747514647,0
0.058091421081469564,0.0037119512364343155,24.568059131974874,6.015580533899352,14.449389862867054,38.49559581386173,0.7836413955548513,0.17740513548433084,0.5288109091024894,1.138600365444934,144.89884713473324,31.065632105675334,74.82646763419665,170.87939874179563,-0.10445552514149588,0.06141593853293625,-0.1712023615837097,0.0048397183418273,139.46210814442088,40.953070491730884,62.80601386698353,179.5798171907365,0
0.07768470805082743,0.0028243875079000903,19.54106757273113,12.537974155369358,1.6838128695097636,39.130262949612735,0.8022980592402612,0.03551493127734253,0.7384841595308417,0.8584083794312494,167.1561913342487,13.54176831762317,139.39263552467844,179.72932580074695,-0.12158817453170888,0.03782930965807755,-0.1591670513153076,-0.0505877137184143,162.8755220285814,18.88865350092949,122.78143702843984,179.64971630428923,0
0.07936143957906294,0.0027632437290266974,24.27989726904262,19.351279784622992,1.5049732380497596,55.410599155348,0.7812981761184786,0.05695913401191418,0.6468860621703274,0.8803253361405832,170.28199678560134,11.429835399847194,145.62418271779046,179.9922042004038,-0.1285401152239905,0.03233069649788284,-0.1658184230327606,-0.0567588210105896,166.46438893572505,13.175469865738433,133.2747373237953,178.48379070319712,0
0.07856552653452925,0.0021708488222613705,21.15315956254637,14.394451451680569,1.0213971401801687,45.34502060156024,0.7751414420419116,0.04925128525299182,0.6834293766613645,0.8683536642902929,170.54765589352596,10.75581962020313,149.1739768351788,179.97586787036377,-0.1254864181665813,0.03275336072410342,-0.1629096269607544,-0.0563924312591552,166.37009590529118,13.268331014311018,134.59674857473993,178.2217822215451,0
0.0766196154779003,0.0034924959593481608,18.206355011258694,12.174483238564322,1.046131696390062,40.89424019342589,0.80625413780313,0.04369283411071738,0.7194364510344982,0.9202076531079308,166.71772396316337,13.85617501785235,142.53443391623156,179.7860084503366,-0.10978869228593761,0.0427536874605569,-0.161705195903778,-0.0419838428497314,159.12677717322705,19.947495756310985,122.3705798615144,179.1263681488519,0
0.07663236217839373,0.0031936345507389964,18.815976589850557,14.187835587769666,0.8993022226897233,48.89484602020594,0.7759488120478534,0.03588894016162552,0.7136509412616996,0.8588278506445804,168.5798511132833,11.538829719497828,146.78606751768126,179.97339913526758,-0.12026028292519701,0.040594858170668546,-0.1640417575836181,-0.0429103970527648,163.04267419726708,17.8919548138237,125.67709496094746,179.35340630313837,0
0.07977152367432908,0.002517276229979699,25.48537048152669,17.413841526315192,1.9821903061748376,54.11034914604841,0.746256688261894,0.035552272279546944,0.6126064387552355,0.8027283606777821,165.39863800702568,14.702915074064887,135.54210991348756,179.9645220007883,-0.11825491984685257,0.040258502625892534,-0.1702280342578888,-0.0402477979660034,161.451703876816,19.464297570124202,120.93145747796925,179.59183115210487,0
0.08193100210446028,0.002834238295147546,24.809860849015127,17.016585582668487,3.1837905076867035,55.16420370157711,0.7330993196100766,0.043885337163765734,0.582640538709607,0.8106092131913005,169.0180298845239,12.031653349726232,145.71506687144284,179.97150271850103,-0.12862063966580287,0.03940338162052635,-0.1769323647022247,-0.0472549796104431,166.0268717865043,16.0380811632697,127.51507844159212,179.96763631201233,0
0.07993217991359196,0.001940893047266569,21.411103749475654,15.771116449737907,1.8672159429159405,50.699680677587935,0.7276798978001547,0.04694439881507885,0.6037933999864173,0.8255611679535768,169.30848509022505,11.914983378598208,144.05967472402185,179.99742212707235,-0.12775935032474456,0.03925938074806284,-0.1746386885643005,-0.0506348013877868,167.14642362086119,14.709715057461835,131.89591559566563,179.28282091190033,0
0.0804293852456858,0.002840069923437609,18.361004761276774,13.3123636245505,3.261492212901722,43.47735139413554,0.7374956341527245,0.024394108982386895,0.6931082061421602,0.7870875637229898,170.14761422065007,11.092642247641068,147.0109919279818,179.9799094370821,-0.12529113720840127,0.03930769736368817,-0.1681176424026489,-0.0468171834945678,166.7633940484064,16.11106747462602,129.3440922060886,179.98110448448867,0
0.04424656339381866,0.004820723612158268,23.381767005819835,5.524212278871504,13.442851022232514,33.43967996289041,0.5552866868783158,0.05576173480174535,0.3906125215446453,0.6624843894466708,143.3303362664984,26.007167211650845,96.89515944963296,169.88356941688463,-0.11700782650395439,0.05113080123304271,-0.1756068468093872,-0.0362228155136108,149.81193811690875,29.06822934472498,97.98433575950833,178.82394268115672,0
0.08167970714284409,0.002135964870222931,24.695761366808025,17.38607719160213,2.881257279211674,56.39192709469482,0.7309873476352371,0.04830753935731158,0.5980233829194357,0.8314855129104897,168.9012891121701,12.023358383589104,144.50420290651329,179.96267626793596,-0.12875259589793073,0.03821785197157132,-0.1732627749443054,-0.0526698231697082,166.27200936041473,15.698920350521462,130.43511723654964,179.8783176223209,0
0.07129060633872682,0.011738313135496784,24.28912052494125,12.866029330854428,2.735142688307897,43.97096705171924,0.6072549254092866,0.7634740928491196,0.0311131609738828,7.041572898850782,152.35026200091667,23.400184762006898,102.10301644844346,179.172936702284,-0.11964883537668926,0.036939025753870834,-0.1690500974655151,-0.0445135831832885,162.88761704312762,16.390964660360556,122.49578612215396,179.98726246810915,0
0.06788490165638014,0.016677861446835467,20.333150429014207,13.394538152259459,2.8167512693010752,41.79284002041135,0.6170488929091431,0.2761579607593123,0.1110466284958403,2.721864185274305,156.31915351063068,24.170902202094325,94.63759323935204,179.60360779225937,-0.12793583998197236,0.03852168163360997,-0.1720778942108154,-0.0402052998542785,162.3219499388914,19.817404604733103,114.08224036031564,179.91941842174782,0
0.06834061365378526,0.01514047558420119,20.877276717660205,12.000940920281952,2.191030098362761,40.467990725268415,0.5762012828349409,0.20111403375548795,0.0854161131887819,1.2872341872635304,156.092310523659,25.63352337780886,97.51690555002403,179.95550673998534,-0.1312215790936821,0.032922258969322424,-0.1695294678211212,-0.061471939086914,164.92316893442364,18.051314168308227,125.29449577867813,179.9659830303168,0
0.07039114413127091,0.011110014103770601,21.8066101447611,12.399570006299099,1.833424871903769,41.67939230237114,0.5200547847991299,0.1906343086590749,0.0401185477695103,0.7250923026006889,156.28324829734802,23.341232741014057,113.95083254973684,179.8066450031442,-0.12901641617358564,0.03295434887490803,-0.1723898649215698,-0.0657243728637695,166.21371108993873,14.820967881816166,131.11306391788665,179.9698437826419,0
0.07594006926548186,0.008891040689731624,20.462952309970504,12.372892743638412,1.750395733743617,42.29558500093037,0.6011025530478032,0.15494085209904068,0.0586994693219403,0.7539842745793255,160.67699284461725,21.891519738148702,105.48406253174952,179.98988867214945,-0.1336818068492703,0.0346788085457767,-0.1719858348369598,-0.0519789457321167,166.5375213950175,15.407601292727714,127.8502211091353,179.9768281290678,0
0.07485959705184482,0.004786884950711172,18.804129834372475,11.989415456667725,3.112171760755638,40.64318773822042,0.6278247210879472,0.12570475199072315,0.355689630493569,0.7458970219927122,161.97408320876232,20.950510793606217,110.37034742461658,179.99788458320563,-0.12961573600769039,0.04093528042882789,-0.1752769649028778,-0.0468544960021972,164.68493103067067,18.88787054621458,119.34300663538416,179.9514157281749,0
0.06968027843704704,0.01625977277341016,19.600282213949587,12.255163136851932,3.218708576495663,41.20642389967241,0.5811402598536806,0.16276502671439744,0.1743090521673901,0.775190330947692,160.30409723226333,22.768384309081135,102.00363385666633,179.9857587990558,-0.1385506312303905,0.03417097340484398,-0.1773357093334198,-0.0716412663459777,167.0123077473381,14.987257618546677,133.55177604032033,179.79426262525533,0
0.07059646793353701,0.015855200110604005,17.999698731481438,11.217390812389855,3.983945251431095,39.72322725019308,0.5884206160202508,0.16574537004906165,0.1190807587425663,0.7869686547165631,161.03301943796112,23.72012221982194,102.06638956970978,179.95150458835275,-0.1457964796342967,0.031187766650804354,-0.1754136383533477,-0.0787939429283142,168.08974541681783,14.856297587876483,129.0925088187738,179.95778720650023,0
0.07605568374075536,0.010936991538308601,20.408335181212724,12.313972697864568,1.7543467838819384,39.967097004505554,0.6082207085019148,0.1326435839901185,0.1953841592046199,0.9487990278809154,161.02223785599463,21.51796041246432,107.95920876382516,179.9394340217689,-0.13417764880308286,0.0327983782647984,-0.1693667471408844,-0.06351238489151,166.84904600221364,14.273703677836789,134.81997684020527,179.9791436518662,0
0.04508870526363971,0.0037208748971746157,23.48424499879219,5.707539460808624,12.36979477208081,35.42904053898084,0.5211121117511572,0.05789945349471337,0.3646540380681892,0.6502954519396467,141.35844526596884,26.496511115086136,94.42844400606116,170.77481553333496,-0.1161838071910958,0.0502325158987751,-0.1746410131454467,-0.0380235314369201,149.06480745685798,29.048758573408936,99.78007073360084,179.76618037941466,0
0.07221773392717601,0.014398683473552545,21.462585926813848,12.415642708532143,2.5183580472517733,41.27807295549843,0.5244121721471063,0.1788004116461702,0.053297705494113,0.716459615284702,156.91361785365908,22.63693404056784,116.26147508911164,179.8264167720541,-0.12868373494752697,0.03275753131421148,-0.1706341803073883,-0.0669927597045898,166.75661364373283,13.40074818709374,137.97274880196832,179.81196679514375,0
0.07026550203561778,0.004558125652128165,24.743808547630042,7.278801547154292,9.893055262444507,39.31789937312585,0.9118668570078725,0.21155666092742598,0.5686198968042322,1.1955056244486657,137.436124982164,42.49380660538779,53.22415093897887,174.53526936256944,-0.0848317340016365,0.07242210016456989,-0.1698063611984253,0.0253837704658508,125.05827578670507,50.40758306046891,41.89773249645948,179.9687433885405,0
0.07173176982381319,0.004269563121379057,23.67262409652436,6.002386759843683,11.05531752362428,38.80480491758225,0.8899797218043677,0.19211015285782077,0.6058223382271207,1.1706477763599696,137.76313069658153,44.70745353568193,54.43382699593969,175.10427005903648,-0.08853708784859458,0.0786453948082465,-0.1726551055908203,0.0332458615303039,126.40355049594612,53.420989935915124,37.7832376565097,179.21459817410235,0
0.07255624234676357,0.006634682153605,22.037724099980338,5.849919438438859,10.693604972871368,35.65462418603051,0.9122496158865026,0.180523893380762,0.6460583100189916,1.176393258345612,139.96711018828992,40.695738235233485,58.36051389924805,175.85415147319964,-0.08759874373674391,0.07503526961796708,-0.1743912100791931,0.029535949230194,125.62092982092227,50.82535091247706,39.04237748847788,178.36993006234889,0
0.07182531590972623,0.005446233186800217,27.52670380387235,8.433589269696506,12.109037760530006,45.8875447299905,0.8760818890101627,0.18413803946782462,0.6189944905421716,1.187023538434621,141.52867313218266,39.24896572395231,51.297053796684125,175.25524605811495,-0.09085782138364652,0.07107705414704057,-0.1700980365276336,0.0299853682518005,129.25208146898947,48.471603878236856,39.01148029638141,178.8101820667897,0
0.0735585233613626,0.008116199783336464,24.25338000683264,6.842374109986516,9.096012382215742,38.58201073015732,0.8515124596026191,0.22094733428046723,0.5905554836049481,1.1926917933281715,143.5264515038264,41.83573844931779,49.37023435123465,174.67830433117877,-0.10025283649786194,0.07780653805108577,-0.1784746944904327,0.0311036109924316,134.37090645780853,51.4992916518264,41.632447849980174,179.97595125265744,0
0.07186403071008074,0.00929190073654821,24.388527084420172,6.348108520314978,9.60651475885767,36.65883579439621,0.8686636035713362,0.18958468670680378,0.6145372074283764,1.1357956966217353,138.6245698569865,44.45138455957158,46.97744136905197,174.6124980275384,-0.08904045723318081,0.0779518606008441,-0.1708833277225494,0.0376771688461303,128.72523668871725,52.100079240241186,37.61223586327775,178.99759217430233,0
0.06830253485029773,0.008979712814655785,23.999183180647943,6.5977734131100725,10.787575371338418,38.0650830641227,0.928554702789227,0.21770909460635418,0.6169569614355679,1.2902973733697702,132.59644645707553,48.680278695478904,40.03601433867323,174.50586493759627,-0.07773402834360578,0.07924126514089648,-0.1726129949092865,0.0455327630043029,121.1326914129733,54.83728657104281,30.29967607442836,179.4984273493042,0
0.07226112772498211,0.006677543774088413,23.523913856641062,5.911685069651276,10.824034007328509,36.770594655385366,0.8590664751974078,0.20113220999301523,0.5891399930579151,1.1827879072240446,141.47618345797267,43.40611862063605,42.42060653604975,174.22133965193814,-0.09536624529905487,0.07541958894296923,-0.173569917678833,0.0427959561347961,132.85244016025078,50.76349267664566,35.634304516850634,179.47739467373648,0
0.04511309728810657,0.003507210019790766,25.248620504098774,5.876622852261313,12.147067189086265,36.88129863410399,0.5198102265835318,0.07555456981298307,0.368117506410796,0.6920319464868836,140.76097889225412,25.653411105158778,94.60821597661992,170.46551578212,-0.11127585329507524,0.050002587121693344,-0.1739492416381836,-0.0369479656219482,148.3470612545988,28.843798719232826,100.69246393054958,179.94707266426988,0
0.07144215196371075,0.00569602038543187,21.56563694194131,6.25679076146669,9.397479241146748,35.45745242867238,0.9143910543444257,0.1761517535958095,0.6630159084262544,1.167080921976834,139.80220143225904,40.70860797481634,57.91678985486538,174.61910115955823,-0.08654283463954922,0.07389905650457061,-0.1694138646125793,0.0291118025779724,125.34290477040403,50.508731193138665,39.526571794408405,177.22269743832155,0
0.07155847293989995,0.003236755944122974,31.57078937359078,11.576245836517908,10.692714056273354,55.99549760209575,0.8515257228290084,0.19791887218316465,0.5783324355483949,1.192399933820726,141.17000392142754,39.172879136096924,67.39207619213674,172.14195329699095,-0.08662986521209987,0.07115959262483072,-0.1659564673900604,0.0239728093147277,133.17640958115956,46.25391066037497,59.02106058541634,179.46912201814732,0
0.07357789032362598,0.005182535834139637,29.0714833517717,9.190104911644863,11.420127004065314,46.09997712473192,0.8326349743328574,0.20843606453769375,0.5378915877969974,1.1471084463154193,141.20738180919153,43.06640525939526,51.70365670639156,173.04960826182986,-0.09226590817844546,0.07560114894258362,-0.1718788743019104,0.0397364497184753,134.58509087539437,48.96526608478106,47.08205719882052,179.9683432466167,0
0.07192666505379647,0.003952546620104926,34.34058873528146,13.471425588575151,10.117535631226234,69.39267475353023,0.8285964407240489,0.22998243654165576,0.5249108269355409,1.146968198915028,143.9618010449951,39.06930977465832,62.46880192074115,173.00319453111334,-0.09498482911044327,0.07316484970152287,-0.1696887612342834,0.0217733979225158,137.44186633516648,46.76885888188485,55.77329877729213,179.9973573377526,0
0.07256267460665304,0.004579475363045375,32.04444534378651,12.161472918224932,11.04277511259484,61.02921101543979,0.8641823819367396,0.19766132892252547,0.5227086979832081,1.151505131161635,143.81146032069398,33.6154741303547,85.77826464250425,173.1648686560393,-0.0837749776087309,0.07017962219275686,-0.170926958322525,0.0177184343338012,131.48524226202474,45.16213971869371,63.65058952587796,179.91608582902612,0
0.07206186056137083,0.005323185006081372,30.88979444230661,11.872670034340471,11.03892712662334,58.40062890669887,0.8422628207156353,0.1826677196958226,0.5709588379181078,1.1206378511355155,139.7568257901452,40.78894407332002,56.12499486764561,173.14719969109453,-0.08563405105045861,0.07294455240636147,-0.165396511554718,0.0230641961097717,131.83940692960485,46.91763085955746,55.326481988728695,178.70922921085176,0
0.07207434876211755,0.005410745510449418,34.98177598127264,16.256798165591622,11.55055786963136,69.02236757244613,0.8936726980890034,0.1917882235257199,0.5988248435624893,1.1616334796487524,143.9996360255067,34.91439097596489,69.18100019472216,173.48533455211847,-0.08072732132056662,0.06707741877659887,-0.1626038253307342,0.0181570053100585,131.20097320958934,44.059948547516406,58.71087045491885,179.9405134474833,0
0.07296734123394402,0.005273882937186762,33.78787134852051,15.511113185686085,9.956598496703055,68.2282195279101,0.8555625848295985,0.1721166342081566,0.584888157587269,1.101243374618637,144.84828119981117,35.27556468026399,67.5332920371497,173.96506292163042,-0.08427801563821988,0.06957547097349506,-0.1661083102226257,0.0232570171356201,132.7412067634711,44.9729924427644,59.43084342270748,179.8793968961921,0
0.07303004583021748,0.006111418513005162,33.41354236663863,14.758990510360624,10.706807465576274,68.99572811908517,0.8703054484867043,0.19114730988277404,0.5838477111574604,1.129583465425028,145.21170106923196,34.965554391678744,69.19541589717421,173.75095642725535,-0.08542184408446,0.06994135604382042,-0.1691195964813232,0.0243370532989501,133.72275486076873,45.17424472530375,55.872538809168766,179.91321583954917,0
0.07196801216875917,0.005021133439384398,33.284003880534854,14.649291302185425,12.735552840243178,66.38763695048728,0.8581584573976457,0.1775680901358856,0.5834928064188878,1.13231079367905,144.58390395701232,33.97047388148653,74.38385888093269,173.3682239446002,-0.08285992091796435,0.06875383754171843,-0.1666168570518493,0.0215540528297424,132.0972981033487,44.07285181682188,60.35848063935342,179.78181469913625,0
0.045393990564949874,0.004335344197999679,23.64645935848765,6.491228421087655,12.520560082923074,37.90434913567402,0.5333745418673164,0.06955794058572952,0.4010522308955608,0.6643317982791532,142.46026790053776,26.076504336389394,95.61304084438504,169.51787288358054,-0.11643459261218199,0.05009536418903546,-0.1713250577449798,-0.0367234945297241,149.6433245222928,30.23013289675078,96.78252951159874,179.99019238252038,0
0.07216066256501617,0.00552927944664786,32.671878381101095,15.564731176806383,11.116033337661516,69.66707714644276,0.8712899303533015,0.18985734782356614,0.5641991131965716,1.136965395402745,145.2516910989021,34.84543675883715,70.21324631934343,173.77440255238471,-0.08555487537742555,0.07005754575777691,-0.1687686741352081,0.023864209651947,133.66559753035682,45.03472096835466,56.47825635549466,179.9126979054354,0
0.08415982127189633,0.004290283646459348,26.877402058290116,12.65690863934618,5.595719975734766,44.63609728687912,0.8105892910094594,0.048547149656456255,0.6939535074300699,0.9233178255653888,142.49968585419307,31.003306335249732,87.19924618902773,179.804215356745,-0.07936511629993473,0.06009373942496709,-0.1635435223579406,0.0036579966545104,127.91443138470814,41.02716707107355,65.60260623237656,179.11489930121738,0
0.08169745414886831,0.00267067969748077,23.68721108729391,15.470150667927848,2.8459723054769333,49.6796352826163,0.7802465402761596,0.038606925532267605,0.6448129562043796,0.8477484186116159,155.1701718333448,27.110309211567497,101.20603745815336,179.9530378783387,-0.10403078597671578,0.0552621534055026,-0.168235957622528,-0.0083441734313964,146.2861707001851,34.66574796482955,79.62142398094157,179.7537952674256,0
0.08470397749367879,0.004185078818781653,25.972665363064838,16.137002525518405,2.05403443173901,52.78495583568609,0.7523283838025638,0.023260595573405377,0.6920340855084908,0.8037735028270362,153.5442252193926,27.02670104723116,102.16156041522372,179.98952114897557,-0.10075096552278477,0.05405140891612941,-0.1674316227436065,-0.0203844904899597,144.4742601215026,34.093728987735034,86.92231578937647,179.37531946342622,0
0.08656895556011975,0.00450305906503921,20.9728159124211,14.567725016086316,1.943959571282907,45.870618785294496,0.759420718986908,0.04130067076557645,0.6539297889047083,0.858970890444825,156.35247606607965,26.531364540700956,101.75758456365692,179.9779891287912,-0.10779172699062188,0.05657655750867927,-0.170495331287384,-0.0154570937156677,148.07966151668975,34.74670257447407,85.03918058942118,179.9418352763017,0
0.08739634817189505,0.003458378173834478,22.7509294809771,14.197009570340644,3.954082945760896,49.13947647751697,0.7459459068368232,0.035028765190752015,0.6840307704362036,0.8452784446014276,155.79527848178822,27.11997022969007,97.15538363755388,179.99275419971136,-0.10631891524437627,0.05865108786040233,-0.1750455498695373,-0.0071121454238891,146.73088601960526,35.96294153481238,78.5271062982021,179.99750758524627,0
0.087484029482822,0.0035052444465484664,25.585683544624473,15.514201000627379,5.234391904006389,51.21712204977037,0.7345296371308486,0.04011188679917797,0.6447596209522222,0.8458270572879655,154.30810123394474,26.725678565428684,99.08621513496436,179.9878778218665,-0.10351673224750826,0.058594257605456855,-0.1727929413318634,0.00421804189682,145.14088537793785,35.932625612069764,70.94678082063396,179.93138508239272,0
0.08698307511941439,0.0029473603703956005,22.330255217045718,14.884818213261658,3.603723166265064,49.76863804214085,0.7464090832420165,0.043567988345394056,0.6667551235889656,0.9290453773224556,155.51250031935558,28.032076090836178,100.7873669061897,179.9944991106216,-0.10826951040411892,0.06184236694381659,-0.1728401482105255,-0.0003559589385986,146.52794437141193,37.330115064118885,75.0723756579362,179.97598869335062,0
0.0865154597494337,0.0023500372737045977,23.556409383414902,14.30443348660826,3.169270854933727,45.77743953067826,0.7300435824259189,0.03606648718065477,0.6356984972398773,0.8147202341577299,152.19939928343314,29.59873652408127,95.5699984510088,179.9176533425537,-0.10104680362373888,0.06367341984069226,-0.1761350929737091,-0.0004476308822631,143.9133146107425,37.88819402369145,77.82369544304905,179.9804379112213,0
0.089019637358816,0.0038908636566195444,23.13863522279837,14.601923731592398,3.959638168400888,49.69099376615808,0.7330185246825383,0.05880580299596517,0.5275585275689418,0.9138120118327978,149.2866041354322,31.073703889582536,92.44461569241696,179.9094239370165,-0.09503835439682003,0.06349867347408605,-0.1695027947425842,0.0051612854003906,139.0154524266266,39.759897478600365,70.53195752365389,179.9339997292637,0
0.14406839954853057,0.004872119237739011,51.23463323115677,25.261379503459903,7.7478925763147375,82.5903050446568,1.0328862631681344,0.1906715713846789,0.7613580086463597,1.3429433448997208,128.65437546613765,48.66290692515978,47.380738313430335,179.93931327326573,-0.09697550964355466,0.03582566519889902,-0.1310329437255859,-0.0191280245780944,143.52854602981427,35.2780176512311,75.58293361736403,178.16196438868195,0
0.1982715748823606,0.006445167006391536,63.550522489669966,13.343142745577376,32.4414591428022,79.37281124451366,0.935109275594741,0.06324752243069678,0.7360544586096648,1.0401890084710026,120.56441020857419,37.437474051126685,69.84931702975135,179.54648600486567,-0.10551995759481908,0.028170956630802112,-0.1399930715560913,-0.0581309795379638,140.31621891801586,31.235939099762216,93.65151736173728,179.5062039428156,0
0.19769245198181085,0.0062272608645753316,57.6383667940702,18.761322698485433,19.78070027263446,79.77498533744381,0.9147979289737974,0.07154577695047352,0.7224267825811715,1.0241106356378264,133.77561745708007,40.32062075440958,65.10964134504125,179.68466999074911,-0.11062388377146674,0.03011913892591538,-0.1406189799308776,-0.047561764717102,149.09537954693027,30.596160173652112,90.19996468437236,179.70338190508764,0
0.19087315233130203,0.03274612037089453,57.36770296866154,20.002443418878403,8.457080820246633,77.917835113971,1.0015048848828891,0.13813236978020066,0.8057523541599019,1.5024321951902246,120.14905367639497,35.28502739852601,70.50911829596193,174.964936930729,-0.10394580552452486,0.030597370935351573,-0.1384570598602295,-0.0518522262573242,142.22538306040218,31.15473260361362,95.39761612763222,179.8036009422922,0
0.18104566223039398,0.007160646067828675,55.46691223278863,22.218427919091674,15.070984682756745,81.88798394483956,0.8486244926875744,0.1038782810633417,0.701274555460404,1.1025972134269764,129.44170206260264,43.50667745707492,53.5865390954819,179.87286508978792,-0.10119986299454693,0.033482818886552114,-0.1354081630706787,-0.0321661829948425,136.9802341373021,33.643152999672644,78.70539388737573,178.52870329876862,0
0.18319653278147732,0.006612503434532995,57.390834447703675,18.90368219220336,24.061745830185416,78.07651989320459,0.7385472427648211,0.07056786998098313,0.6229248226394092,0.8740838772363987,121.70018740504739,44.14958214622866,52.41952195364637,179.45238057650695,-0.0958639190152839,0.03673275815840822,-0.1343026757240295,-0.0179365277290344,120.77165265676041,45.46435519635331,53.05868436024768,179.46218479962266,0
0.19441988060007925,0.008116252987318145,53.094712449104826,25.29530928572583,9.067118242465837,80.83654033888408,0.9222179034235698,0.09871131805291516,0.7530926544857729,1.09355240657762,128.63764391517674,42.51308054279596,65.89452766788006,179.9478308012087,-0.1016597501609636,0.032693365353002136,-0.1353672742843628,-0.0401501655578613,145.0477691790783,32.45661634046218,88.1698708258782,179.87884286593217,0
0.19071814075845187,0.010142550122020281,56.9495649700055,24.219408055691286,20.16034328913637,82.55996140033446,0.8699324044932529,0.08916207343276765,0.7383098647804335,1.038823429924456,131.63211413340304,39.67287360871171,67.28440333072456,179.77426193052892,-0.10061862869340862,0.03147748108390121,-0.1346408724784851,-0.0350733995437622,144.75285521582643,27.342892731276127,89.98846604347823,179.9448370529026,0
0.19080999786300318,0.0076390328971134,59.48713423798755,22.058908087892636,19.009451591373697,83.16170201622016,0.8760426467749548,0.07891062040873864,0.7448861013632199,0.9884630314076924,133.66270850246184,34.105351117483494,76.46999818954828,179.74216146661658,-0.1057630186634404,0.024492168250097434,-0.1315793991088867,-0.0553022623062133,150.06975350334938,22.546744819997716,105.4000834449604,179.981617414949,0
0.19288658316529125,0.007474588206503559,58.459734632648214,21.661090457332985,12.688466716997144,80.43612543997203,0.9329574190828396,0.11459466502629853,0.704956543824438,1.078598060977224,121.72275466594321,43.66117369807882,62.49948083589779,179.92476751522872,-0.09553325504337973,0.030658088880459948,-0.1281268000602722,-0.0446207523345947,141.94059588040224,32.31269473454942,90.23654666534536,179.9384756007737,0
0.1934907168149948,0.006070303885011671,58.10659584849203,17.298200415779547,22.438371297223934,77.96637736170216,0.9179459144855688,0.08577712876370254,0.7457514844378366,1.037239674721404,127.6917285779684,40.47073959229502,70.26092084180907,179.97231828869602,-0.09778847590736718,0.030067558385144532,-0.1293008923530578,-0.0454348921775817,145.0456071179157,30.731898584417568,96.96990494378691,179.93152781812034,0
0.14660618781591903,0.0042114584509514875,46.534676679884576,28.412641234919263,9.32006942118112,83.24858001767404,0.9956003207797162,0.17938351245523484,0.7770870615686938,1.3640091393261216,132.69533125258016,48.58125168159861,46.11517117751796,179.88537069238765,-0.0984601026231592,0.03844847767536383,-0.1321733593940735,-0.0120347738265991,145.77984732675665,38.41145865686817,72.33387250356951,179.96503991012048,0
0.1928717217583587,0.006931409469453468,56.525276263776085,22.74091046329107,18.17651137268613,82.43318594044855,0.8563099351778565,0.09645765278987643,0.6983603121152967,1.012539428224363,133.5183214292229,40.3910544156734,66.91642661931265,179.78048734770783,-0.09998315572738642,0.03317117786303507,-0.1329394578933715,-0.0318322777748107,148.09201699002196,29.499533178496076,89.83150561989957,179.91682894090923,0
0.16014620720401523,0.006663152948518787,55.48577408160296,21.798115414054855,21.708867402226517,82.32704644433821,0.8646643501837972,0.08604547778002256,0.709505860143809,1.0084681465278276,144.108019943194,33.98132055467797,83.24961088290797,179.8194321231848,-0.10723221959091545,0.024293232694625345,-0.1306878328323364,-0.0576101541519165,153.65491126069927,22.119666557203775,110.86790004718328,179.81248074988898,0
0.15484986509849774,0.004913734100236032,54.478994223466614,19.90318088034524,21.161161777985384,79.1267603554413,0.8150389362097005,0.06964628768761862,0.6106179724519877,0.925059389756858,135.65976111542366,44.13554144190955,59.86380260753587,179.85111897133493,-0.09886977966152018,0.03413947010090473,-0.1340076923370361,-0.0323960781097412,135.4826226531901,43.22906760563576,67.80749419303628,179.7352900170117,0
0.1574207945425707,0.005344208279434418,53.5644185398903,20.20016375238826,20.995250946110858,79.4152480076112,0.8575805039790396,0.14769514156882846,0.5710632092650046,1.2422488666398277,130.24412077582437,45.227545164734025,50.46626495676605,179.9661146623708,-0.1008055568637704,0.03202607806221166,-0.1337299942970276,-0.028372049331665,137.79556790202102,45.7520993302005,54.96062784882008,179.89447470492422,0
0.18871916009215858,0.01490099156668474,57.02247835410706,17.81934445724944,27.16291084411299,80.0976315645115,0.8921110179198367,0.1261499457858263,0.7413242984846687,1.6973183786619532,131.96019706013828,41.86408526929775,68.25681839478571,179.94623301962412,-0.10179451131445214,0.026155394807285782,-0.1271904706954956,-0.0519624948501586,145.97875771576463,32.614932984842866,91.92869673894468,179.83153749271526,0
0.20186860882677138,0.0063164305739091,60.357700189413194,14.86259535281188,26.87207274390969,80.05455952320925,0.8782827139678016,0.12134508148648368,0.5433823885509368,1.0454903194146443,119.4430746310241,50.563607167104784,47.734666876460864,179.7756608386837,-0.08361010765656826,0.04278792166484634,-0.1280856132507324,-0.0096977949142456,129.8414414230367,44.223344010180554,64.94409285914159,179.95452562343883,0
0.20223992706184654,0.013251624248526439,59.06020954916932,18.863162704249138,22.467057630862293,84.70547924868293,0.8782016763066172,0.06341527263361103,0.6043563821682024,1.0013951380673891,120.18736039353372,50.00950041023846,43.81748249515074,179.9453216999896,-0.08644229173660274,0.044465530660127074,-0.1303088665008545,-0.0054137110710144,133.78673963089315,46.27933970557032,56.17033222101821,179.94229838109143,0
0.12484579738669506,0.004363194885445716,39.723066162079114,26.316920702958058,6.17109508491949,80.06725427545011,0.9728507979674812,0.12685449801987464,0.8191121592417774,1.2963673131108118,145.17961381279892,45.35653429023941,49.84005809500533,179.9444609403421,-0.10802825792567934,0.02968511700668207,-0.130968689918518,-0.0339802503585815,150.95392023458467,36.770353414305816,69.49002465533154,179.98269732409156,0
0.12455482284228005,0.006438152456563668,43.729792037208426,25.39955198003415,3.963221635121168,78.92564615669849,1.1030238311671459,0.18088239413225202,0.8947603494187999,1.503927899455807,142.00658745444954,43.45870670445375,52.20809535454423,179.994383727434,-0.10560044993956881,0.028589918889219537,-0.1276397109031677,-0.0331570506095886,157.18439733010655,29.24941232015392,85.00860851942433,179.92828842666125,0
0.26395398924748104,0.007181582220893583,44.4273029138442,18.81348679906067,7.991705367747885,73.93739997037626,0.8147613899358253,0.04478913020477667,0.7215390588386069,0.9273997003758536,128.53939038525183,46.71782322990311,48.21621966435319,178.68689681663182,-0.0966084132591883,0.041121320790032535,-0.1310991644859314,-0.0078954696655273,146.57552207536904,42.95952722494183,58.35021635096883,179.905045677945,0
0.2525663344097919,0.005768833052958171,47.38874856305825,25.079767672059912,12.2440004996081,78.3256101562543,0.8075902263676198,0.046472085044957125,0.7235507332517941,0.902929496604074,127.33328671953542,43.640660832461975,55.34242858731773,179.92133514428335,-0.09784639663383606,0.03671613052222525,-0.1310792565345764,-0.0178732872009277,143.69882769183724,39.42496310434307,65.04978296605869,179.90117890081382,0
0.20978815948709528,0.008210602167256203,49.44588265716165,20.660600326168044,18.92359055681937,79.24587182395771,0.8598069022371178,0.06046989003519482,0.778480034439332,0.958692053647325,141.04790259347132,40.41776498647117,77.24369865264931,179.90544897782075,-0.11047307269793027,0.026723941423853984,-0.1339094638824463,-0.0586686134338378,153.84353875774693,29.99206588214001,100.81448121365344,179.90030746105998,0
0.22480154777249545,0.005832745982502629,55.80921967914693,15.519652430123669,29.98708101998886,78.84571984046836,0.8862956398498409,0.10828251805959593,0.7506990285737662,1.0730637842856643,130.41239977463607,49.64719596818413,44.920018000217866,179.81565511101925,-0.10937378085251392,0.04068739352965719,-0.1411876082420349,-0.0167258977890014,144.82366215427794,39.06872745948488,64.20038825834942,179.14759241328562,0
0.2178474244571501,0.011523574151659999,57.32199072341517,23.7801868776114,14.870658332376747,81.28477145169913,0.8745690093218055,0.08013167789541982,0.7470822299856249,1.019032844839426,124.69461498381516,48.785517922646726,54.30100918091711,179.99884725538644,-0.09769202124687928,0.04667049035185145,-0.1427545547485351,-0.0161478519439697,139.92106650483507,39.34654326796502,63.94428567800841,179.69947392523906,0
0.21836513082186382,0.009654680282759408,57.92256367006768,20.161624657025623,19.493101694792003,80.3446697147451,0.897054648819461,0.08403646550727992,0.7536578491738656,1.0478088289873833,125.51196306218716,44.333201748178844,51.54304983535337,179.14548738834125,-0.10318063745896018,0.04183977836615797,-0.1432032585144043,-0.0194202065467834,141.12638686643112,36.50102855297305,68.73294581229146,179.83396992877297,0
0.16457234616354693,0.004390489297823624,54.73443845961425,20.87933913213391,19.717872411247747,79.53302960050532,0.7865407980220025,0.06313482960476019,0.6840087939570428,0.91778316126318,129.70572233258218,43.45022977049559,61.97686234252932,179.96237069079217,-0.10364723956491062,0.036495693467823845,-0.144016683101654,-0.0356853604316711,127.6371722875295,40.543969468574744,70.44610114118392,179.4309576904579,0
0.1683764478434687,0.00471072086073188,57.36870048506759,18.15962968020419,23.937486857958724,79.67705652205002,0.8696706289296906,0.0629249568681755,0.7046275258284345,1.0320162305723692,131.94389479029957,42.35359541919991,60.64955564062274,179.93972182963395,-0.10824388317439863,0.032068640901312055,-0.1433321833610534,-0.0462903976440429,136.46197851195632,35.650632483385806,81.75281654843725,179.0301235790228,0
