left_hip_x_mean,left_hip_x_max,left_hip_x_min,left_hip_y_mean,left_hip_y_max,left_hip_y_min,left_hip_z_mean,left_hip_z_max,left_hip_z_min,right_hip_x_mean,right_hip_x_max,right_hip_x_min,right_hip_y_mean,right_hip_y_max,right_hip_y_min,right_hip_z_mean,right_hip_z_max,right_hip_z_min,left_knee_x_mean,left_knee_x_max,left_knee_x_min,left_knee_y_mean,left_knee_y_max,left_knee_y_min,left_knee_z_mean,left_knee_z_max,left_knee_z_min,right_knee_x_mean,right_knee_x_max,right_knee_x_min,right_knee_y_mean,right_knee_y_max,right_knee_y_min,right_knee_z_mean,right_knee_z_max,right_knee_z_min,left_ankle_x_mean,left_ankle_x_max,left_ankle_x_min,left_ankle_y_mean,left_ankle_y_max,left_ankle_y_min,left_ankle_z_mean,left_ankle_z_max,left_ankle_z_min,right_ankle_x_mean,right_ankle_x_max,right_ankle_x_min,right_ankle_y_mean,right_ankle_y_max,right_ankle_y_min,right_ankle_z_mean,right_ankle_z_max,right_ankle_z_min,left_shoulder_x_mean,left_shoulder_x_max,left_shoulder_x_min,left_shoulder_y_mean,left_shoulder_y_max,left_shoulder_y_min,left_shoulder_z_mean,left_shoulder_z_max,left_shoulder_z_min,right_shoulder_x_mean,right_shoulder_x_max,right_shoulder_x_min,right_shoulder_y_mean,right_shoulder_y_max,right_shoulder_y_min,right_shoulder_z_mean,right_shoulder_z_max,right_shoulder_z_min,left_hip_angle_mean,left_hip_angle_max,left_hip_angle_min,left_ankle_angle_mean,left_ankle_angle_max,left_ankle_angle_min,right_hip_angle_mean,right_hip_angle_max,right_hip_angle_min,trunk_angle_mean,trunk_angle_max,trunk_angle_min,right_knee_angle_mean,right_knee_angle_max,right_knee_angle_min,left_knee_angle_mean,left_knee_angle_max,left_knee_angle_min,right_ankle_angle_mean,right_ankle_angle_max,right_ankle_angle_min,label
0.08808201531838966,0.09306756877799982,0.18782913095406029,0.15597794833958867,0.4571073055518322,0.04744514695618762,0.9530880465724311,0.9375928842929966,0.9076712500489292,0.395929654630633,0.3021036530653629,0.5229099277784099,0.17021161595982193,0.4646260402373126,0.05105652512872405,0.04746441508270949,0.09189798135424729,0.06240054754279584,0.6043533089177173,0.6128479950814794,0.8248332485511758,0.011222329804903897,0.05435657750214151,0.04867518128119652,0.8339965548026711,0.8578230159685223,0.7989826346442359,0.8149338357968903,0.7430789658250792,0.8567395872860112,0.023162918812980493,0.14670020207231627,0.05362407117089418,0.08276165718237344,0.13573556059881153,0.19076389704292196,0.33930375922271594,0.3202173157853965,0.36639682153920905,0.017183865050329317,0.006904456331247033,0.477894592761837,0.801752064597803,0.8163016146433661,0.7810608266389125,0.8206550469325851,0.6451601666704829,0.8674038496547758,0.23975604199347345,0.30944159474418953,0.4332409690806589,0.09753828928599037,0.13245375234162682,0.1379765043647676,0.7737437379593124,0.6588268847737524,0.7639247100270337,0.21126769909307985,0.46895280078829416,0.07978731809015871,0.8742370223807852,0.7775126924469473,0.8874813493760294,0.7633049808080037,0.7418285855122493,0.8024357632505918,0.1845220677194167,0.46820838463295766,0.02708934260622503,0.20477141445874247,0.15414806422469307,0.3798033965639467,0.4274804356376354,0.4130114828304716,0.22462454444886243,0.8942350653749465,0.8308860724476004,0.9794226699692531,0.44954851753860137,0.6431614937999468,0.5393147265362139,0.8686978301215036,0.9159897283509357,0.6202522171929303,0.5004263664844282,0.729786081823347,0.5736082849656907,0.41757808801674523,0.7979529804080272,0.2548354527270852,0.8326938911123567,0.6791112775497989,0.9300000719581001,1
0.09884004014533776,0.1276347098450672,0.22329729622112282,0.15405592809591173,0.4019904323876624,0.028014525611852692,0.95892201307749,0.955794769751541,0.9137353414566987,0.4039632169098497,0.36175822922827994,0.5438568076424302,0.1651997643560592,0.43296553055501663,0.04221260085467371,0.0415784749228611,0.08694183481274462,0.044273775684823935,0.6185985074195051,0.5874109780024122,0.8389081959783147,0.018641866499522042,0.021584498800021557,0.08639911898053443,0.8239442716880284,0.9417641815158253,0.8063558008349251,0.8314099413173821,0.7165263165829603,0.8935282051944357,0.024870849094919656,0.07293377473952756,0.08205058538455434,0.0842572925410866,0.1753920011339573,0.1256448122784961,0.3429144999240328,0.31592859696608855,0.3723628958078895,0.02817532727215788,0.00029901843766744207,0.4832224038363351,0.8085359713161591,0.9233818880885558,0.8049121737706552,0.8279673309132349,0.6469723001758751,0.8734961571331574,0.24872682057887374,0.26439160444924426,0.4368139595230449,0.12273270389159263,0.18327562954502302,0.10054815000200878,0.804123574155144,0.6849333428921422,0.761519816825442,0.2194375884513079,0.41830457168704127,0.03998495029814042,0.8333368055460393,0.755515800795992,0.856433827506856,0.7872180053641331,0.7254378874633267,0.8059343453784553,0.1959033794105538,0.4525793701544434,0.02785793313957108,0.1006420414111806,0.11006822627061619,0.3960759915044846,0.38507347107439127,0.40049103352779714,0.2170860774881339,0.8721330357508661,0.8434297620691895,0.9418192780227498,0.37556262625506753,0.7522465864295604,0.4440249716925303,0.7672086796419104,0.9354329401503252,0.5068528496026927,0.39476932814857824,0.7734980778658755,0.5927061796067297,0.3690224315875432,0.943049619481986,0.2820377397873236,0.7911829315722572,0.6275903138408072,0.9441973772567165,1
0.12324233956845765,0.1047268217248507,0.2372003528855413,0.19712825818239121,0.4965789015171669,0.05573597855847878,0.9289680283011431,0.9102309742027462,0.9183865218894876,0.4382513865859381,0.3476403682499618,0.594439648352441,0.1726143221661669,0.5206250668416481,0.05824794302030356,0.0715563453543539,0.08224189369240509,0.09041817522709122,0.6442420803453786,0.6409574715247137,0.8894000117268777,0.09433198757355266,0.1782379481269789,0.10588051888613936,0.7933511435995808,0.6010887867291277,0.8119162722583712,0.8689005367760827,0.7260229654263277,0.9292743286198722,0.1014755654525974,0.1673698592181756,0.1627801604158865,0.035182678536236356,0.041783233398245245,0.29388335530952925,0.3952978833286189,0.3699578367330969,0.4292069537289698,0.12239627111484896,0.11013942826343825,0.5278477331543434,0.7008230759135776,0.5850337821537787,0.7639408546853242,0.8906995571178971,0.6953846635159806,0.9303267118353928,0.5859476122913208,0.6322761625355291,0.644916609052423,0.01934860989122089,0.019200828125556513,0.24329408176774414,0.8933103267053042,0.7131792339030176,0.9007746119633586,0.34054125185404127,0.483186155515388,0.21642105561478875,0.9337927055392002,0.8353116816042148,0.9270864451443319,0.9076921325633769,0.8762938765063004,0.9265359092251384,0.27447062788134335,0.46275579163857206,0.14406770829590987,0.40451424485131066,0.2921560795628032,0.5022664429309132,0.5276147851162356,0.3077720109285975,0.3503014178386873,0.891017928114719,0.7513246050010105,0.9096900590505103,0.4494218855704637,0.5496573793387975,0.5574099239567186,0.8331670593151634,0.741850810382803,0.7069068860826933,0.5555994946082543,0.5005565075927016,0.7381300634742829,0.5097529302136872,0.7210989041809732,0.4026625195406164,0.7879572852564682,0.7780491891860812,0.8099158799485888,1
0.19716941090104,0.18161700515258472,0.3717269405761212,0.18956500839566504,0.5808085086851349,0.036063906084595976,0.9342313233840641,0.9201849925598706,0.9280143854825943,0.515341978558761,0.4363728791085677,0.7242100880483271,0.16845214079084236,0.5593655798592292,0.0,0.0663190299807811,0.07203315625827422,0.08015700594082337,0.705075083429902,0.7540575699425034,0.9254969264487054,0.09377728042020905,0.20484036300311015,0.15082824411104268,0.8419517235925092,0.7854196720545632,0.8773644379561176,0.9140940678124188,0.8148591148122093,0.9573309470698464,0.0882830320573813,0.26738992313608545,0.10457669418469262,0.037989526916885175,0.017920637319997434,0.27901196747964985,0.42871862746508027,0.4165238757003382,0.4522421807465018,0.08239825818754376,0.07998805589773283,0.5044026009942741,0.7760706212972603,0.7958736558268569,0.8424772482331643,0.9442274173155523,0.7459961960839081,0.9793696223695156,0.48789845553829636,0.560561384768878,0.6132995450743,0.01143833668970895,0.039384518542788946,0.19711356971770755,0.9377660839847413,0.7958300734677595,0.9344945100296596,0.30709892756176693,0.5021379461196434,0.21449958138729064,0.9412097412445307,0.8376981162743949,0.9395751458715889,0.9458921840182575,0.9372173781265665,0.9465233184354427,0.23393448062465005,0.38716433960408336,0.14814392190830872,0.4209445223575451,0.337837932180343,0.49655255469981474,0.5688047062424,0.26322704153744425,0.2881423772421907,0.9081920104393255,0.8425040754734852,0.886191174378597,0.5246704529994763,0.4829123493021754,0.7973394466927403,0.8745105301993199,0.7309794329453174,0.8703302814852674,0.6026193298876605,0.4192450608823872,0.6256824113363311,0.525806110794032,0.8116556253614142,0.2508229364239001,0.8138202547793241,0.8562130192331656,0.7492740508729518,1
0.210923260516787,0.17716247075780744,0.3707346908280371,0.21127058583304503,0.5275586649369546,0.07423548505659783,0.9298402365375849,0.9112321652268562,0.9211663453404393,0.5290302363391279,0.4344217529297665,0.7219709744864287,0.1933168218256891,0.5325668371166463,0.043425006740094974,0.07079753814399264,0.07907044289700574,0.08909650749897319,0.7332360225999812,0.753821775423396,0.9771294187747313,0.09878480505269582,0.2049159243434846,0.13805718045166548,0.8427497649770577,0.7111643884491521,0.89003954896968,0.9130381963042025,0.8131571915296738,0.957458125924359,0.11515763196716566,0.24538697087387895,0.15814956965376847,0.031230091253527437,0.029678963683018617,0.31033817877702496,0.43370153018993207,0.41546666548389233,0.4669854766614474,0.08262263147091531,0.07656452352098153,0.5045375342109679,0.7857426195031877,0.7011320458534473,0.8548422235556434,0.9472650183803768,0.7501360269299453,0.9890730738415545,0.5228023379456737,0.6151532347497763,0.6138393950776564,0.01885061504930613,0.03759271713452049,0.22852118082714334,0.9816107481195426,0.7932203627568022,0.9919473563752963,0.3310804981730061,0.5092149541556343,0.20924832407309568,0.9002234407851604,0.7185267788832989,0.9513148695238239,0.9797090287633721,0.9707470046643296,0.9898285997697405,0.25570754991111155,0.40415182174864994,0.1411575139027471,0.3263180545736908,0.16075241695851886,0.497983763836524,0.5781745909751601,0.24201140952791889,0.30775003110872184,0.8734036558504927,0.7478199954491096,0.9439322216108942,0.3625819749098269,0.11927636903923622,0.7483794709898941,0.8804392690562053,0.7508144164416484,0.8523735678204669,0.5212030218928598,0.3747538550164151,0.6968742492766078,0.48428241457652677,0.550451250979954,0.30197133113639485,0.7301914089210286,0.7636689552344,0.769131925611481,1
0.21615538015194824,0.18460706648360148,0.3841363777168323,0.21710903789581204,0.5100621148081512,0.08213385533030193,0.9340628516128302,0.9316277742933888,0.9256603629395056,0.5392914807671536,0.43160638690950925,0.7343542077400049,0.1970772811401611,0.5143220126994601,0.044531680340203605,0.06663523766695545,0.07471943034075476,0.06843240019387464,0.7400080854879203,0.7569610860688258,0.973342588058552,0.10130184895354022,0.21191161831169625,0.15342267480942207,0.8461171695893298,0.7105838672230521,0.8775614510925006,0.9213141247317158,0.8305042557312414,0.9689230479277128,0.11646282341061553,0.26892242429453805,0.15380478796715558,0.03145247429686143,0.029571556755053935,0.3108467717144754,0.43524080086200545,0.4153671857092549,0.4665787862660471,0.07965940961633944,0.08882386358437788,0.5122440559759114,0.7916729415184891,0.710287491630661,0.8302807272091302,0.9497864665369959,0.75701220033356,0.9991378775650746,0.4836870877447019,0.5293630394494961,0.600444763817892,0.019976193148760535,0.03513107334920333,0.20591772930897,1.0,0.8257903160952682,0.9999999999999998,0.344355060772786,0.5141570143351111,0.21817141848838217,0.8875892067208154,0.7118363061919915,0.9123610741016736,1.0000000000000002,1.0,1.0000000000000002,0.26638025069660365,0.4092980892939124,0.1426173695845524,0.2728567975434687,0.16164764105258844,0.36145165983545247,0.5703897079317841,0.2799522434605537,0.3130131387224658,0.8514323504500947,0.7533826714131822,0.890255843245756,0.3013788580442096,0.12415118821977877,0.6351485293870783,0.8391500191033678,0.7449392599166842,0.7421804136900805,0.518266388579002,0.40883337902208794,0.6811650173251189,0.4766216223869204,0.6169674286789295,0.3107012940668309,0.7184655906779063,0.7306991636518143,0.7192096188782178,1
0.2179741812380125,0.1877556453736844,0.3666462365262224,0.1895614182472638,0.5016536317901037,0.06902088400847406,0.9303360092645463,0.913684944121091,0.9297543381683422,0.53877840635649,0.4454810859534244,0.7314238847729051,0.17107452776969856,0.5141758674006711,0.031825147464088266,0.07032944531640462,0.07068220703648695,0.08699094207315533,0.7227194540385486,0.755409288445394,0.9381017354194496,0.10072689484029773,0.207062187947741,0.15092835995938136,0.8474401869712405,0.7269382716580471,0.8748231765434422,0.9142126822782171,0.8015875592069466,0.9586302071231322,0.10345185340037766,0.22339452828295858,0.13597820272449823,0.041643044115081185,0.03531287981493375,0.33443755506730266,0.43423826682192557,0.4160065175093113,0.46605950231185966,0.08642384143710213,0.06101057419025846,0.5052827973534093,0.7825230292014833,0.715782736438821,0.8489344885225893,0.9483018231276412,0.7483951725034337,0.9938173087179569,0.4823037824654648,0.5782777425428733,0.5886215950889078,0.021782160054244715,0.02494060090715497,0.19556723443226576,0.997094027724553,0.8057152586644891,0.9985906391159343,0.3187119435578719,0.5106367766586415,0.2271595723307036,0.8967411731281255,0.7621797846478491,0.9274108572732882,0.9933839002392097,0.9814267995130281,0.9997177149456731,0.24515038780165244,0.42289682967663356,0.1338683710672488,0.3156646166841731,0.19412935003234855,0.5003136786841105,0.6170928157063229,0.32005441759616726,0.35032921535109146,0.8688107022056091,0.8065962979595005,0.8750256406917004,0.37797427290816743,0.1944854634259765,0.637374854614356,0.8586213732589356,0.7530876993064268,0.7916086466431167,0.5931964733748409,0.45853120232500366,0.7145614775629867,0.5524636088868129,0.7191365515391013,0.3757338556494585,0.7844811182824514,0.7891352589154046,0.8053380930740102,1
0.20034716113580586,0.181924872990193,0.33756143759969337,0.21264001113110442,0.5318195384537041,0.06532836114701635,0.9296068652431617,0.9165187970958186,0.9316117199387529,0.5197217203527962,0.4408292642580678,0.7067020905068402,0.1925924289512846,0.5283406322902713,0.03863081828405934,0.07106000183299988,0.06884646861073593,0.08411879395902438,0.721520819235768,0.7371408620786104,0.9577372830725686,0.09703528923783633,0.19019110909900006,0.1410712395772249,0.8379828809619421,0.7857320456056327,0.8547401630635819,0.9137955568246059,0.7973086751627965,0.9621105516968366,0.10016014666172257,0.2208062828725792,0.13407831813654125,0.03083956446447672,0.032196786623971796,0.3401173406907183,0.43380334403532617,0.40895422520541835,0.4678954541119724,0.08492341701521067,0.06709907200314014,0.5079192844610261,0.7709761421662349,0.7823613996240881,0.8166036342665616,0.9473261474072723,0.744291948786143,0.9962979233131843,0.4954020183362253,0.6774028042039575,0.616532293917933,0.017597923262713477,0.019561973642042346,0.20508954608842078,0.9847316300222517,0.7979052181746207,0.9979366459667667,0.34510547471184794,0.5167403178472583,0.21448653576320087,0.8994116214338987,0.7297811859253429,0.9288233170486002,0.9804836199454583,0.9472860853850071,0.9903557405075547,0.26746466009015835,0.4264964393731834,0.13974457688524866,0.3260587297931338,0.17021455778190578,0.47281122640295814,0.551170131640679,0.2656152872965132,0.31324979934933617,0.8782925730050035,0.8333895988729072,0.863563044490656,0.34243015140395716,0.17780136005183245,0.7126749565367837,0.8530939143455525,0.7531074217787737,0.8085564347056369,0.5242388935638562,0.3387646372480173,0.7427424697448366,0.49350280455124373,0.6316848569059026,0.34842440094215865,0.7362637164682186,0.7888629242080318,0.7797575758464945,1
0.20550023007284812,0.18150661581627103,0.32822808171685125,0.2024590125499759,0.5295190914947174,0.0753129297492845,0.9260584540603414,0.9183399275999473,0.9306302839007461,0.5259555799174818,0.4365421854643148,0.6925101816399728,0.18339342558415517,0.5399903385495497,0.04105995669573348,0.07460614376942382,0.07021778530323633,0.08219461749034346,0.7157747540259458,0.7470828628224382,0.946555546575514,0.09332753068566912,0.18920495322270714,0.1523917676168134,0.8440803678147419,0.6992062323164889,0.8618782231739271,0.9135391482561963,0.8048647960945763,0.9598901752583721,0.0927421910040076,0.22040978163769331,0.1424768319293488,0.032231341010781456,0.020844919238777737,0.2670568202355903,0.4330523491726863,0.4166648581835024,0.4665624817343099,0.08179320827854575,0.07327740011162209,0.5083961924221074,0.7787536308646354,0.6833037366792041,0.823985477712682,0.9475666320741702,0.7466788303393432,0.9948012846209764,0.49950797976704564,0.5617062101211978,0.6310719515713714,0.01305065850810827,0.014743121377475965,0.1560997129295324,0.9812518350552439,0.7977217046265674,0.9809706630702688,0.33390263956006205,0.5207094647048616,0.20285849867021788,0.8970899348165953,0.7209290190488414,0.9541809391848994,0.9764884467483321,0.9594577587748923,0.9841562349507955,0.26238682949445546,0.43569578375761386,0.14757333194512445,0.33514099470886655,0.19897550274164866,0.5189641345446071,0.5643358997973218,0.2744886695618751,0.2937675746202679,0.8638551129306347,0.7423888614750105,0.8518446855975624,0.35812886361509877,0.17118969465381628,0.7345228855613029,0.8674028541047347,0.73896171009015,0.8231493067415909,0.5625360143886544,0.37391195659808574,0.703143483236609,0.5194180150172167,0.7364587431001652,0.3152935618942935,0.7425527262140581,0.7678665732113403,0.7598197906258681,1
0.18909524494536667,0.18676214134686075,0.3141976488711795,0.2254622312053196,0.5322940598732766,0.061662268511826435,0.930008939699219,0.8988955958254822,0.9253346581232683,0.5057279974019773,0.44594235939204285,0.6876824987583094,0.2020099637972872,0.5371136552729223,0.03458513869182367,0.07065153296408944,0.07511168240609192,0.10188238600695387,0.7129920540971137,0.7401839598136166,0.9305832220072296,0.09384026856891925,0.18854869494311366,0.1267981521474848,0.8344122932244116,0.7066525189145807,0.8586956488575035,0.9100238380186152,0.8115218806290732,0.9526704221276324,0.092822709132796,0.22696256168460494,0.1325049573160877,0.02142237771607486,0.02594774521880408,0.328837149405828,0.4336596000594506,0.4120491867290812,0.4686420786124539,0.08468380650058105,0.10443645213583963,0.5120562289382744,0.758562430394178,0.6978865318027059,0.8355169469406933,0.9460197031915392,0.7436036702597555,0.9902965485279602,0.4968651526800443,0.5377440017209487,0.6274526882715552,0.010387876434686139,0.026010496287266566,0.18284215692884997,0.9749133909091574,0.7899062093815554,0.9832059868046434,0.36602104562751003,0.508576554744733,0.22681206389589226,0.909242476330169,0.756374387175252,0.9377177528483535,0.9794373730899995,0.9583511239903921,0.9789061084858395,0.28267022618846094,0.42811543749295167,0.13261113168627237,0.35181222660803657,0.20684960205912636,0.4938521903757319,0.5196437627421273,0.3185056404462303,0.31581884309278174,0.8943239695347982,0.9601389354147356,0.9540216562873239,0.3380322981775543,0.16208323072921083,0.7326291993320262,0.8564901471358839,0.7620619220685736,0.8102778539146402,0.4927426763969378,0.4472004310049247,0.7378776392685511,0.4826435689860791,0.7422592233280767,0.3689553486464858,0.7097791737123971,0.749403683121014,0.7235679307676013,1
0.19478878544624179,0.1769084606932796,0.315061237972317,0.200938575797593,0.5298426703453114,0.062449118372998935,0.9255980280935908,0.9020915831502774,0.9190959465264577,0.5113128050147955,0.4286340237966124,0.6860993849534647,0.17809526639526663,0.5365084551286352,0.031965357668524375,0.0750336941966227,0.08124694119805786,0.09859528051119032,0.704784956419418,0.7430371828276718,0.9354289580985975,0.08759355706096805,0.18640307441409432,0.1141549507287003,0.834907035394455,0.713903675815574,0.8481297672672916,0.9062672697126946,0.8057938311396118,0.9515067684433146,0.07897014083234932,0.20840725931658444,0.13463018361519863,0.031036186560041312,0.03436899851328726,0.32167729407015155,0.4305767632736126,0.4149762365312224,0.4645800967812397,0.08084918258280371,0.09185106136989507,0.5017602847716964,0.7608771193406191,0.6814701556695142,0.8197367014968112,0.9456067843694316,0.7463027606290491,0.9891577857870919,0.49676609050429477,0.5984419990183696,0.5908898724139373,0.012949707900675844,0.02191047001233795,0.1834705399856309,0.9699331533975606,0.7914460088335864,0.9784063660980793,0.33949339657646405,0.5079748725253836,0.2206736479124385,0.913885129725405,0.757739497402809,0.9484439640624168,0.9685265115470243,0.9583920377283581,0.968844993458623,0.2623192135341562,0.43332956249781907,0.1428431121235687,0.3670254502085297,0.2704329744579892,0.5183609389766365,0.5338182435186005,0.3800499121517955,0.324775235434646,0.9060639218472462,0.9468343970369908,0.9246927814446909,0.39405074103976223,0.3815213271602951,0.690486970074484,0.8513281447056174,0.721000209072832,0.8134946065833437,0.5535356341487914,0.5109363558292319,0.7055841425510123,0.5167503724026128,0.8018494845307771,0.3706377868927758,0.7647554284482596,0.8075153236637487,0.7195015165816145,1
0.1197618118420789,0.135647676963369,0.21798603057927446,0.12054947059492083,0.4346664157807829,0.021543387556594018,0.9451899147365745,0.9327777343858685,0.9009189377732492,0.4241889301411397,0.35862908497473,0.5444910214296921,0.12804362261242863,0.4467478252673214,0.03877292139385968,0.05525543051046122,0.09849077972041034,0.06717074890061431,0.6022264535803088,0.5734309505635107,0.8661918865852438,0.021722894771592838,0.04095585417111458,0.07204965746077585,0.8486868197439973,0.8573764553737703,0.7925047823082456,0.8222087416576285,0.7244482671781101,0.8791746158011083,0.02823913148794155,0.09096932609121389,0.08248514417636832,0.10223998621003788,0.16634857964029875,0.14288737098974202,0.3411549762470045,0.31356864524229255,0.3763650430839558,0.023693099489398683,0.010489350535279662,0.4852831039216774,0.8155215184886584,0.8256029902654503,0.7735062754330649,0.8228762067876099,0.6562116491946912,0.8723129343431193,0.232523606607014,0.3203199082161632,0.4403760622342716,0.11029386805832084,0.16793101377025818,0.13134244642388226,0.7962026374858224,0.6525819693847974,0.8174727993490565,0.18559327314090945,0.46866293793438496,0.0753486007246732,0.8781942808623664,0.7911058412395229,0.8918268347145001,0.7828153732552672,0.710625314115223,0.8361807821086107,0.14543361120514253,0.45673423318301865,0.02406570592532764,0.22722567679702987,0.16709503727452293,0.5281665714509264,0.43974516602005465,0.350721167835955,0.19949989648498362,0.8786228307605812,0.8142193270964251,0.9561995404335352,0.5314758090352056,0.6012237377966061,0.5755079641819435,0.8637852910552191,0.9248831393212198,0.5942580488856655,0.5701631892133263,0.7949858777361616,0.5762811368204492,0.47467318236369405,0.8991875085860244,0.24904556411547604,0.8476746284389285,0.7029051413228604,0.9374766307363309,1
0.18022757009773738,0.167262571731583,0.3037909078239589,0.2106889933568712,0.5239691547375986,0.06222804054286568,0.9307688290350409,0.9038404745056146,0.9310329845147509,0.5002971988222735,0.43314957978983104,0.6781277005525053,0.18866127602914817,0.5293670481096728,0.03386799797405038,0.0699420359905763,0.0692053794055234,0.09699305604490094,0.7028089132301392,0.7357727436478068,0.9323821884572656,0.09165657966829555,0.18402176681062965,0.11156709907178275,0.8281587096295151,0.7331072908054742,0.8633957758098288,0.9059597793142138,0.8023184493375912,0.9511945126154969,0.08932507543961243,0.27419827928018314,0.10929113302537985,0.02030595663179874,0.06460280260821988,0.3283777955781786,0.4330048354809981,0.4134381017991742,0.46532426022032647,0.08553494431510611,0.07861190567486265,0.505479044223768,0.7514520537515172,0.7360190141594067,0.810779653324357,0.9455311344784689,0.7432505001630387,0.9823339915738143,0.5071338102671277,0.5868602237478342,0.6108915418660494,0.010314254763133246,0.014554062013099583,0.18053887654286727,0.9703483147447316,0.7868082980852251,0.9634675925357243,0.35418342342551734,0.4880025654061877,0.19296401134047114,0.910007713177175,0.7523078381045061,0.9537340646837964,0.9776378031499517,0.9584080759136406,0.9739609249886618,0.2775631746239844,0.4430126989258567,0.12662176908965084,0.34023675893952166,0.26091236617535435,0.520636301009595,0.529046458961534,0.2276967517157802,0.3467023370672781,0.8708035859529524,0.8902178330098387,0.9166551006956264,0.3319162648439866,0.5621920074876181,0.7545758883145829,0.8464428317821393,0.7083496526070077,0.8138014952046444,0.5018521578339739,0.6968052158705902,0.7688634633744431,0.5020934708301521,0.8109100633455419,0.3955179704228885,0.7599545643343188,0.9001612529378047,0.7744765979766695,1
0.1968037236525939,0.1877311992922861,0.32144396208000403,0.19818793855483152,0.5512372381026542,0.0751945443607942,0.9322418763329671,0.9164416302649518,0.9346765817397683,0.5195309545073861,0.44882035148776867,0.6988873091004391,0.17699783648001333,0.5522556677186108,0.03521466493276515,0.06836271320885057,0.06497145655533271,0.08413486978978973,0.7034200807232072,0.7466458958542619,0.9214083663349861,0.09148279781022906,0.20585224188889217,0.11976487077904396,0.8458706964496127,0.8177525609782189,0.8684111192037217,0.9170739033454973,0.8193144524408358,0.955461790032527,0.09773029340312966,0.27670149189561055,0.13477449905812033,0.024431152917918975,0.05037571379085026,0.3281148551113169,0.4314536201271819,0.4151888191069597,0.465259964991402,0.08274164006483176,0.08112465866567042,0.5087401102048159,0.77561873301497,0.8296911949447439,0.8271851144974879,0.9461758758950769,0.7458599272566357,0.9856761797144715,0.48674693830501425,0.5968793000493307,0.5910822223310994,0.012862928649997663,0.031477872662275516,0.16281122870027398,0.9856946960274442,0.792222532190848,0.9943529555280424,0.33678195774068087,0.5094802773790088,0.20920845619602735,0.9009606815343558,0.7200183818561499,0.9359997536886462,0.9877195374792189,0.9660429067279694,0.9826187515639908,0.25974101266717464,0.4391447358301186,0.14357701329963302,0.33206243094441795,0.19607225740620257,0.4570787798328627,0.5724193646826723,0.32087790454048903,0.3316415037121628,0.8763863719247915,0.7966529990151132,0.7569327241210889,0.35499665447137674,0.09336441628823389,0.7787906833424625,0.858620266981569,0.7087124221381549,0.8268702072963074,0.5264084048457534,0.3563378081080675,0.700901110646811,0.5357806463654446,0.7209608720639196,0.3670440267255657,0.7429483161439694,0.797890607808486,0.7514286486727553,1
0.0384783160712594,0.0809795544816252,0.22014457517688646,0.22363894020868536,0.4071370944446058,0.06361287427334084,0.9324359236208882,0.9122244394929249,0.9026531853393165,0.3327761464000343,0.3181391676649046,0.5282710368295116,0.23920006666155613,0.45483770394633094,0.0730518150393491,0.06821656221045974,0.09721737879084119,0.08802944074060287,0.61803258222655,0.5905703330041807,0.8451134575431556,0.019319841279650696,0.04459308771289017,0.07250303923111012,0.7621482016721568,0.8134700094032816,0.7972792759320062,0.8154021323823044,0.7161560255822317,0.8612249950447312,0.04848097399077034,0.12307016161008111,0.11165943812918844,0.03634604792403562,0.1523016300376674,0.22851454498638724,0.34184368209007987,0.32392436305618943,0.37287925725167126,0.04865435016648778,0.04641065586928672,0.4925537374234148,0.7367292713911454,0.776623072920861,0.7949485150902499,0.8157030781026726,0.6377137606358216,0.860026225940115,0.3497965284981426,0.3764015147300448,0.4798141464290975,0.08749620293523519,0.14740432531349243,0.23371630568872015,0.7873779831985996,0.6308159378594294,0.773499525530229,0.30453661161015344,0.4361987595678034,0.11059815817155694,0.794981324058875,0.7519247011891425,0.8472150340520879,0.7519662891797629,0.6921666720945558,0.8163663742043286,0.27229666388890394,0.42861065631084494,0.06467328644924719,0.1229944711743669,0.1850664647107539,0.49325248694295376,0.3146104738847175,0.3299054593586819,0.24072555501559717,0.8918509456395434,0.7177143918990279,0.9723740547838183,0.1623318535662368,0.5836413781081351,0.5125604821710085,0.6932162546032363,0.8996632629456078,0.5763366805400125,0.18107589550691516,0.6622052590830769,0.5667680096388019,0.2254790511230922,0.8155036282954384,0.26317317981602817,0.7817221984008058,0.6387500651689146,0.7422321821831037,1
0.09028475443297479,0.04981824911435506,0.21527388126784475,0.1562235263166265,0.4069923174571135,0.047450377938469845,0.9338882601695657,0.9249535473779872,0.902062961949526,0.3903416728654734,0.2714248663095251,0.5453549781711184,0.17506504307986726,0.4594495510960219,0.07126166739543494,0.06664681097834885,0.09807467260375838,0.07547287726022872,0.6051915048518168,0.5865512573369176,0.861490517868434,0.03760254346006775,0.06137445756603732,0.1013704429411173,0.8404591746458167,0.8439453360625075,0.7871440661944612,0.8158296204785334,0.7319251609119775,0.8692726146604385,0.06445382591207771,0.1478581767631164,0.12717496070629108,0.07482342983438467,0.16444478814989594,0.17254234897209852,0.33978885729963126,0.3168581309112648,0.3741088650507747,0.041966646836901766,0.041338571215877806,0.4847053738610829,0.8238490007999786,0.8210005758251446,0.7721990363290493,0.8167471617512765,0.641880038922892,0.8618324383080225,0.3301539958220374,0.4124363144536076,0.4949562585400642,0.0890739976866132,0.16223379777087488,0.17081484110134149,0.7793945378613691,0.6380773858319748,0.7778752931638653,0.21186936184283967,0.4518322570491242,0.05574513259049363,0.8225149801308327,0.7672482590295641,0.8387641646995496,0.7581680152977233,0.694018918839745,0.8146556391478175,0.18298823621059945,0.4413707593592533,0.059005264359788034,0.1619792268055512,0.212644160595478,0.4854149086046873,0.46745233615086557,0.44046162098320085,0.25664362911036614,0.8864998169479357,0.8520100366818166,0.8891069686632816,0.3860493910765823,0.5670119870833048,0.3997835006890318,0.8102585093049082,0.9268083497979065,0.551616017028379,0.5063257125087395,0.8277839483139804,0.579060896846078,0.4376562527687573,0.718959258910747,0.23135660236662184,0.8398642290915084,0.8181076937265512,0.879891810074092,1
0.08818194193407258,0.05295422299371655,0.22693747199597158,0.16801850480349856,0.3778341408342125,0.04730129494342927,0.9387521822420268,0.9238547077968333,0.9139959581636581,0.392464930656637,0.2963638652727396,0.5565052135586188,0.1848030549498545,0.4293492840919595,0.06600182421994027,0.062023521300982376,0.08674581728258327,0.07650558193033768,0.6174602561613214,0.5867035944450891,0.8753905129558228,0.03078558482869198,0.03837712246982061,0.10718088073342003,0.8325019653993433,0.8948923754627442,0.812561342778563,0.8218854078027009,0.7204558317601992,0.8794643252915509,0.06398786091566766,0.13824182753629444,0.12502151630381553,0.07924294271928894,0.15032710929446913,0.21750100520420723,0.3450488238857603,0.31649727911727865,0.37820822425191425,0.04742639483332489,0.04928896825746687,0.48152785852781177,0.8071891337013971,0.8816326861061394,0.800132147312159,0.8186454791832987,0.6385512091802288,0.8703577899586521,0.3315610699536222,0.41228053908169215,0.4807976714772302,0.09635530061324873,0.14500591238144026,0.18111211578037978,0.7998371602385816,0.6515471244089386,0.7989686900779833,0.2290876146249209,0.36977948189828624,0.083371490846611,0.8349127739060789,0.7393187616856189,0.8767052350795884,0.7871443942360663,0.7339161958995599,0.8234116082874887,0.20040482136644444,0.407199254552405,0.0534176130857581,0.15863529414274946,0.0819978797643598,0.5018916518809349,0.4563346548922975,0.3194566160912,0.29844875787079617,0.8570907153112133,0.7485941820806845,0.5692211540641984,0.3671173620585375,0.5888161009788311,0.5343413615635499,0.8172395575142573,0.9448405168748666,0.680175627949225,0.46711400505645173,0.8738809562700904,0.6224360935059254,0.4206967612602619,0.7698646451033966,0.3220492548655547,0.8131133837561859,0.7585838987217448,0.8768655967105037,1
0.09052683285331753,0.05571663019171247,0.2128890566305941,0.1324469072730614,0.3644797196898304,0.05228862357713804,0.943373706530173,0.9111780612889677,0.9145782379126939,0.39427426921771147,0.30000028073757923,0.5197639457164049,0.15147140219337896,0.425573977164174,0.07416700671359422,0.05732468215725589,0.0855201884570754,0.08937361463179277,0.5937134804547428,0.5696290828303869,0.8672729779455459,0.02899603796728467,0.03141936994060579,0.10214104892804521,0.8346732776394901,0.7962707473414569,0.7873985505535662,0.8090292553712657,0.7231472489009341,0.8814874760021055,0.056848127888294187,0.10025844237117276,0.13171364107459382,0.09875095928167588,0.14576541171264987,0.20362752396542816,0.3429696550943988,0.31737548910229174,0.3759342035236246,0.043770788838291885,0.04198318676300694,0.487186202009922,0.803374450207813,0.7515124962581201,0.7963219709870796,0.8150935654527942,0.6396653882661729,0.8680714822449795,0.339325920456794,0.36700183097877925,0.48569624318836446,0.10577411869719877,0.1403928458779306,0.20418076312273115,0.767884427791865,0.6315289522818022,0.7819371949143841,0.19221901219636417,0.41956504150657103,0.05748767933586085,0.8573451975313969,0.7635243087055206,0.8385098506286522,0.767821402850468,0.7278809285847427,0.8245720439653652,0.16502852140105706,0.41741268120556674,0.039478439565167556,0.19875610444390845,0.1597529436889914,0.510930335961338,0.44984503765312733,0.33247148702087603,0.24893890281575876,0.8530214623569847,0.8473942145301283,0.9679631787923743,0.4914330896890373,0.6158105846867192,0.48109186743104126,0.8392361132149135,0.9591393312201157,0.5221783097870618,0.5842431263443655,0.8683401320318076,0.6331772924485775,0.48000309315187994,0.8320039959287229,0.30583422592265086,0.8540003671391907,0.7279390846453859,0.9109279584443088,1
0.127914362177588,0.09634334368535757,0.23290681222802778,0.15019771233578227,0.39698101160750654,0.04144231947260657,0.942656175041983,0.9400197844759244,0.918953365170285,0.4297564115145409,0.3366380465501777,0.5596313901935406,0.16217593446603784,0.4659109859573629,0.05685287176728915,0.057826536062066225,0.08155821939200855,0.059997043386791904,0.615952049708985,0.6067658084827352,0.8751187346381861,0.05274094163861198,0.047507504688018454,0.12477953059969371,0.8425831438673825,0.8931857547547628,0.8107589607186158,0.8241549568977375,0.7191048157367672,0.8940844211485085,0.06474711895124319,0.09225723853609846,0.11619489357139212,0.07371242316912374,0.14188019962698162,0.19457377316379354,0.34800774163535,0.32655392397812655,0.38555341579939917,0.04962409396592271,0.0315928159052854,0.4908790542843886,0.8297092322209596,0.8622902476012813,0.797176285553848,0.8214610231713715,0.6434238276607331,0.8740029651010568,0.3178649473334936,0.36005128224148564,0.5020559665674078,0.09459315532857832,0.14469712751977676,0.14697116661538678,0.8195512607412163,0.6621141539986475,0.8266327979540968,0.19652253747633497,0.3713603507285179,0.08170080749601571,0.844892103256053,0.7722535114298285,0.8718565491847438,0.7938438579669118,0.7173476049179621,0.8467337365941203,0.1651843872847204,0.3873771413005902,0.04098835451152688,0.17708537864222884,0.16047647064709558,0.39062741116597954,0.47187854248435124,0.3822652335667067,0.27113921332927976,0.8435786556709646,0.7044781171238572,0.9676497785779198,0.4479708741599284,0.6372772733452248,0.48114354324283404,0.8218947884196175,0.9128039311100906,0.6655268533416405,0.5116237365275111,0.7496926368746486,0.5525061159217342,0.4443194893141238,0.8271096704547389,0.22901595931181698,0.814351933677107,0.7178770421489569,0.9323531008297703,1
0.11744597213319263,0.11125850909843038,0.2336522304853803,0.12723158410851498,0.3559490668164067,0.04011640312151954,0.9401634894766984,0.9158287204753904,0.9270260007020877,0.4186154926592245,0.3609039231781046,0.5574725986414792,0.1381263263168635,0.39695850107943587,0.053971328973701826,0.060362315210101214,0.0734051394661783,0.08415640470475294,0.6030406565446493,0.5889259668987497,0.8692787494711018,0.03983931369196059,0.03823532438001109,0.0989176046568172,0.8365663595188255,0.8281348872615627,0.8030639266952628,0.8205125300558809,0.7261614207236504,0.8747970145584768,0.045012088243646,0.05836737033693051,0.0840649548490191,0.0819895237002673,0.14380217072761353,0.15973972785842716,0.3447895238505705,0.3159355668866044,0.380735580487475,0.04205346778890551,0.03467241469656912,0.4890092037407374,0.8115495973862112,0.7905688814971725,0.7856872627482209,0.8191566263602217,0.6399018025866239,0.8662356298442928,0.3229468224250134,0.32326233190786624,0.49378582744034993,0.09899950467440699,0.1323990500325197,0.15190910326872398,0.8005479983156634,0.6669377160472663,0.792321171630421,0.18382664826871464,0.38992762561823047,0.0597007120155425,0.8373827157833296,0.7744134819704666,0.8508394032604067,0.7829762263633329,0.7191438816696141,0.8271863415594081,0.15900226116303362,0.35451918814702466,0.04517558358419649,0.18036113602668613,0.17470112410336813,0.4506632555741793,0.46996829302219023,0.39979108771426386,0.2549630648763868,0.8781600578320354,0.8057971394875043,0.9725440370799455,0.45132656951132555,0.5832739491541847,0.5145991483281251,0.7881042340473288,0.9920014799773931,0.5661935714542683,0.53329729908805,0.7317009230156,0.6214012424216582,0.4844769367724848,0.8635154144117294,0.28655352331225215,0.8229362275458798,0.6608525084982446,0.971812204362168,1
0.11638462334437794,0.09599460505541169,0.21604199175244565,0.10748983439136772,0.3724655178437637,0.055923467976063845,0.9495787596405565,0.9240048512527206,0.9241767364619924,0.42480723621723815,0.342351704152692,0.5274856416155149,0.12523561747253842,0.40622887124168683,0.08280352264279878,0.050887948346893475,0.07609201806262961,0.07596607035158687,0.5821777422890579,0.553623482072783,0.8674163944921707,0.04160880083050866,0.04372300691691722,0.09868876843204255,0.8666843161682353,0.8013441949367937,0.7900234396700331,0.8113124907170546,0.7107891905795629,0.8743128155461158,0.05778822393870797,0.03410245018654656,0.13138389238099135,0.11991462608017411,0.18292681035687827,0.12719883116852837,0.34249293989471363,0.3185286941331169,0.3758599102327853,0.0396116122661434,0.037012577073145536,0.49178861211147584,0.8392346230275354,0.7566792601987393,0.8041894121043821,0.8173278225218199,0.6364000968879422,0.8680158614427267,0.32905595902724016,0.31736017614980483,0.504007592377862,0.12258119699363443,0.18484034961341225,0.12905474737287892,0.7562801934346259,0.6321585868755477,0.7957968515425666,0.14064896424894835,0.41450674097192985,0.06629133881335747,0.8704911006640639,0.7588232145261998,0.8797768522536854,0.7623857103726925,0.6868316843187627,0.8275603849041213,0.11960866069335563,0.3431299464198554,0.04311891868562462,0.20541507496883582,0.13110344905256954,0.4340188898086942,0.5267779015657308,0.3636946858247958,0.2557827039917681,0.8671882794869266,0.7388534152788058,0.9501592851821491,0.6178890739221365,0.6269163043879411,0.518585716537044,0.9062842374574127,0.9826308073975474,0.6111250763638723,0.6840919054622403,0.8941075258382032,0.5914561726296115,0.5701439136099018,0.9398177629241999,0.28567421416162897,0.8287885959260461,0.694754038840113,0.9108758733741622,1
0.12232997411975433,0.10032270737295734,0.24338848044069117,0.13141430481243965,0.3920615626460757,0.06909563199213697,0.9466405129558348,0.9229052741953379,0.918316552560646,0.4245340440852807,0.3406461153801219,0.5656647834639648,0.14314928019900997,0.412775954045574,0.09015151084945727,0.053832699542427864,0.08183350575415133,0.0774794758528965,0.6028017526196301,0.5997295105222848,0.8715065393191119,0.05103404369163611,0.044183770324393024,0.11106966632817983,0.8534027854662128,0.8090572330005185,0.8069729767023204,0.8144312790229704,0.7300558605589011,0.8770095107236838,0.058041234260233665,0.06975698773712402,0.12691575727109994,0.090905333464183,0.17445245820083471,0.1822534056843521,0.3444015245126124,0.31655842432907777,0.38107336116383594,0.05042837928140642,0.04063240528102252,0.5007235658811973,0.8384056560799487,0.7740053649016629,0.8169703162796103,0.8190077051395328,0.6458192562528038,0.8693941229669822,0.3254303947537984,0.38895008635642725,0.4891195273272988,0.1078764659830243,0.17053414545002296,0.12634545458735158,0.7921075454448614,0.6710689138179857,0.7820556535180441,0.17482065533029445,0.3760583061621501,0.04856863356253316,0.8554621848264035,0.7817206128928806,0.8701010917621501,0.7811124977925024,0.7053179840262951,0.8383951237165888,0.14264224669372716,0.37836572340402896,0.038133120622699246,0.18103169289517662,0.13411451273705102,0.492674113849459,0.5013181119388042,0.34494363668727246,0.2567076201132368,0.8553388576402252,0.8025201938028808,0.936135533472333,0.5165235612557793,0.6405517769785734,0.4395570452225056,0.834077612126157,0.9609514567675594,0.6024850359406468,0.576477922400148,0.8706367690336023,0.5588884677788895,0.5018252008260093,0.7880868075283871,0.2449312497149055,0.820493475697377,0.6835143701235804,0.9236350029274965,1
0.08354430154625758,0.07834606216600326,0.23117792140482862,0.1749489853374162,0.3903080256004079,0.04321851327224091,0.9475519454331123,0.9591600413925296,0.9124323667388976,0.38983500007029503,0.3130746617274127,0.5585583761662365,0.19133750341302447,0.42490170878974487,0.06637918842493784,0.05302040631751187,0.08745843075179319,0.0407723592701682,0.6185450166421074,0.5923615695751452,0.8693085420796824,0.013009726425458279,0.05851663121178552,0.0740719975972195,0.8116324850548086,0.8187923973605906,0.797904705016335,0.8288039907176583,0.7338129219713636,0.8785979330262143,0.02474650493408692,0.11268899494102591,0.09615681525648068,0.07030184100106945,0.19223498540498984,0.1126631563133782,0.3417750920201783,0.31935051112486423,0.3742857538384867,0.0235048709038983,0.015422946816306293,0.47572702556887325,0.7854550940425113,0.7799680089295142,0.7930847171206515,0.8245122787899588,0.6467097609441601,0.8720359281108445,0.24243594975482807,0.2927575578872421,0.41645390225357914,0.09953925256103907,0.19301633661230566,0.11025134620950872,0.7802026144645962,0.6433618746902479,0.779956295975951,0.22829241195619965,0.4512341727455298,0.06070466275908981,0.8478702667326382,0.7635718877995853,0.888094983467883,0.7754715912395642,0.7176204177227183,0.7992403715447152,0.2127794758098518,0.4316508814569735,0.039983219677706905,0.16296581978996194,0.09474510469526987,0.4889898168393967,0.39084982443713434,0.39080708445123236,0.27454981754826024,0.905932821792188,0.8282623742264947,0.9563864575541768,0.350055900907454,0.7643174961046286,0.5130070583624381,0.8202751692669592,0.9450797706237957,0.6174354190565852,0.38578215205227817,0.8800691552988287,0.6019963506816566,0.3429105517218016,0.7741574575638346,0.2525370730213511,0.79725856328916,0.6303748715601216,0.7086826208049128,1
0.10379350812915655,0.09831698278823975,0.22103449582473722,0.16673678355653498,0.362022849644988,0.06605753254565738,0.9483353783842234,0.9441008438404143,0.9239633152410052,0.40402035318683094,0.33017417175395547,0.5569792234468083,0.17908018586781616,0.4129030664682416,0.08539801985874029,0.05221900858448075,0.07611633812469062,0.05602852361445776,0.6131461274385304,0.5962239348201264,0.8695437135218824,0.046713980874452776,0.05726102681109291,0.11278021710836805,0.840269041397788,0.8645677639476317,0.8001821886196454,0.8179533464534496,0.7197574017048152,0.8867358474396608,0.06336254260707896,0.09182299802704819,0.12695647196309734,0.0714555730662722,0.17385926938034152,0.1578537070295143,0.34566937862712876,0.3229755034223101,0.3829031603104629,0.045154342221978894,0.023216972602591035,0.48757027591791857,0.8375300747415584,0.8348534695123271,0.798474553211485,0.8194659015210257,0.641149670261691,0.8699869236225752,0.3509037309853795,0.4205415790430216,0.5042534736398956,0.10841180815941881,0.17372311420626618,0.17428402854053326,0.8092592028069951,0.6451241502270739,0.8175868810555607,0.21368627122188288,0.36092307388578293,0.06979504481087528,0.8250843650698805,0.7517132782974709,0.8477099842824479,0.7793392180100132,0.6946358980082699,0.8482024951495168,0.18986268759751135,0.3870089354737969,0.029454880780673265,0.11352179706187149,0.09664694040602162,0.40518206435589876,0.406141241458551,0.37299962872721615,0.2603909755607883,0.8520041785501915,0.7370956581456412,0.9642568567356095,0.3850718329863332,0.6501441336938445,0.4413714200179949,0.7676441749721641,0.9056570937337476,0.584737608573709,0.43142304189053693,0.8174147749377791,0.5512508047348346,0.40052560679154703,0.9295588691703749,0.24885788094594705,0.7605297693017472,0.6580057945735884,0.4783186217486699,1
0.1521313405692144,0.12266986350110276,0.29775477537585093,0.20313391688541538,0.5132517756303796,0.07797852819430617,0.9351768948726071,0.9084064580122939,0.9240751635682687,0.46170436835665907,0.37118950024175845,0.644557501646601,0.17731896485347143,0.5164817909755164,0.05503649386333587,0.06535304659623214,0.07631159613729846,0.09220306132045292,0.6660335764727305,0.6695039149361248,0.9062496335350672,0.1088759219081612,0.2215416699892221,0.14791430083382195,0.8236841918648095,0.6552515227833259,0.8407417040963149,0.872506385792589,0.7384931725385302,0.9345637431473092,0.1167965185903963,0.19121439251711347,0.1717853634310309,0.02892547817044333,0.038302828018136614,0.3728297596472957,0.3962207195822893,0.3740783270163148,0.428799955700895,0.11425979357108407,0.10682444082720366,0.5255085309097458,0.7482517252780496,0.6126379281049101,0.7723974022222156,0.8920242821600362,0.7074903345891568,0.9263781837649101,0.6496269027157631,0.7405882622020954,0.7188352305204884,0.01452313922784737,0.02380823574579624,0.2203797088779046,0.9256166135552473,0.7351977426664713,0.9411307332587564,0.3320090004855495,0.5110321783746996,0.19803600378570496,0.919205249091666,0.792288391491323,0.9509245439259335,0.9223832050832634,0.8807644388263514,0.9421721227798534,0.25830716607543736,0.40944610997004527,0.1297805467509039,0.35987639363033674,0.2662902524801987,0.5982435315038257,0.5523841895220849,0.27481194001941844,0.34618279639858845,0.8813012637170496,0.7477119172330982,0.9253073879914725,0.4011685811780836,0.48797836472238565,0.5869331753974878,0.8517813327689443,0.7232125386508557,0.7724643731769778,0.5441431644527164,0.5352772511315553,0.7382071304489033,0.520806236662771,0.7601060058518385,0.3997403933397262,0.7993312524048792,0.8022213176295088,0.8115409332430774,1
0.1531040056917954,0.1282913163126218,0.30479921339320937,0.21371397729170338,0.514096231939128,0.07919597049175353,0.933019486299665,0.9173745712162359,0.906169637676399,0.46451084868864534,0.3706241379466726,0.6526744258461701,0.18719788169491824,0.5020444481100355,0.04032118277380392,0.06757131363280999,0.09444348118329379,0.082715909794227,0.672655535555069,0.6614464481309454,0.9140777999109393,0.10756125445472486,0.2118939337426724,0.15879746563881048,0.822390583844145,0.64361562687368,0.839219283054029,0.8822443738513726,0.7553527202543027,0.9402675287101886,0.1287828268311655,0.2104571229297143,0.16713824492265594,0.0361480845336109,0.01742196493461029,0.3225449523542594,0.3936448820059617,0.36943509269439856,0.42765187056047615,0.10759822001522412,0.10807873791761669,0.5220488432337254,0.7527461735185238,0.6129542019131841,0.7845135021036109,0.8949014859292224,0.7035256374075183,0.9423812399816227,0.6137886309292355,0.5509057843351819,0.7186492317798354,0.02359339946520378,0.04501845900084828,0.24655288912435458,0.9375340050282714,0.7502026051910566,0.9679275095469302,0.34486572194125553,0.508670838588366,0.2403892409364261,0.8999676989190578,0.765482190052366,0.9355604114479676,0.926865989996607,0.8842340874608068,0.9509739084737967,0.27123089871106365,0.4249111062884263,0.16233439103356706,0.3279281241755714,0.20998006035650457,0.5633233593547743,0.5440628394980953,0.31179839194232084,0.33371920228801133,0.9072529352769303,0.76745340657871,0.876361480910984,0.3552133296892457,0.2365230464236161,0.6291204262270714,0.8438197545343891,0.7351302176125767,0.8163262182561366,0.5181022234464501,0.2400526727300889,0.7485510519300138,0.4870827043691648,0.535496177116709,0.39023407331833126,0.7686208577802769,0.7656497214019478,0.8400290614757768,1
0.1459701305131369,0.12685472706045609,0.2855838206988648,0.25145811229246284,0.5551270349558786,0.09948598716206791,0.9372501529042361,0.9155996000197109,0.9144947908215538,0.4587938564189149,0.3652328966568259,0.6351703893901002,0.22473403946201476,0.5520109593113363,0.07654476626539752,0.06332021359286216,0.08596128215119164,0.08450963759450919,0.686122025619853,0.6935465736997268,0.9221734658787473,0.11841223507027143,0.2010230683949099,0.1569115691013887,0.8139676703022364,0.6722887490843035,0.8388996501497956,0.886462055460894,0.7782383040272185,0.9403634053681519,0.14524157373638946,0.2416842225948379,0.20449256392508985,0.030386943097538366,0.021007358832995843,0.32455316582698046,0.3982695093549933,0.37672246140842125,0.4330169843999472,0.1121917827311032,0.09189556063669713,0.5205082297388062,0.7399056200421174,0.6373519266686638,0.789223128616515,0.8931439355910833,0.701582718080922,0.9405256275590825,0.6059525641661665,0.6054259281924992,0.7096550585306289,0.024999436506583095,0.04776593036072514,0.2285420200611693,0.9441562077368189,0.7657299553333479,0.9674144242481229,0.383410664951943,0.5427764968275148,0.22254861898854694,0.9024466326395781,0.7478602660220974,0.9479378516262731,0.9351941370087988,0.8949135549996017,0.9525401836843248,0.3050007115782781,0.4701707133708817,0.16693308632353776,0.324068470179419,0.18552735910755339,0.5292008097600838,0.4803359743873492,0.2704519937009451,0.29639374952175496,0.8666935757955843,0.720147320474422,0.8626065140936184,0.3157693644693107,0.2127571552647578,0.6365081047555716,0.8317015778366876,0.7713181116592125,0.8050722109071018,0.44870103329368316,0.20398855798585558,0.7011289743076954,0.4121133936031156,0.4698895020257545,0.35493505683983784,0.7283077764564276,0.7821854325068234,0.734480385338947,1
0.13209593300905142,0.11568057604135085,0.23152280044348306,0.22972876612414073,0.5122472425578579,0.0836074781021443,0.9348872578482776,0.9249359485134323,0.9106506127811536,0.44334654774608895,0.3543137164710246,0.5906504300308368,0.2054708803490879,0.5378079020876347,0.04663577985943257,0.06573237427256046,0.09008566396978007,0.07551685135563474,0.6631871610364035,0.6752438897057469,0.9111017084793251,0.10604772070251478,0.1956955115920742,0.15489037314606868,0.8078571383020375,0.6347638479727207,0.8383187937763269,0.8755424544211574,0.7628619202242111,0.923998047881197,0.11848050321856807,0.24532964539413626,0.16964441561718857,0.028592033340209266,0.01874306276411894,0.3072625446758368,0.3958277353875532,0.36993090749473945,0.42823268104951984,0.11473760370967145,0.10541751541046995,0.5228811113142906,0.7265831936747792,0.6063876615483862,0.7416581016549187,0.8924064272034136,0.7019125047694086,0.9391102245122704,0.6004807274954871,0.619318371479757,0.6883123835239591,0.02177487269429379,0.0381842935327749,0.24134147759987745,0.9243513060652337,0.7394092032628787,0.9507844741009819,0.36965995040420274,0.5083282063033823,0.22567895022762652,0.9092544960709431,0.8411171115984075,0.9473641865507808,0.9219286711260344,0.8723092057383317,0.9513359343616521,0.29559406546659395,0.4837685747709657,0.15890285699928675,0.34696441458193494,0.22363929810411787,0.5194765345975743,0.5043667957075773,0.3516168298491138,0.3262147545545225,0.8840285687799891,0.733436223430858,0.9313684293517054,0.342415399472632,0.1482743936278621,0.557319033477225,0.8343330123523032,0.7725314602358528,0.7624441440507621,0.46948659511907787,0.07798917801606109,0.7023512870796871,0.4670042569553259,0.7497813668101614,0.3782441845527972,0.7691598426261881,0.7122310578405653,0.8736744958123337,1
0.13353757940941557,0.13519007687719675,0.2770611767461184,0.23670412609827718,0.525441130228727,0.0755724140019629,0.9349174101228552,0.9141853552640884,0.9085411953012326,0.44404682324315514,0.375275095834092,0.6396391539209576,0.20586516302466196,0.5230293269431208,0.038538336336292334,0.06558864873714348,0.09185890495115223,0.08591332555084519,0.6654957330447364,0.6667695002887295,0.9032906570062547,0.10279931539987652,0.19911892261747077,0.11441267752685258,0.8006072705137461,0.6820474980625707,0.8306766695859308,0.8720600789011317,0.7564151339024257,0.9292707168279627,0.10743455546136449,0.2090951650734958,0.1738331915037712,0.024301224304042635,0.0,0.2952552619037525,0.3942288757877441,0.3679235703861381,0.427311936455395,0.10920341833798819,0.10652542238953533,0.524130269061152,0.726481550110536,0.6519132837748585,0.7962365656624073,0.8927189991991782,0.7050899067856715,0.9357971275148969,0.6023622595474762,0.5880433747868921,0.6739061005772324,0.02092724217772929,0.03719375314507682,0.20879238943158296,0.9319446309812576,0.7381998061224171,0.9523533799458759,0.3743967846960671,0.5106004284840902,0.2266153673740524,0.8954761989625047,0.7597974964810821,0.9065871829796289,0.9228761202686695,0.8822358604985552,0.9514611162039259,0.30227133784166516,0.443401736641156,0.16037808258836483,0.31793754390707774,0.2371484526261393,0.49501129611352734,0.4867789292074516,0.40603248948668913,0.3001881379240964,0.9017879586589039,0.7624319809186026,0.9626111457668484,0.2911630619902932,0.07612885660536284,0.6474544279367378,0.8188971834881205,0.7081562275230846,0.6721912490166828,0.4392000679960866,0.19393001304421809,0.7176655219119086,0.4118741572429545,0.6225029836093263,0.34786794802895615,0.763848824175541,0.7531534937542697,0.8257172573176534,1
0.11610015203864688,0.11382534764524088,0.2588095614769901,0.24976025265876212,0.5131222984191679,0.08861765786898035,0.9414265633298107,0.9191074392244166,0.9217885142913873,0.4318134372613609,0.3604331478521736,0.6121463603456614,0.22105922401926348,0.5196469129581258,0.05669170439632687,0.059110561861169864,0.07859749596672955,0.08127263510463084,0.660653295214046,0.648272203816846,0.8925336236527956,0.109377774199785,0.17752992229078846,0.15332599150445514,0.7866601287243467,0.6142555319042714,0.8318972074798097,0.8706011423585673,0.7414754996428621,0.9341368950125425,0.1239604616500376,0.17846854980867644,0.18462460046189033,0.01871738644476656,0.011740012909507935,0.34538212389053324,0.3934738626895111,0.3650570321666584,0.4274977465906611,0.11326829184099463,0.09833339848802236,0.523210780149316,0.7102271854703135,0.5631621620306028,0.7611106488541473,0.8940584684039934,0.7027523722870805,0.9382960384266559,0.5997635081693886,0.55575831080154,0.6613625269698176,0.021792086050913206,0.02878189294635322,0.28091941498258777,0.9154169931500635,0.7191993354549733,0.9491373488682118,0.3850288064328137,0.501318912886987,0.2204686854132657,0.9016090993661312,0.7892048564238232,0.888052761211224,0.9248465984515695,0.8805539785582552,0.9464947769754037,0.3184586088545286,0.4578481678793551,0.17404069294774882,0.3115663161865231,0.14864686872947996,0.481712018334276,0.47990518358146494,0.3376096308703094,0.28567804468993735,0.8718031844880061,0.6644652973270944,0.8962198771055389,0.28019265858982045,0.007751308658168643,0.5450344746653466,0.8342817719268596,0.7293777263073968,0.6640661124456535,0.41455564646398413,0.13773550238698107,0.7248450964750575,0.37671881430462895,0.5569746091645733,0.31671449952775566,0.7559891650167301,0.7224553693058784,0.8102760282991688,1
0.1273165738815063,0.11724550722085691,0.23513750098208108,0.19149383507111617,0.5012393960561743,0.0752961355430104,0.92893361910353,0.8894758119529479,0.9228526667921279,0.4409720873064895,0.34769046911033596,0.5940785293986259,0.1649001290611234,0.5199251554804714,0.04898136002005393,0.07153415045114153,0.07770934094057858,0.11093860479472373,0.6434988787912466,0.6381421505662801,0.8869947339979622,0.09275046878301829,0.17408143133113985,0.11272501036914129,0.7987635821582733,0.6028964250737623,0.8175570561782061,0.8700116208293194,0.7255863697221034,0.9305994184577234,0.09898483986315831,0.1643984885181835,0.16575072046864658,0.0379216512643098,0.017814282677164117,0.29434144195420586,0.3931749591105098,0.36923106411202156,0.42754542965517484,0.12014911941445838,0.10854743580252979,0.5315753442254305,0.7078774180672068,0.5412681707058369,0.7610125810898456,0.889973726959896,0.6965293216650661,0.9397976171243276,0.5835804640849069,0.6286080234207034,0.6563124343333726,0.01982764780267071,0.016794581033030387,0.2531553355502406,0.897825727493641,0.7128909111311295,0.931180775312267,0.3342843557996148,0.4839564785039756,0.22097459696472188,0.9298452307681455,0.8142948444913245,0.9073078534138974,0.9084558717903783,0.8702533722330239,0.9407345345031828,0.26822938788489603,0.4584470187501939,0.16696163723488044,0.4023429155628584,0.2782764479634799,0.5413262582045122,0.5396342805758318,0.3124152220391876,0.3395136821050682,0.9095266413290117,0.6922497929725644,0.9334479274531485,0.45882206518612123,0.37555591784079034,0.6007064964903246,0.8492175333092611,0.7183633490521615,0.7230145236558527,0.5754950606341169,0.2964760358922529,0.7189512901018771,0.5235936460851942,0.6019185771216726,0.4003848389824439,0.7898418383621144,0.7311159311221616,0.8145992062612053,1
0.11815666953716475,0.10709350798021333,0.24881021013216476,0.22782674944590742,0.520176180349196,0.08298912093342725,0.9276737357356892,0.9094139175843498,0.9375291260350482,0.43709770843918605,0.3505203039135467,0.6048854707166855,0.20448808738269797,0.5259114481843543,0.06346086918428462,0.07281473346037337,0.06280655252223549,0.09121995728651788,0.6533184613542682,0.6535260118345523,0.8899419836489291,0.1021131973053433,0.18786510596593775,0.12509904317853504,0.7913600190133835,0.6129031710292737,0.8345038929897961,0.8833355089583788,0.7698200681107759,0.9344753089696444,0.12324752150487583,0.2812340264939257,0.16549071080193034,0.03602429404827273,0.032664204294844595,0.343573491736032,0.39436039121062505,0.3707793369102754,0.4303144313563836,0.11779440834153387,0.1175658152473611,0.5215138600161793,0.6996760953715085,0.6506239761928043,0.7779975664056585,0.8927737435824856,0.6996839853326358,0.9397692578337047,0.5703917643964047,0.552556261489979,0.6817661351639241,0.025872289688118666,0.00875038943237022,0.2511068709058546,0.9082419285289816,0.7408738050189982,0.9407802991058565,0.36584226344546644,0.5006705500170716,0.20442762858500907,0.9252919047042788,0.8173223611107542,0.947766402324397,0.9238185911343864,0.9070443146515204,0.9418974738179051,0.30377926218028717,0.45691609469068983,0.17214024911907344,0.3984737272177268,0.3628608913342181,0.5359354396697309,0.5074764431545782,0.3549624850579578,0.32963034306408395,0.909860593793085,0.7341387503747443,0.9464802503810154,0.4151770525420848,0.4545043106202522,0.705204732353568,0.8283875185807501,0.7371129477565228,0.7740608905265642,0.48641695764036674,0.16544675939083042,0.7586817780726622,0.4702356208034737,0.6794573286043395,0.3633747819756691,0.7607309225597239,0.7502826068401847,0.841921646458978,1
0.07029473275627174,0.06194102268271662,0.19772636727626702,0.1583424652713381,0.3957033661106302,0.050510502573505534,0.9513919257217914,0.9627603332990297,0.9100716908137286,0.3741223834013989,0.2977729519707668,0.528159026136342,0.17331691640238223,0.46023918887319937,0.07574285042883755,0.04908473842967226,0.09035163461662768,0.036970358311512797,0.5809823962489813,0.5784762972752975,0.8419811133878154,0.02133503983637164,0.05082995290116976,0.07632403209428018,0.8221809559150608,0.7993055405400151,0.7781257028249229,0.7950904167802486,0.7240970522405679,0.8419320065944756,0.02752903300288878,0.07266959982038035,0.10199997823174911,0.0850700818264088,0.15375443427416002,0.18560057899400295,0.3124419138524992,0.29822341478266257,0.35222449186773064,0.03497001083266493,0.02515414629196311,0.4838277682197085,0.8003590475543532,0.7672691363245789,0.7782318530353877,0.8030450258374897,0.6291196324192732,0.8507966490662198,0.25591891334680383,0.32087006726776224,0.42710573257191875,0.10412448553601614,0.15966423747970385,0.19030786060916882,0.7654106805152181,0.6310711424750877,0.7972789253955057,0.20037788860771844,0.4173817524229888,0.07833188753704867,0.8500368286455082,0.7216499902971819,0.8742198070352988,0.7407335732395393,0.6931868970644723,0.7871077473915549,0.16008494625430958,0.40663450820789593,0.02347317934526194,0.18589099636860784,0.14119125239725988,0.4968112558501522,0.45902519076063797,0.336658677927236,0.2411064719043826,0.9182821120562803,0.9014524248630185,0.9884714204890249,0.48680145662424223,0.6534844904903219,0.48704573803093565,0.8816510241929003,0.9328179105706162,0.5858494975267978,0.5179634769488319,0.971607669041461,0.559182613445036,0.39597345905087766,0.8769947521500754,0.1928008173728958,0.8220679252140672,0.7089779699087098,0.9651299329069167,1
0.08229283319068426,0.06143720422390109,0.19808987106747455,0.12314812581314971,0.3951409280661611,0.031003068384080734,0.9530561440988248,0.9388541697744028,0.9212421286059583,0.3943044162094127,0.30703318901262167,0.5215911063949741,0.13933389119093853,0.42642026040599834,0.059475627356159855,0.04754513274072075,0.07927577614246228,0.06108239640265789,0.5920492413303733,0.5749674415875567,0.8626243801790408,0.0,0.03749257248101001,0.046722636193309075,0.8227401914209744,0.7949554426185671,0.7777671684360676,0.8114252017477086,0.7274561315928372,0.8715288901215196,0.01129784331705963,0.11139821622215518,0.06990712615951233,0.10444776446013815,0.17343493078585326,0.1712998760672424,0.3382380689558344,0.31403246177117383,0.37415485613557964,0.016710504296390205,0.008993842465940816,0.47645350600755076,0.7844803129800991,0.7444963123962005,0.7699021249704087,0.8190435291431284,0.6410169492618745,0.8642389528213013,0.22913180691433155,0.27193434686230233,0.39170971857029535,0.1146015382229722,0.17653744715231404,0.1762766440377298,0.7488968791811557,0.6376538630575928,0.7861555354406538,0.18197707112945105,0.45024585296388464,0.049758371987086214,0.8784730698166643,0.783849167572366,0.8808248912662682,0.7583746937138132,0.7124001520681813,0.8017452602086108,0.1527493630498178,0.41396988201152385,0.04516587627434021,0.20271700223971445,0.0965845793028709,0.5837368243862786,0.44947964240975957,0.37422235054974706,0.23450608084695485,0.8775727509138243,0.7400038562063536,0.8941495503722373,0.5197394785970582,0.5679336131206396,0.5580736659861503,0.8841593452450898,0.9505638627002861,0.5999858282840285,0.5674479113608029,0.8767431771639451,0.5926393392662488,0.4562223919109385,0.7547861957843871,0.28995401331118953,0.8486153366473883,0.7113994218051616,0.9396083501658095,1
0.09399798276180915,0.04133870561436748,0.17717684288180102,0.13691677964915705,0.3758456266274568,0.06852132520053211,0.9522206935976061,0.9522863606788401,0.9115431919687589,0.39724997723996314,0.2833505986944833,0.5124159122082634,0.15086113080638297,0.4157915320015153,0.09838186337063148,0.04838598494702878,0.08915093036715155,0.04771618040404474,0.5730708174434391,0.567215013441563,0.8485320009064561,0.030795841560414594,0.02287997386542262,0.08613681545788676,0.861507242298709,0.907526636562128,0.7858695391421209,0.7895908142560044,0.7127114116240607,0.8599692953908394,0.05678446322254249,0.05437226211120194,0.09553843567703524,0.11985205284720413,0.16275792431625657,0.1854314100671306,0.313357176469224,0.29737783669824713,0.3506366458194261,0.030194457636733674,0.03507207633578879,0.47688917837761036,0.8439797566956235,0.8886280372594757,0.7915615047201341,0.8013618697688993,0.6267303318928077,0.8501211490599077,0.2735032490270406,0.3251538899953914,0.4051152375612208,0.13573552628847665,0.15933680119728574,0.15025613522578962,0.7616660963033874,0.6233760414686071,0.7887784263586346,0.1599302726227806,0.3935470366135898,0.07234366492404465,0.8531594794863229,0.7123557898960542,0.8703283075233551,0.7509368868466189,0.6970061126761067,0.7967964464380071,0.1235515068149623,0.3797579440033563,0.04930485430684084,0.15908364919620654,0.03707538190889953,0.44696329114676725,0.513877158960278,0.23714496406791596,0.26745593373589793,0.86790809705386,0.764218503253721,0.9130836930776717,0.603719926216489,0.662575777712834,0.4720513571118391,0.9107464298372623,0.960711088169413,0.5936155504137879,0.628147265697959,0.8605307131603848,0.5155354454808563,0.5133339120652751,0.7338758130655094,0.1954605272406947,0.7843700829020128,0.594165178133923,0.9399178992620438,1
0.07548184657938428,0.04584213217194044,0.17789807036859662,0.1491046461344263,0.36860358028466256,0.07077188649869703,0.9553991093118428,0.955246858435069,0.9255589299533491,0.37771582489157396,0.2913058378947788,0.502180907612304,0.16165897854587907,0.3839320834473794,0.09545029379243286,0.04509770503332089,0.0745377351415969,0.04450777949640339,0.5773050247025289,0.5514605138024526,0.8580279194775515,0.018872043081342493,0.02130508260944497,0.07337747965502928,0.826461126937861,0.8129512610091582,0.791082010088528,0.7970123495392958,0.7124777298500238,0.858594297155692,0.03432700745621098,0.007619989394785698,0.0803071097123893,0.08773921716500005,0.16300493902026136,0.1589002191389295,0.3119673641490017,0.28467563177973254,0.3521132826559774,0.037008515492909844,0.04152904471302943,0.4900672960527608,0.8150038426173434,0.776812433666676,0.7810033996283081,0.8022695271075244,0.6271642956965819,0.8500759571580772,0.28801160964484396,0.3176519458940241,0.45451922501129616,0.11847439682790534,0.1665461047005853,0.13967345922167662,0.7665217847859869,0.6038955523485061,0.8043620157051541,0.17929294338767854,0.3409951410609,0.05487844205558301,0.8269530237930823,0.7078395159433707,0.8408360463904392,0.7493459304533252,0.661637659099207,0.8239204724763312,0.14811925939517012,0.3524461075967922,0.03906102524133731,0.11133827707219157,0.07557805644452265,0.45470865823954676,0.4589417026220335,0.37553730900301474,0.2556887122707599,0.9235100587095966,0.817593892028289,0.995075570058544,0.48023274708105324,0.6531185007198852,0.4478392363565922,0.8354505468288553,0.9302292190717898,0.5453201374485162,0.5246774019678204,0.7821825844020172,0.5564884529685536,0.4007215691254433,0.7381341977408518,0.24669305554375456,0.7742563569081082,0.5718382365613355,0.9269291664376191,1
0.10001429675387818,0.07024887065788432,0.20313610862126952,0.11702055874928341,0.35568691542580555,0.05242958478389825,0.947121677552112,0.9372246490032171,0.9106415032440061,0.4024898147466325,0.307897428854079,0.5322803154520401,0.1304345340528963,0.39322919026894354,0.06894502164537286,0.05340346863680462,0.0895195443861905,0.06247700821287411,0.5744100947163528,0.5658950014659712,0.8498465205244135,0.01957670117653043,0.03163833705888264,0.05818761709978659,0.8415681041828891,0.9344467612715511,0.7772538519048704,0.7898593331366235,0.7107905751325361,0.8511948300153916,0.033416005720253494,0.03966588799556625,0.0580728567241926,0.1109578941346207,0.1630287492790001,0.15960214799280603,0.31322613624397944,0.2887002856558558,0.3479348618575475,0.03103376343801667,0.03305214232778564,0.4846172894572254,0.819505023882287,0.9256817081428828,0.7875158914287922,0.8005729081749478,0.625511330632039,0.8510617626927495,0.26015045400337655,0.2892006868952137,0.4400122305513374,0.12397976822840706,0.15515532741158702,0.17063139172119346,0.7672004756243003,0.6551410287979902,0.7760888131732744,0.15331383578017155,0.39126826438112294,0.053591198837184995,0.8475491130589364,0.7594349782571995,0.8448571245521299,0.7488342246515567,0.6947538932285635,0.8006554270897763,0.11581889096200582,0.37051473838532134,0.037315612861252956,0.17957648581486585,0.19175021847319657,0.47922995965073734,0.498431447937308,0.37061595980922046,0.25937622368682073,0.9158425207965584,0.7758179216322842,0.9887079884569069,0.5880407660917253,0.686070229284077,0.4803653937435687,0.8738488958262205,0.9655446253335835,0.5364674334779529,0.637946614810208,0.7727619167408086,0.5547267977398682,0.5028953461476302,0.8337216625420254,0.22895036097748797,0.7989954570547053,0.650378061963437,0.9722123041153288,1
0.1184159959115183,0.0844665588110649,0.20897999937061185,0.10845575927102358,0.35071631497352596,0.047276654263731954,0.9471407450656298,0.947655512785659,0.9177553677636738,0.421169931566733,0.33228683001706694,0.5138793132094053,0.12256408503716854,0.3972292664004482,0.06830589567008682,0.05339639960763598,0.0827844682318454,0.05246106232840747,0.5770220136753896,0.5757283982427293,0.8516645035331176,0.03328244688151338,0.031325480955969986,0.08820463679400437,0.8646874619645625,0.8284103933374698,0.7826438890592207,0.7979534155840047,0.7184885358244619,0.8689084803670107,0.04609596689752404,0.057548093688942537,0.08378640185723496,0.12045802688426799,0.1668176449681534,0.15850974575716004,0.31525488070530017,0.2915715760938693,0.3518868650077063,0.03405084129164049,0.040671913975846685,0.4880735228428983,0.8455316787411573,0.7901046097058881,0.7787350237684685,0.8011935366565857,0.6278325773773101,0.8519912155725073,0.2792520951447095,0.32781567075515383,0.46140934421380564,0.12647187476278446,0.1657390521075856,0.1497220096275257,0.7837289802583172,0.6430887473076887,0.8108186449606454,0.14062585767908153,0.38273271665057274,0.06761923714476059,0.8526816525084069,0.7493538365514698,0.8281233339601591,0.7653717552180541,0.7031958702654824,0.8196580307469139,0.10881531956413892,0.397948665480216,0.03305148666736679,0.17580418878920268,0.10803118063530953,0.45683791688661624,0.5009522342242969,0.3540898769146752,0.2683989938271263,0.875624466901928,0.7483511335316804,0.985784748941822,0.5986647621992407,0.5715712127603805,0.4690020830979731,0.8852857785616344,0.9677278820915465,0.5285955067794428,0.6811861197882165,0.7220280240798473,0.5786795127902853,0.5460109926023908,0.8302688842328578,0.23637169342726713,0.7959770587452701,0.5933026650027857,0.9190148881975189,1
0.11176793802433016,0.08456758988184321,0.20203810453110238,0.1001162499959456,0.34292027971644745,0.03675109196755133,0.9415393662413091,0.9388517897374821,0.9211831497937782,0.41059866536504286,0.3231989226587402,0.5224471409655673,0.11205779713427866,0.3700038700181447,0.06513527918596407,0.05896274890807057,0.0790899423476577,0.061409405593478406,0.5801883675035491,0.5615523005545544,0.8597517705208475,0.026886976089842474,0.021880634946766175,0.06557359229966098,0.8441892469836931,0.8005317142738222,0.7773122422705134,0.7966492293161989,0.7115130041061222,0.867411775689335,0.033078489165782266,0.01880419049256865,0.08069369772848312,0.10888442975922674,0.16840763857099836,0.17738235433680805,0.31632047723433354,0.2955507670793547,0.3549408883816372,0.03692704175222783,0.04310564957700702,0.48369758465224244,0.820703578300215,0.7572192460229135,0.7819376102591776,0.8015499903359309,0.6227846639675221,0.8563702559709574,0.2626746445644734,0.29892675714001626,0.4314091083129643,0.1205198911316053,0.16967501958079478,0.1488687552054253,0.7925325711301672,0.6700075743171428,0.8246171662188819,0.15125430681234298,0.3828471119207344,0.05483699970664213,0.8447455031563743,0.7241655844834785,0.8108959797472423,0.7642185969586726,0.7173957194738101,0.8295725578368278,0.11554827928487132,0.3847642775127498,0.022254055430928066,0.1842215272347275,0.09584704778685893,0.48435811298982745,0.4910378202649013,0.3606596517481897,0.25760238031257093,0.8929881931410648,0.9325428667862043,0.992706957240184,0.5540831560300601,0.5765311086949234,0.4836311961373745,0.8748478895504657,0.9744753048917731,0.4914055946978457,0.629562445822939,0.9632596677554783,0.5799255624756969,0.5083251216386384,0.9095102414406036,0.2149511094931433,0.8023055108531909,0.5769601173208718,0.9543677189856221,1
0.08605454075364483,0.0833657212081027,0.19174932025005065,0.16415222603328594,0.380902773575414,0.03748425543161771,0.9509927610289287,0.9421608455768354,0.9196404667776582,0.3895206855123221,0.3187965255053329,0.5115026619594296,0.18017073953187168,0.42620364814918865,0.06543949611940869,0.04945864937163724,0.08028238490619777,0.05781247195102479,0.5864118850498188,0.5585769891882562,0.8552747971963248,0.030336679755140317,0.03315374385541636,0.08562794090304493,0.8407050438239042,0.8081655834911898,0.7929007536552427,0.8028412896965311,0.7051096004441648,0.8595782368304491,0.04790482542840202,0.032721383837080786,0.06743401095749268,0.09564777052374701,0.1800605564247472,0.14770538167856628,0.3134763340546649,0.2897112409452416,0.35027686940685365,0.03423426144922814,0.04061951297008015,0.4830421330588326,0.8313716366493459,0.7651062169266563,0.7992523131969214,0.8028203891242616,0.6226272694404007,0.8526773274424069,0.28581854622986924,0.32852284149114297,0.4338062237900555,0.12854748258889032,0.17922119609027823,0.1405581969173363,0.7616269158174083,0.603647750614829,0.8100020006655708,0.17759171099583904,0.3720888825417965,0.04308845928424154,0.8223254611373754,0.7601550714224644,0.8566697888117227,0.7388575183933128,0.6650438096123392,0.8074997443160874,0.15099019304827566,0.4057816313548577,0.02366813448488042,0.112792177213896,0.05598741741759217,0.5052442904297468,0.4646454796720103,0.3141817340512878,0.25657993779267635,0.9211865396637409,0.937027904993867,0.9550653567464183,0.48371841154398587,0.7152202159430443,0.4265088616021375,0.8349625920016273,0.9736021034559572,0.5779119137098065,0.48908317346244434,0.7721068303256953,0.49316077825975607,0.4061371036464798,0.8335660942441443,0.178503027526729,0.7720938082951032,0.5231548957997827,0.8010817486771842,1
0.11265919779201505,0.09463746556779018,0.20719780322114012,0.11182222615770598,0.38439317776125015,0.0626509241631461,0.947480987002111,0.9512306969787275,0.9135746809337982,0.41524442744370704,0.3352216174846818,0.5226991100101248,0.12827980672024486,0.42830315565086075,0.07817077197277778,0.053068035033196626,0.0870894602245153,0.048573926449323346,0.5761647987428846,0.5587763394231122,0.865068007967938,0.02533451054855984,0.017838585543154206,0.0757396415852627,0.8457789118488817,0.8148460303672524,0.7704452759276584,0.7961947484637166,0.7007882567755019,0.8671411101925973,0.03510450616395566,0.027574511180857186,0.07787430608660495,0.10971444596721724,0.17134002493140396,0.1118142342346542,0.315680274767987,0.2912953137897816,0.3563332338654357,0.03648545786119417,0.0401928190659806,0.4902451920056494,0.821073792878832,0.776759570038116,0.786282820887459,0.8010178195932631,0.6254523076843683,0.8571624864767351,0.27249476368341874,0.32488561018820405,0.40869185724732837,0.1195305262394604,0.17127315531708034,0.12979886832940368,0.7710207723632134,0.6251083158521418,0.8043008803352081,0.13752173170055204,0.399682590027002,0.03147054379615599,0.8641970729222975,0.7601221107855302,0.849140529406261,0.7518064888105298,0.6873645448420294,0.8200885311024928,0.11381505093665045,0.40783783543845287,0.02307142043781757,0.18362000517437638,0.09539107277886122,0.46484689299540927,0.4820442325447636,0.37346930979455006,0.23050510761661752,0.8880349572265986,0.8350879539985012,0.9342802601408081,0.5697775515609089,0.5774395030389652,0.4955880956076475,0.9098515760840358,0.9851010957029143,0.5811757804887996,0.6334209480222146,0.7616643651908692,0.581160393921887,0.5087327838586706,0.8876865328255619,0.24404755590138263,0.8231874842699027,0.6256014646390282,0.9499673883470545,1
0.07161412339517659,0.09879979289585439,0.19038136428667318,0.18601297157380925,0.37577369484345025,0.054294980597185294,0.9507822440674605,0.9578060685578016,0.9176440479761081,0.3712698555931957,0.3382194629317339,0.5055500308194452,0.1932142480911354,0.41183450642314234,0.06917676734489464,0.049665332366376214,0.08315281874479391,0.042070214673965045,0.5973947887026148,0.5722669201245152,0.8489706495264084,0.026367256096294422,0.02995155071162703,0.07171698679900995,0.8182325206773957,0.8330536952323183,0.7974265752593652,0.8103443818491409,0.7110450252011717,0.8624102100322665,0.03610958502419148,0.09678642914809554,0.09109247193407288,0.06679444442857985,0.18933004845606888,0.12229039792328633,0.31727999940332907,0.2954734643245409,0.3540390631969803,0.04009132916143887,0.019777220866911804,0.4909051773551405,0.8040855073537446,0.7852543213431173,0.7911303940693333,0.8046514873945136,0.6278403180917591,0.8527728342146972,0.2884584395305865,0.30649298949010984,0.4473886684123336,0.1124013514703181,0.2033310638582846,0.13975841917578224,0.7900526050216694,0.6283507781597839,0.7790214754576785,0.23372153616457203,0.4043489945070897,0.048181932024313534,0.8132661249371389,0.7781654171273485,0.848295579151078,0.7618522452488155,0.6873910569442314,0.8007664633838734,0.20225613917586605,0.42083974661040124,0.02334389130173159,0.10283680458567523,0.1550340566146707,0.45303177267294725,0.37243794145084674,0.37856499361540585,0.2485729762809713,0.90363746986141,0.8103231667984749,0.9807594423041913,0.3519944867528475,0.7777186222508279,0.46188771037045195,0.7328940914073208,0.8636422369362524,0.5737202774228731,0.3607822993133287,0.7033302463703244,0.6055023262202588,0.3321306798727106,0.8434423198361394,0.264902212865326,0.7713476046492871,0.6058666299173092,0.8985830689236822,1
0.05113624673312467,0.01927401631737702,0.19368971975741545,0.1911460345046314,0.41019476615205375,0.07493051741297618,0.9575228581849149,0.9621043481933678,0.9108804498233481,0.3489519516412827,0.25795183795654086,0.5219493645648776,0.21073032001068714,0.46026162047719943,0.10650634839896722,0.043017415274250015,0.08970805974296892,0.03783336249310415,0.5957847793846973,0.597830763312778,0.8362110140738379,0.016239855530716607,0.07384850948021526,0.07754887798738519,0.8239887828614938,0.8311860953543847,0.7736570206367418,0.8029121169595004,0.734931640773731,0.8495532158683751,0.0364110905772721,0.1599782163176977,0.0839230581006718,0.0904677436989047,0.17897617198164198,0.2199713784097319,0.31423152974588,0.2957060062181194,0.3490052697477104,0.03981301169278506,0.03222537090346744,0.489935817126415,0.8037529918749855,0.8077029520074168,0.7856224915470158,0.800544126317553,0.6261621957052577,0.8465059798766132,0.278475692449458,0.3740896104008513,0.454809564508901,0.12298254908854295,0.20202431351606476,0.17855305784199926,0.7770274027242521,0.6868113371630908,0.785838139801766,0.24335766121764035,0.45083388155421456,0.05257943196541148,0.8174197874875296,0.6998517730725028,0.8286209385571122,0.7522912090546032,0.7113961289384996,0.809653372730563,0.2022205234569393,0.42126895383222807,0.030448404910547178,0.11411626187740043,0.0,0.41679039364574844,0.4748121472354574,0.4073378160258647,0.25359879895201864,0.9070993160100764,0.7457660260158727,0.9999999999999999,0.38764950291707767,0.7615833923469149,0.5204994576360275,0.7668889307730522,0.9676849328230759,0.42651875768212855,0.39259553893220556,0.8233682435005427,0.506512312443284,0.35024031559799007,0.641214794717019,0.22998330972364647,0.7566241340300031,0.6101453084433786,0.55978661049641,1
0.06784177104647471,0.04263262906337317,0.22111520308580035,0.20592086429925827,0.4347241895628582,0.018052670485283473,0.9488467149129516,0.9443437416929169,0.921018276498579,0.37155208441012055,0.29166064700510175,0.5478744485563931,0.2186843349092058,0.49883627557429433,0.04236619660418195,0.05179445698273699,0.07933518901555359,0.05569340952562657,0.6340756717781502,0.6043331525089428,0.8760462672872402,0.009285116926071701,0.05610445599693392,0.07944736051716994,0.7984157117361517,0.8218433035702999,0.7914783628226292,0.8316522039191776,0.7228554159020213,0.8814380053977683,0.02614321074081971,0.082922739584677,0.09619954552728949,0.05704741354816856,0.1451371928739695,0.3035675296401452,0.3437844813498132,0.3226380959064228,0.3649207999680062,0.029873887326984594,0.04126662380319779,0.4809406291687619,0.7765968450788359,0.7787170880090384,0.7764135653945946,0.8243292279728702,0.6455852609056181,0.8692900169259223,0.2819698208315984,0.37710374021613546,0.447073831519619,0.09169515864523994,0.13396362709912055,0.25893427956814297,0.8127484353450174,0.6381927149407303,0.8310537464615961,0.2749401839135709,0.4224156978355953,0.07308316062407771,0.8435547629617118,0.7300660913618122,0.874592933724278,0.7932093333661101,0.7423995776393002,0.8316588384201604,0.23893259449438442,0.4308608518625072,0.034648243969059966,0.16080145261676948,0.04932564390298688,0.4791080180650984,0.3649221236979765,0.35779106222130874,0.2676198581060975,0.9049162094707368,0.8233344429637528,0.8815717573708824,0.26932536923422457,0.6861203163702507,0.533135345170616,0.8106958125615793,0.9125431429025861,0.6611540650867191,0.2789500839381769,0.8934614722558383,0.6280916687281466,0.2581192396721619,0.7183554006411725,0.2759084135683716,0.8125666534814848,0.711258261584911,0.95998748021929,1
0.11060818687529839,0.05326075393624885,0.19784625074097617,0.09820216626682088,0.3986174026049356,0.023297143195386782,0.9524558355055791,0.9226827575040722,0.915147366350421,0.42112158474831407,0.31214390867476904,0.5292883756006819,0.11524169557655073,0.44022906519575766,0.0486916102918884,0.04814479903600016,0.08525871291411435,0.07763718645096868,0.5891335552317201,0.5926946703332043,0.8521937977493901,0.01314582990181501,0.043017553381675455,0.07444843318697325,0.8398317299232236,0.8768196146137539,0.8043471493735774,0.8097712729082454,0.7377593594627192,0.8740428067388156,0.028976651489359462,0.12642752387367384,0.07798596915277578,0.11813164305368451,0.1737964507271734,0.23221906389437508,0.3399313582287973,0.31519960664303115,0.37561518844039465,0.017150286535421166,0.015797239714638422,0.4788127863147924,0.8018313563486261,0.8398793478474427,0.7882386642712724,0.818811040269239,0.6395126704206979,0.8707738481965595,0.23393666016002257,0.34118391755279376,0.4118574650821394,0.12230281764098233,0.17949422225474343,0.20106263662597568,0.7580758773762946,0.6828609255628528,0.7879014938349986,0.14963840410044826,0.41334811984454434,0.0489702363524076,0.8912627304671704,0.7924808380320806,0.8499251621519309,0.768315860573088,0.7130693371663508,0.831991822120608,0.1282651405337868,0.4497706690349974,0.03658009380021249,0.22122170339448433,0.13091772642512692,0.5345848327885444,0.47783142791830624,0.3830899184791363,0.22338293288392613,0.8595592343212948,0.8571737423107617,0.8175340940552317,0.6027561460487705,0.671837179758656,0.508483719378927,0.8778327044686893,0.9534697619395551,0.578765412120138,0.6532916427565141,0.9277399535161948,0.569102395981383,0.5222935645827569,0.9343628721299773,0.23277597359025434,0.8574954750992281,0.694317645722732,0.7588328003345102,1
0.08890339876328124,0.07255577860482765,0.21711045313166633,0.1575303289047718,0.40663517044064945,0.026922902204032928,0.943858840236657,0.9372487510672455,0.9196162938591183,0.3965710719589617,0.2990438293987956,0.5499291515861171,0.17535723930731972,0.4821029787357456,0.04949893442948783,0.05677118742332471,0.0808195963216908,0.06265534946042811,0.6173146506041998,0.6005024937912604,0.8718198371231749,0.015025255578567265,0.06195258220430766,0.0761515467898568,0.8070410324839586,0.7687097247833544,0.7954878167987214,0.821570179551165,0.7323142202974542,0.8727691575736157,0.031915180849104274,0.05966244846678226,0.09079658496450804,0.07099725591006179,0.14743098523352277,0.224263327138694,0.3450218330238908,0.3275933925787138,0.3766874421266029,0.024464369248776485,0.03987092717341412,0.48009065785016647,0.7721085716713818,0.7232051328969173,0.7678758696519807,0.8233239485870489,0.6464697987962538,0.8715726653762887,0.28232987662056885,0.3442301914924393,0.42858737132062785,0.08423155387135636,0.13645746003699527,0.22802866957621126,0.7999071557717721,0.6297764173791616,0.8005529856580373,0.2130360173460798,0.424883222263829,0.051241412029111255,0.8761359123155057,0.7579214394682536,0.9009449603258053,0.7881849285074616,0.7465922538510874,0.8430436262475782,0.1802287105240088,0.4104932419859417,0.02346627954168745,0.23785300331404846,0.21174274016487513,0.5339307653052026,0.40962927065484966,0.36422579565398117,0.29446905720408095,0.8629805729961726,0.8255938019281848,0.8681679924866713,0.4377896356571327,0.577605418429533,0.5266151020606513,0.8747871135222414,0.9537854150453766,0.7202011313050625,0.4808659125583059,0.7774126531923677,0.6299228123423966,0.3691663328749748,0.8159442088393085,0.29857379168639664,0.8577096068695487,0.7612900752067855,0.9595874593909186,1
0.11916914678396262,0.07388694413096397,0.23791751289764118,0.10572452814598865,0.37197957868069786,0.0,0.947063730830258,0.9318683926739111,0.9173839287182763,0.4297088484696303,0.31834972084966706,0.561494860821762,0.11850396230412974,0.4424738116687843,0.020166472914281863,0.053458214055741804,0.08272299381111006,0.06812913634474754,0.6086467485415077,0.5925988218656228,0.8843092789713307,0.017128937080609585,0.0317470167739744,0.08837655000786615,0.8455053220309978,0.8348609939584509,0.7858207063373075,0.8191554935347676,0.7262220333760339,0.8824680227814322,0.021417968781683783,0.017157993799293614,0.10535551383755326,0.09508959602399664,0.11595693849862321,0.13640500597918015,0.345500635670021,0.3301402648981653,0.37961795098180984,0.018389509950587524,0.012417374842693008,0.4731065145541127,0.8128800122364647,0.8055033609893003,0.7831274601717687,0.8221772978961204,0.64564767041586,0.8668668527646011,0.2504679570425914,0.3316198042422833,0.44097035089342995,0.09284419730377391,0.11221193307243502,0.1407495331460541,0.7855117896610477,0.6420083161638424,0.8131101624068868,0.15815318028740688,0.3856893731129971,0.06395825265336452,0.8983548837800014,0.8071432318380956,0.8876186336123776,0.7800680204027113,0.715158228971934,0.837554277282037,0.12375622045033119,0.41355983661119144,0.030058209122196977,0.2735868245618708,0.2255231204784274,0.5587762218060813,0.4569920224199524,0.3460963563302837,0.27639994263988,0.8636119709399015,0.9425688283292892,0.9194663024031297,0.5927648320413643,0.6476140818285732,0.5110509320502357,0.8919937703825549,0.9238795582978216,0.634862645115674,0.650338144736927,0.8758469944685174,0.6021114116421544,0.5001373647821747,0.860990520746931,0.2732655549784574,0.8885283652990235,0.8392613947777132,0.8898164301368872,1
0.10895946178639582,0.08387011262195143,0.2002604040115572,0.08392769808631195,0.35894302751516327,0.005501754443925533,0.9438912769209182,0.9368783033487791,0.9122964076742348,0.41911432098564694,0.3214201261634684,0.5198420671232329,0.09414362866805304,0.3922399338743503,0.008161261475400527,0.05658756085542194,0.08772774947601833,0.06308192832805232,0.5870467970435946,0.5704745902250234,0.8693679688255214,0.006833855617872864,0.0,0.06058524864486037,0.8349139434633868,0.7903322159507262,0.795504208816457,0.8100555680805894,0.7146180949074141,0.8798172958645311,0.007764585553787562,0.017658158610047714,0.07736234906841988,0.10960617934416234,0.16634864886958362,0.25043699144241915,0.34437479097654045,0.31811778563724324,0.3770143018430274,0.013854042352366314,0.006498972358053301,0.47734341755828735,0.7962530299576328,0.7428567328325428,0.7629379059092813,0.8175628823910863,0.6410254963007445,0.8648919483582809,0.24980427775460257,0.2727367136589045,0.45817205881552425,0.10496031874711229,0.1598154216516631,0.257336327103037,0.7651823482085698,0.6153365116373304,0.7899079482052109,0.13577537462025546,0.3941472427649375,0.036504805147578145,0.8946453761634238,0.8160942643646015,0.8780749179544758,0.7687474237607208,0.7038648917087,0.8282487598547841,0.10691569843669235,0.35018184832293175,0.034158167575862486,0.27510543575952406,0.26384767127228925,0.5254862161176762,0.4794388851538105,0.32902188289503975,0.26138436499394235,0.85936150191203,0.7903706550092835,0.9817493803506437,0.6343504527752144,0.6463089901249868,0.5088379419781781,0.8939004425111667,0.9609711987946783,0.5805000957728674,0.6899130192263687,0.7943313339615745,0.5588162788024695,0.532128067295671,0.8657201584764884,0.25602612765914523,0.8833044905811573,0.7505541725922482,0.9256643392127839,1
0.13158003518627037,0.1066649376157014,0.21653351395775333,0.07300485949518265,0.3679851952970774,0.019694097662438903,0.9339020764295993,0.934860735994572,0.9131588756443406,0.43968807474699734,0.3521166209820241,0.5388125854246582,0.08751283988327785,0.43353697000237457,0.021572360769374077,0.06660389727757648,0.08709876043945264,0.06519646942604729,0.589552830534295,0.5666082161087744,0.8724244052175096,0.017843277638600608,0.016322857209002173,0.05809036170425763,0.843904848254746,0.8262493253384118,0.8005168939422342,0.8090504934562648,0.7196494065729038,0.8781250071825409,0.021597003308725604,0.05970783113824485,0.07812181916468797,0.1153733216136012,0.1271838147174741,0.21516857391658184,0.3442221072787581,0.3220633942784237,0.3801209304042601,0.021079578566146395,0.027843232825985886,0.47570176607070813,0.799163209932116,0.7957343339355565,0.7853215630221889,0.8188441086353364,0.6426968455621029,0.8709436380139643,0.25657020695561883,0.36097604397316374,0.4199053130313448,0.10045257086883824,0.11972889632957752,0.21103488337493004,0.792118318923583,0.6312016669731721,0.820471821041947,0.1345129732680106,0.4337363091233273,0.08417913868628635,0.8996633322237428,0.8007222981294326,0.8862397396892396,0.7833878030580761,0.7197513688509312,0.8522223344686077,0.0929157469868408,0.4159251788883489,0.02114347256454896,0.31509153938943546,0.2258587274625528,0.5525564930732555,0.5300820531432466,0.3342583042201017,0.2664553321640222,0.8649890581825685,0.6516255101593931,0.9854363616429743,0.6732317194118391,0.6977196436186084,0.5533599623880258,0.9040362405029922,0.911264244281007,0.6357620384828373,0.743110946007949,0.8820776565868176,0.6118255117986311,0.5798405728829295,0.8767827700652084,0.3080540598858196,0.8956375920551936,0.8666414526208017,0.9464963698878974,1
0.12675622147546006,0.08900207085047329,0.21064059943444935,0.07445237111855274,0.34878603125858487,0.015679869390631485,0.9477065627659793,0.9411593863795515,0.9109059596364184,0.44015928387409087,0.3414412505865796,0.5329669035909221,0.08714171778126545,0.4058849199803509,0.03152877256715003,0.05285230036827693,0.08946078252814504,0.05893379463822851,0.5895010912869072,0.5651857956944357,0.878188482621242,0.016792043104829624,0.00741208518431824,0.07844391367153403,0.8378045737836943,0.7651893148623131,0.7903350405618534,0.8116255422976448,0.715285603279729,0.8879865124745273,0.021359854407170253,0.0010352026216855492,0.0764863785168326,0.11422814615716914,0.14707872817052958,0.17904526044943392,0.34700704484442957,0.32355115549401603,0.38337860660856515,0.015235536714555131,0.008823331256700762,0.4731913605607696,0.7959789045817204,0.715702230378533,0.7783463022746897,0.8203230761136122,0.6417726365099177,0.8750072499154253,0.2548457702813991,0.2757372440369572,0.45587837678445453,0.10568831864332714,0.1407258805428621,0.17781227116291842,0.7648324002242499,0.6299833084492601,0.8176699009112836,0.12078290751146437,0.388752214217321,0.06326346070829514,0.912346835210937,0.805837993867663,0.8684891781269739,0.7728031001522944,0.7003654578730059,0.8383659563473393,0.0905496939681949,0.37621010638414765,0.021503689895989442,0.29119588684733166,0.22891566706430677,0.5359817812475548,0.5129303440117647,0.36920268949811774,0.2616716087623111,0.8373336350387088,0.7356304890751675,0.9762930679894252,0.6907155514107954,0.6180657469214283,0.48883967973379305,0.9092685601378991,0.9173475591553331,0.5979274054699546,0.7463507473342008,0.7915719146195883,0.5403670300793004,0.5610252730893808,0.8583234061050007,0.24443935508074846,0.8929328914514723,0.7808610945886914,0.9392366874856659,1
0.12915463731217258,0.10154768523302016,0.23257649046723072,0.08187548612981077,0.38078220220412695,0.015781598230275806,0.9419433480776968,0.9344092664558605,0.9136880060631587,0.4420976929750844,0.35518119559224726,0.5568566498591943,0.09582905428588306,0.41284143620270575,0.035942216630038715,0.05859656567873117,0.08648415573532339,0.06555415666057862,0.595840832603443,0.5785156571022894,0.8851672427099231,0.019659312111360183,0.016603881087671635,0.06505442011470386,0.8334797029684466,0.7888541207592072,0.7897263696268804,0.8115211741414301,0.7266406298916066,0.8849951826357304,0.02852746230329828,0.04435558995084321,0.07417330027246605,0.11289348629400237,0.14593543883649907,0.13378782057494676,0.3465452580148338,0.32251897362851345,0.3821088527454677,0.014209083647845233,0.014372847295983426,0.47297827402496706,0.7931686333113301,0.7363961214944394,0.7623783380022948,0.820917967827129,0.6431016204218105,0.8725725590746891,0.2598180678835291,0.3139257000928488,0.40664677841108166,0.10767004776778463,0.13870602015748806,0.17043832423303362,0.7686020932014102,0.6542982691282679,0.7927347178164983,0.12587689852152617,0.3848262423487785,0.06298494788020137,0.9009765834584155,0.7941401873939855,0.8546331369043041,0.7804411933739719,0.7073410865412297,0.839122555402041,0.09845249572321013,0.37544811633581343,0.0365748594664661,0.277158975744791,0.20431545741879628,0.5407147570177053,0.5276895750448871,0.35464650706382983,0.24542452147536353,0.865225052685914,0.8878268643151772,0.9554899437015704,0.6689969095085895,0.7011047763019205,0.4747162225597852,0.9132090208606467,0.89787433775812,0.5689233748322982,0.7262081811413212,0.8490437561269957,0.5850779882316126,0.5495438905630854,0.7407826942335625,0.2590945694917216,0.8628481017938001,0.758891046232951,0.8391666044305119,1
0.13986882696726388,0.11970768598168124,0.2061398316450811,0.08279675053060487,0.35476070807364635,0.003756258250841693,0.9294388731031025,0.9262658192841321,0.900266781967084,0.4435771241469775,0.3489088702061629,0.5215371916212481,0.09450160775304939,0.4034686510403733,0.025506088530102167,0.07108840684848261,0.0998370633343709,0.07384925184423297,0.6006392389892032,0.5745082436059867,0.8843197380785985,0.02857185269167406,0.028340004167127564,0.08391052503611318,0.8459037434546475,0.7855039351784503,0.7885694776129394,0.816692312173041,0.7220263763494965,0.8875505801358669,0.023444554225377168,0.049138923523032396,0.0779750850271923,0.10343306150679638,0.1442868449515827,0.17897900488256901,0.3469026447548198,0.32065863847988574,0.38564062966255763,0.02089430001873449,0.009667569682940247,0.48505339361357835,0.8110649778360509,0.7434862034630769,0.766637175243151,0.8220065942448638,0.6421774113696253,0.8757711211305805,0.25501309527636806,0.3204633204633218,0.44653488882719294,0.09588396618153947,0.14129760856789278,0.16692034092586117,0.815692896013672,0.6532306956215459,0.8599669643097922,0.15239853653991653,0.3934545056007095,0.09119144279035551,0.8766263449269471,0.7848969158112484,0.8534778832709532,0.7871603511416658,0.7001045918797355,0.8568813522743475,0.11209616328598782,0.40991364083486137,0.018835702400717635,0.2828053867781132,0.23971854020507605,0.5413585368595341,0.4732746716314513,0.3098817046969984,0.24071762990749102,0.8655565082512924,0.8134679287186302,0.9806715866895116,0.6003493874527404,0.6851700574369817,0.44572894502798277,0.8486043137246746,0.8504279562471924,0.549547283108687,0.6973258526587665,0.879416939500576,0.5909113463357751,0.550953719477195,0.8938564912273783,0.2830737272590652,0.8838107721981294,0.7540302361753604,0.9552392554456666,1
0.14382296516962922,0.13304493323450517,0.21567292194323384,0.08446236191536283,0.34322833043589074,0.03475932663492287,0.9453927919393798,0.9613782358026608,0.9061335726146547,0.45222734617236826,0.3670240024152065,0.5313899514745026,0.09505852194978592,0.378284077458368,0.037299159360727696,0.05510922757250719,0.0937893660660393,0.038152534716426434,0.5965973148054364,0.58202159724729,0.881033359798044,0.029590229808196256,0.018861718245588133,0.09495044265507202,0.8568971762885524,0.8321005747741261,0.799891342814032,0.8215070785603631,0.7290797507127755,0.8951963058154558,0.028667181927617413,0.03839135149595574,0.08830895759504376,0.1327184827758333,0.173453267315795,0.2020001894891108,0.3440642574542614,0.3231807992629623,0.3856381686011634,0.02824755211936303,0.03387932963310103,0.4892250968874472,0.8196118224039468,0.7902709182777987,0.7760388657736564,0.8215687927309763,0.6425091332367243,0.8763635558598439,0.2478943647518399,0.23396966336447633,0.4742251111002247,0.13162928506020494,0.17340495035230902,0.15716026963965057,0.7959164494667794,0.6594647015002137,0.8211037885151067,0.12866873796060874,0.4244259179459333,0.0521393108457886,0.8873350179059342,0.776313344791125,0.8678863001624324,0.7898337073705883,0.7244379557074421,0.8448344776831447,0.1044579398409834,0.3848385515456074,0.01941742721932549,0.23099313492785667,0.19592663303088645,0.38344493851340933,0.5183539698611315,0.3419450622495779,0.26813276676822834,0.8963137167708881,0.7609328033983243,0.9349857212636169,0.6557477233711786,0.6525251056046502,0.5071062521870895,0.8863843151147797,0.9500891595718723,0.5548354980661212,0.7086071173017716,0.7526565776544896,0.59563266492095,0.5789748725043968,0.926439427939858,0.26286832483011713,0.8429222796538798,0.7007361581384153,0.9003586412183844,1
0.13914064743381926,0.13764041456734377,0.31029308724112337,0.23882583440397065,0.5579152479168898,0.07229506594479074,0.9279265260840406,0.8879688128007104,0.9224988716454716,0.45326606302586825,0.3731479687880279,0.6701450131364992,0.20831610476606777,0.5532107102525572,0.04617228846038901,0.07250068353253397,0.07774767332647839,0.11252428455185026,0.6748274417842408,0.6782567386848242,0.9047866262881736,0.11135072617285591,0.21220936214653374,0.14944407099643842,0.8066625115714311,0.6283797748427443,0.8442839664975839,0.8790547117410266,0.7718590531226819,0.9427203732097417,0.10762465054931969,0.19089432525521755,0.14866465888142688,0.027358153885683967,0.049294149287285455,0.36166560611748855,0.40303305595710937,0.37527778697420056,0.44082500930588875,0.11823558588290783,0.122098918127171,0.521180305104513,0.7228670597897207,0.5728083114133808,0.8184013471193878,0.9212608578116239,0.7321772468794436,0.9547010647175478,0.6340321221921386,0.6910714749331497,0.7415307061238057,0.008192643817530487,0.01973906485674512,0.2595961336408056,0.9116542652626305,0.7231852029636463,0.9071126414249593,0.38246663975404205,0.5184942556507344,0.24186485846819272,0.9399423168650868,0.8304994286118297,0.932832326756212,0.9166399843251745,0.8984619216659029,0.9281260941675402,0.2899145074735905,0.42213756447447537,0.17130975069296628,0.4372439759000505,0.36533811432856356,0.5728424479792195,0.4557259349234186,0.2520041842066254,0.31012666871837213,0.9025036990788715,0.9725747649292336,0.9627241567839923,0.46095930629589965,0.6801390100629039,0.6293184456512327,0.8493671556236144,0.6991936155032556,0.8519945057534943,0.5296690058998719,0.5951946645318102,0.7222471640291455,0.4175278016127577,0.7380584101239833,0.31170272107021935,0.8080721241858693,0.8521713669633337,0.7880471885063591,1
0.1607743652773106,0.15100745548187167,0.299635661306092,0.21481580370975095,0.5455797462018308,0.07660938741067747,0.9267395055226142,0.8928118862395986,0.913386038897475,0.4806317707531682,0.38702396354384927,0.6617283668070724,0.18835344953169297,0.5511356735916126,0.04872608821101232,0.07380378127419668,0.08696311680459234,0.10770719535429929,0.676575363877824,0.6870992153727822,0.9131440868803178,0.10364930208951373,0.2071293893100319,0.1441665355625794,0.8295347787994833,0.740431654361345,0.8525835486613142,0.8834409216790622,0.7704937300518604,0.9372144700642103,0.11757781745663376,0.2284105077604366,0.162546756389486,0.04850965146099784,0.04054943831235036,0.343218680503641,0.4048975235695984,0.38080334987052566,0.43720571089296545,0.10703200522710699,0.09415337857564055,0.5280962261662063,0.7447804207905011,0.6979619431812338,0.8174262486390386,0.9202912625073016,0.7310029159916387,0.9651901600214141,0.576371161844424,0.6237777505789062,0.6983808129143014,0.017317027284410424,0.031011576830779847,0.23273949063902621,0.9342912412939128,0.741777735871405,0.9601004879110804,0.35828299236027294,0.519615329298317,0.2390333957292785,0.9387795553394899,0.804168074987254,0.9488395290630218,0.9406314428316203,0.9112921425820857,0.9608054400022834,0.26705965758226324,0.42791573263774163,0.16542169624675918,0.4380390799894267,0.2925773467127869,0.5722417535351026,0.5069506110019297,0.1639180165249554,0.3029229757896076,0.8863667342414008,0.7184634944286268,0.9674336326190008,0.5199406809932008,0.5082451986063816,0.6279702739413882,0.856531596619047,0.7256348129632819,0.8419904993615297,0.6304273716362427,0.45026776925297973,0.7063315059269524,0.5087503993072846,0.7204125991190047,0.3485667615390414,0.816716661996169,0.8038968171605392,0.843750814866175,1
0.11276318419837938,0.11946628092787392,0.2241855042480494,0.09776374518278264,0.37338670138878594,0.02884047018271252,0.9544085162666707,0.9255719211959718,0.9106537218382005,0.4291158121288272,0.3453160770421664,0.549028224714136,0.11513349881431445,0.4229834667749426,0.043253698804684104,0.04610546004894861,0.0900008770102686,0.07459426612626913,0.5885328548096385,0.5655024965245818,0.851182750713517,0.01584736036384715,0.01847008542611439,0.07343697707347063,0.8419651669624383,0.7961846729188922,0.7752054980459823,0.8126028975012018,0.7137250582396821,0.8840792103178171,0.025355624272586752,0.07432057363696742,0.08658886263709498,0.12699772476281623,0.15829961374858903,0.15992147810195823,0.3394246177851632,0.31299172591231095,0.3723938128916551,0.020988751832348385,0.008963483153076268,0.47896887705986346,0.8072940464142917,0.7410140217496,0.7551459517407111,0.8216330263185465,0.6434886561442403,0.8755453445845918,0.23136327531652867,0.2944278160416509,0.41048470364503054,0.13699156100976337,0.15768272701143396,0.13625319589190577,0.7648654246717603,0.6498191359044454,0.7929912604659022,0.1439650047798925,0.43055639737558793,0.016845105875079702,0.8805676185268844,0.7695512595467549,0.8674938005590678,0.7754301463475508,0.700420609591784,0.8371107580148616,0.12571847127869928,0.4179964135750429,0.034999896027097965,0.19042476866673308,0.17293068840754594,0.502910600300871,0.48538769917557834,0.3515021255531856,0.23948131697072517,0.8495930374808927,0.7135712616354368,0.900893427070058,0.6058201442537128,0.8150864830345252,0.49224673853256384,0.8939926512361223,0.9634402854909982,0.5391770797324622,0.6378254005039716,0.7565188652586716,0.6148455357017539,0.5166194871551033,0.8181058361759312,0.29121937572717116,0.8213933461823504,0.6609914270531432,0.9471393550776255,1
0.1787561190467466,0.17974649795560094,0.31546755728663456,0.1884079314331153,0.5212209038788129,0.06617275181329241,0.9262214011814632,0.8826386363125922,0.92069642691308,0.50554105320575,0.43976980382273867,0.687265484488059,0.16765148480540226,0.5329397908558811,0.058048106296911595,0.074493682973433,0.07994376408033185,0.11796196779957518,0.6794846181555498,0.6977369375029725,0.9237987477596115,0.10367819872684736,0.19131198923749304,0.14115333457286283,0.8464835371849492,0.7739371327662685,0.871136122435024,0.8949148824237949,0.8014764872906497,0.9404885047061103,0.11760705330330978,0.22258814986791275,0.1768505129849638,0.05903576586348519,0.057726331578220214,0.36647538011698955,0.40695028961373003,0.3877434898170251,0.44168145867108866,0.10387645074113117,0.08220553337985592,0.5210868233719874,0.765486328395718,0.7629811797663755,0.7933675304359253,0.9232449404942453,0.726202544179321,0.9608994908318071,0.5373086890844796,0.5404799612292415,0.6510672698469726,0.02036881666647372,0.03273126133715429,0.2369351658367208,0.9582056026557968,0.7721646182762352,0.9456115464241244,0.330426386671277,0.5076803969589678,0.21635492779612553,0.92485957979952,0.7654566931215752,0.9663294006271735,0.9648090648797589,0.955316633872942,0.9596367423228169,0.2509852859833661,0.4406916573736228,0.13694030637316779,0.39894569567130755,0.22144932227778508,0.6524337775549525,0.5820511149959497,0.16126983352733593,0.3566979259659076,0.864212736856115,0.7357460031093881,0.9388095413657592,0.4941333479265331,0.4586811536140045,0.567543284821415,0.8731445160802505,0.7603378717587308,0.7948650172288934,0.6943574813603579,0.6860298127465772,0.7436380427819529,0.5825404205735487,0.7918974108794501,0.43317878853765246,0.8139017301084208,0.8428074082079586,0.8560057840128845,1
0.18049693123504573,0.19565058375523536,0.28870742718738596,0.19347000762225042,0.5169890314305359,0.07772647744276506,0.9221229050147006,0.8966208503972484,0.915302570478204,0.5041799540062954,0.4560281808701525,0.6633086198280052,0.17388580372331797,0.5302450528116998,0.05769075280575886,0.07849563668714032,0.0854225362002341,0.10389628570609505,0.6780378776425233,0.6982992728089741,0.9155468290680775,0.10594364131517287,0.2128720511784996,0.14304495201590406,0.8388821800851077,0.758046307586515,0.8657941095448264,0.892243730904863,0.76624761376141,0.9459157145673093,0.11117928886392558,0.21709015864826497,0.1549008597249868,0.052401804076585234,0.040491636474698584,0.3410412075909781,0.4053980536585642,0.381111610446073,0.4447257916157792,0.10228701663105433,0.08871531864386206,0.5237744771553747,0.7608093768800275,0.7221015037659408,0.8070084384770321,0.9237690539546921,0.729064834611572,0.9640839647239701,0.5442459272072284,0.5914778508438481,0.659251214435681,0.021453678273277654,0.025372873313153632,0.20644704585322793,0.9553163468909038,0.7685309720997067,0.9757483188126239,0.33421548872907303,0.5106539359491657,0.22811060957309248,0.9187953444169931,0.7400572132914849,0.9449169249306141,0.956304032125513,0.9310331848055542,0.974880635983846,0.25790621151366677,0.44534956216556343,0.15881492019235144,0.3791057595774782,0.2131736019651765,0.5233105215107506,0.5619346043671261,0.22305485720376605,0.3446216351296446,0.8717218367850244,0.6749581170494867,0.9063350834083507,0.4488558660400559,0.3017099136978074,0.6426599428581103,0.8684984989174804,0.792796161829143,0.7759282760136073,0.6470297217596772,0.437563285951704,0.7307237011076586,0.5680606624124716,0.8099990787643279,0.4254887036232339,0.8219469548805933,0.7914014765085691,0.829045714831159,1
0.16769058974272877,0.15360637951051714,0.3065698493514408,0.1894971816379254,0.5246446284426496,0.07152335840075108,0.9300868930175696,0.889242601856362,0.9221427757966004,0.4917877364628134,0.4084438089697384,0.6800466263765599,0.16347802490241037,0.5347069027710054,0.04449449827056062,0.07050753123221642,0.07859689145275836,0.11099939152980554,0.6714816241649455,0.6910359269576363,0.9133307660979131,0.09667316539472681,0.1890155675653431,0.1442846722636193,0.826719693976723,0.7430511696027252,0.8440816025001299,0.8946329696196589,0.7773204992451879,0.9462523773525765,0.09948172036611957,0.19242443785201413,0.1414581583978891,0.04109405179327402,0.04324794045646441,0.369926643456551,0.40595082425269124,0.38316330159432166,0.4441837428436952,0.10106059559962333,0.08847701883192283,0.5164436094657057,0.7460042647398363,0.7147079099146265,0.7801658692864091,0.9229895501305057,0.7248209879151317,0.9676195449303555,0.5560311750174556,0.5601459837771081,0.6591178397289692,0.014087858227081917,0.020213423789077922,0.2141678858787439,0.952480296572769,0.7613856324866517,0.973346108225418,0.34984162586626544,0.5236234074494754,0.241973103409457,0.9288268641274892,0.7730146793700787,0.9437591555916118,0.9588899750816708,0.9438679880603895,0.957233125769321,0.26595231521506824,0.4471247554999922,0.16270069922609431,0.3890089034750937,0.24116502891491143,0.5365722352411748,0.5180284124905532,0.2510573964354208,0.31512190336427054,0.8752341019694434,0.7465367424414326,0.8933562422668931,0.4489811626652389,0.2949065481383548,0.6766642963808492,0.8413327970213644,0.7234337815369685,0.7399705838305828,0.624635474544899,0.47509721448648534,0.7357109689958263,0.5439470027449431,0.768783867378108,0.4263785466993104,0.7853930598370158,0.7816857253096234,0.8038263364491423,1
0.14307441876995552,0.14266828596491266,0.27039137455597606,0.23336916729827273,0.5441392836827432,0.07617631714068995,0.9233129411982938,0.8748707991929328,0.9181292785094237,0.4647782460057641,0.3992598029783663,0.6367369986723763,0.2068921369836536,0.5488082247402013,0.04158348023630998,0.07726975131103603,0.08225711504418579,0.12580251886833677,0.6699686894067982,0.6842755122289703,0.9019468201936836,0.09899077294724723,0.17653733566212315,0.13810351978718227,0.8091682921666734,0.6443435802650405,0.8138265944965307,0.8881826360587302,0.7722242674291762,0.9403764297086742,0.09999820729131859,0.18252576063745884,0.16098307034732873,0.04181508943098006,0.05337430180881547,0.38439280427433464,0.40582146355078574,0.39057644569220074,0.4419524830571304,0.10854318712928723,0.09373042760052464,0.5256933354433291,0.7141935464706848,0.6022120906432663,0.7846822030914309,0.9226348603338093,0.7256943985287476,0.9683684131659565,0.5728492477191836,0.5609532958236159,0.5902901398892002,0.020540903239482544,0.018408279213939865,0.2569046664154604,0.932435710429115,0.721687872676664,0.9695054515665971,0.39071471871760155,0.5175119323953474,0.2618658245191491,0.9349195396421938,0.7862349843322335,0.9066114783574344,0.942943416949763,0.9057426031643994,0.9575596000139706,0.3000264395020843,0.4493727535950609,0.15913549934187765,0.41551866933250237,0.2969575181679307,0.5562887833467057,0.4570483033980408,0.2686391120256344,0.32547188125236387,0.9160200888554746,0.9075741672343414,0.9417436424926594,0.41780075885910306,0.417075114419462,0.6708097205704229,0.8252501409914217,0.6919854915110006,0.6781845084315992,0.5267538212891427,0.5249436215214232,0.7264104167171184,0.4701008489302261,0.7036854145454896,0.3729565501740666,0.7469350199611795,0.8150349047788374,0.719382814167338,1
0.14314565163768878,0.13940397015821038,0.26941132723197825,0.22049815870124112,0.5434039810017881,0.08679810197937576,0.9230946915403478,0.889852896957475,0.9297530790002381,0.46129601294029676,0.4022369170349185,0.6279900418312621,0.19145749360138264,0.5380029890678784,0.048506105566250124,0.07747509527553903,0.07099829034148808,0.11037635261370266,0.665984165589085,0.6742803028301352,0.8992632668229195,0.09877239550500949,0.18774452935895702,0.10369713525651081,0.7904313698922574,0.6149212219035971,0.8190654498028019,0.8811220881413968,0.7762585471147223,0.9318905793412727,0.10072174334812178,0.20524384825945496,0.128104142538509,0.03530624713705066,0.04438876522795049,0.35465491632032786,0.40263876057849224,0.3786493276165199,0.4348852376308594,0.10150618516573573,0.0865677091694268,0.5200513998403689,0.7056283565990944,0.5625709771768597,0.7721589255307802,0.921967251361351,0.7256016712202493,0.9623320924161582,0.5490725544553925,0.5415370083957995,0.6048606461142594,0.027787769162034293,0.032247629288851914,0.28601611453884235,0.9213917014331865,0.7340974406288865,0.9610684881335965,0.3746446823377979,0.5254742122155882,0.24861647501501483,0.920068250221781,0.7968580496428495,0.9108624415034522,0.9342133122561977,0.8935152870908811,0.9697451760864124,0.2890090334095745,0.47302564897705324,0.15908553524702795,0.3794051454981437,0.2661716847432924,0.5657292517383046,0.47945903801208356,0.334484529468174,0.2882217388044141,0.8572789001263263,0.8418222909611348,0.6990480732657752,0.38593516375015,0.4062556972159377,0.5215425915406638,0.8141848125230862,0.7471966252391571,0.6612091967071014,0.48097267652547515,0.42826032388675195,0.6887014276206278,0.44524800335699943,0.6490087518111949,0.3728417772480239,0.8055039800712627,0.8009622859141388,0.8537568157650548,1
0.1578358942242235,0.1398688276747979,0.2671804244003093,0.20321745545524417,0.5166433021575656,0.09138842658935786,0.9282651560034492,0.9085858658658122,0.9242863462681818,0.479210218107573,0.40477262523541446,0.649004040087064,0.17913457012222977,0.5260816111601536,0.06415123881191498,0.07229386196382831,0.07630800005418914,0.09197950679887085,0.6690513450373179,0.6846038752300774,0.9130658020471325,0.09710287827068509,0.20004237865813357,0.10341709692644319,0.7943932847516263,0.5844354425415869,0.8356463800128139,0.884838773101372,0.7604541826037687,0.9324974698303193,0.10122043686731885,0.1560241913524516,0.14198946497266718,0.0469635562091808,0.06531468273012536,0.35009468685340406,0.40780912819387805,0.3838330475929932,0.4428218529946504,0.10590426892422844,0.11631110227594998,0.523444160640909,0.6994676745109218,0.5349199450208173,0.7608948919696589,0.9233523690645005,0.7224942581637928,0.9682491211821764,0.5356749863678374,0.5487583095652262,0.6299931588755889,0.029755386050811572,0.024135621840086746,0.2626690550299048,0.9251642515933645,0.7492149048846555,0.9571513063696699,0.3552815392262457,0.51534617161929,0.23820482990614855,0.93040451573445,0.7983173749322696,0.9116543390920167,0.9475177221892415,0.9120262986961447,0.9706653878089664,0.27790985970536286,0.4583618453326328,0.16221695161824412,0.38306417413203536,0.2599107576817512,0.5922494230190416,0.5177984636695903,0.37323736006853814,0.33538024251251064,0.8702274869514435,0.8444407012519779,0.9020979370974592,0.4336018186287032,0.5314943825312604,0.6295584789597104,0.8378613670391295,0.733812247282926,0.6156086829635858,0.5622539854015036,0.5003525424899724,0.7719041664639592,0.4964255665859474,0.6374012724303704,0.39755842419161014,0.7791904824670719,0.805827839976546,0.8239908711463619,1
0.15900740741646313,0.15161898948684804,0.28276784374389186,0.2242529830844644,0.521785625471981,0.08889641416164551,0.9261500168588633,0.911285498166869,0.9289074154834712,0.47987321910970815,0.4074534531694085,0.6679529924789991,0.19623686330956547,0.5457042798594105,0.06168302542523407,0.07440166488914807,0.071716669943959,0.08915947116947115,0.6765730702552033,0.6951067535085365,0.9073995014492204,0.10597117699315683,0.21349454800813872,0.11512807677455328,0.79632385005755,0.6628279587384651,0.8255172305163536,0.8875275857985163,0.7734966716115719,0.9369160047145925,0.10631664493783077,0.2321939894234486,0.1570668007160947,0.03330088677052517,0.055320512389752885,0.37184977464395363,0.4064676730353267,0.38495425435235875,0.43692699569006654,0.10340753468014974,0.08537288306174862,0.5209067684876318,0.7111787613245062,0.6285518475548137,0.7910044741900292,0.9237305106059919,0.7281872311109634,0.9692054696472341,0.5547997980668242,0.5950705748976652,0.642904193409656,0.024424608494907074,0.01854853096792833,0.2340987216632755,0.9331567695019851,0.7485244887335929,0.9596235473113637,0.3699861688116516,0.5102544750461018,0.24332073887040984,0.920624535523423,0.7974845131349684,0.9049909677438908,0.9532424259277696,0.9303448520780169,0.9732147160268687,0.28947193334528576,0.4869510193078206,0.15918008634842462,0.3789499147469343,0.28814836864065885,0.5294056187700191,0.4938144057688174,0.38781191018500927,0.3406074503525799,0.8790061052966953,0.7165097129288318,0.9449985700147984,0.3889064665326498,0.529916781460396,0.5971131497381977,0.8287493024531587,0.7202830272808933,0.6529617298557906,0.49022319682617743,0.5350735784104383,0.7235043629428755,0.45966017637504475,0.8386794436636187,0.391968633538044,0.80016817421382,0.8687587469861855,0.8690877559898054,1
0.13029895525021917,0.12479820046283319,0.2944573378635007,0.21049423410312862,0.5419457068028517,0.06987491069474294,0.9471261460709506,0.9084021001982138,0.9216848894200127,0.4363499064483314,0.3721798560420879,0.631767376896617,0.18215144875259615,0.5264205776206006,0.03763785421329646,0.05331014738351625,0.07838712510484822,0.09174754595745105,0.6565523241922304,0.6536947488706368,0.888157279617894,0.103586589869606,0.2019751412836297,0.15211830832820805,0.8061523278003758,0.5926926249163075,0.8372705627622251,0.864430393990296,0.7418714817932051,0.935249326920688,0.11521382671127522,0.2025433404512471,0.11761184547605374,0.009887266001720685,0.00036791211196435247,0.34297746317345656,0.3923366689316077,0.3679286394192407,0.4214755293589243,0.11756897448353598,0.11487423342734981,0.5248796341733808,0.7290914790075441,0.5502771317718502,0.8002562495432791,0.8921417262078359,0.7011492380718005,0.939966675089071,0.6440016536479227,0.7455557657286782,0.672843639478188,0.002635733871030721,0.011324399622941711,0.22357195892707205,0.8814762213665537,0.7138692604287127,0.8993350363698973,0.337809859618846,0.48716840247650994,0.23647920873341555,0.9441403670046116,0.9085145081601398,0.9562331136894913,0.8855180888772904,0.8603939796580167,0.902512887783617,0.2584266022360798,0.40498993169338027,0.1672495255909192,0.3966061826226853,0.38156699808763433,0.6291147144702851,0.5451673343426846,0.2850944274625755,0.3101407918815461,0.8707681804835303,0.9146401648069649,0.8608870777232994,0.4484138406387297,0.6049809386406331,0.7124247018743549,0.8715322895255038,0.7427569205430231,0.8908647556655953,0.5198276639123431,0.26538929139569944,0.7557291757509872,0.4482054017918067,0.6858720668569589,0.30030356596392493,0.794411000375129,0.8576319499513394,0.7254735281532634,1
0.16493122763506252,0.12647161112854377,0.3336909143105107,0.22349783622917707,0.5268194802232122,0.08377844862831241,0.9279396957998971,0.9176187093696692,0.9130830146523954,0.48172158537660037,0.37477603079820776,0.6851306795087986,0.19956487861813832,0.5370162250737298,0.05237628578976983,0.07257576852765157,0.08712213497966173,0.08273814802678553,0.6826608350828098,0.6736250345992922,0.917755919300064,0.11203985620951284,0.20972130405368894,0.16954704729758685,0.8297969558878316,0.6460274465333873,0.845454344359527,0.8795045815246554,0.7574612405933085,0.9358626748558762,0.1105761660900999,0.1716157664177782,0.17128590300147906,0.030900555008600894,0.027579599462618343,0.31722857670483684,0.40272348669985014,0.38094781731394756,0.4375730243060576,0.10287846644971932,0.09775241273361068,0.514450483935283,0.7622561575651277,0.6038401188987748,0.8267944040452232,0.9141091470284717,0.7189196607373862,0.9596375938806867,0.5578312652818305,0.6729854597289773,0.6563913703842825,0.007658632768330176,0.019411711762867323,0.24776714320050375,0.9203087502267051,0.7256417909052089,0.9453983491755829,0.35085403676869,0.5102952514246593,0.24481120142269275,0.9325204279417559,0.7868836438132103,0.9248907342805874,0.924944729823072,0.8839679845090771,0.9481539371128986,0.26949096513371296,0.4127372846591424,0.174757320822451,0.4127929807855254,0.3098672189974989,0.5409242851292521,0.5263537501200157,0.11264928253068884,0.30535157886159436,0.8823636283426071,0.860016084762413,0.9441412462534432,0.46781587359529064,0.34666151398659606,0.6194421466375301,0.8774832804109955,0.7327592737711397,0.7850789268822431,0.5892041319005097,0.415505326554241,0.7373055454299136,0.480959171979904,0.5672801670589038,0.32562748632512173,0.7872078543659948,0.7298050512454637,0.7962641888103659,1
0.1160709392544601,0.11381541642467274,0.2008775897771944,0.11020372146082735,0.415463141354633,0.017548293667345005,0.9575176099495052,0.923292315128956,0.9341596854604295,0.43233354554037584,0.345247188359151,0.5341554492762106,0.1275571408386278,0.4668884600953094,0.04265540550224323,0.04296990004844253,0.06571875982625838,0.07675693424261815,0.5918952473170318,0.6056812265834082,0.860623838207119,0.012939043543482853,0.03216598029103013,0.052411790786481394,0.843925548787505,0.821174934358347,0.7890922525443193,0.8149132081421717,0.7282839404316079,0.8709203579088779,0.021580428569689225,0.046384434221400817,0.0606265950786824,0.12697694780783125,0.1697877889805735,0.16387771385619088,0.33922818134771493,0.31440186755852073,0.3747748897905945,0.016249906918194057,0.005200591881836303,0.47980913318685703,0.81270678728341,0.7632229501592074,0.7581162283679509,0.8231546668117253,0.6446695988923037,0.8701268904440349,0.23806734598002066,0.3126077909939582,0.42081806782693576,0.13391146334122359,0.1657967753294722,0.18832435025422378,0.7505430821496875,0.6333874652843798,0.782505485593443,0.13659074149437112,0.3761468702422752,0.05243171276504732,0.891283725616412,0.7723100502234249,0.8875468567664924,0.7581207411996911,0.6936366208721925,0.8164979403205583,0.12356288777327618,0.400472839919946,0.028943676713082067,0.20652758831488827,0.1365187959797999,0.5883451686828716,0.48971490729897194,0.25735692668715693,0.27378118404083307,0.8839785488172591,0.7406633898176711,0.9361391320181848,0.6434437969172431,0.8169576963409142,0.513502603231771,0.9575156580040214,0.9807033912184577,0.7173113396232249,0.6666367654069072,0.7608721725739986,0.5288734833090178,0.5074011177241164,0.9526039680100133,0.20053876822609748,0.8107093830510705,0.7100482176072038,0.7697313698476549,1
0.1602699988335532,0.13776149906426927,0.30518926280874537,0.21325864274901685,0.4987985108522228,0.09128146676743176,0.9235250319671153,0.8897038597159308,0.9065217539322501,0.4805691288351448,0.39401238571011143,0.6566082237854811,0.1923317851201931,0.5259982290361931,0.06019560743197894,0.07707020955591026,0.09414447927306036,0.11082908819763437,0.6792846374040229,0.6662563647664674,0.9355725331165445,0.11210181596913804,0.20896826295089221,0.1608941775483057,0.8231991012636697,0.6253853962459249,0.8546941487094681,0.8781277815829007,0.7504830936082416,0.9360386676252875,0.11852820539423004,0.2364537502806554,0.16701972888852534,0.050561504349631914,0.06802537845896287,0.32591059033008585,0.4025437214108467,0.37542162078848484,0.43990149601769524,0.1016469160639879,0.08318368548749966,0.5120737162831577,0.7446535190226443,0.5627124176486937,0.8062521676965206,0.9130037598125595,0.7210631935801093,0.9461411330286755,0.5648241292920844,0.5579391660083317,0.6866783165390089,0.02586939683897621,0.03761175837265025,0.24639739637816116,0.9244602180962649,0.7277157667359679,0.9234410092390652,0.34571179734316104,0.4843302927255033,0.2061200733861338,0.9276192986651226,0.7837669367184064,0.9406719440137828,0.937592525195144,0.9031948228737909,0.9542593059242683,0.2725606089362693,0.4501593551572418,0.14044702447398394,0.41272016521844435,0.26225989143599726,0.5772462192209574,0.5431401258239279,0.13829112486755335,0.36831503706903856,0.8563092308233635,0.6710788802442602,0.8925044389234557,0.4744672619825758,0.589000690533755,0.632527067117961,0.8617401334617303,0.7136706345663049,0.8334698199125115,0.5880617499912013,0.6829391266183737,0.7732269081095084,0.5073924275736559,0.6238453472002519,0.4236150348110874,0.8162125419540929,0.8612975078279561,0.8839530996907592,1
0.1681760569668831,0.1455693482808389,0.3167481695828678,0.19484775260642317,0.5260010563696282,0.0762927753251812,0.9324611237103755,0.9029338480470459,0.9186204317964136,0.4845632274318996,0.3887841881684655,0.6743464044017338,0.169619681025714,0.5074778810789646,0.0455274837690125,0.06808697795336838,0.08185337721340094,0.09749050253314906,0.6721872372597839,0.6754159067274141,0.9171572146446516,0.09336883554173836,0.18105140228986238,0.10509732690684936,0.818977749451085,0.6537917669909153,0.8390839440262557,0.8815463212630572,0.7613166052668698,0.934434265879763,0.0914282226119072,0.1870845694139902,0.1290059124988865,0.037732049374821774,0.023928483896382163,0.35528416317940525,0.4000329136922751,0.37275055715802097,0.439785518499491,0.09759539326132494,0.07833991950207331,0.5269744453759033,0.7393889321018563,0.6035684361664999,0.8260510781575794,0.911811527962086,0.7151531580986092,0.9585906786488021,0.5455362396662622,0.5221034125933279,0.6453539329206883,0.016698943526352927,0.021349407995696373,0.2590018628071069,0.935571224365165,0.7607579460197433,0.9642842368307989,0.34185921767556804,0.5195621908502419,0.24072921439870265,0.939480732255767,0.8002351083695983,0.932163366948736,0.942165626122301,0.9094398958368961,0.9488106410574664,0.2570811446951733,0.4135131626331472,0.15927292439514074,0.41651924154109393,0.31417670302227585,0.5642172043909921,0.5345284157635353,0.19613799284869593,0.2793758262507876,0.890460806404227,0.6834413011656766,0.9706835706127493,0.4929474300215033,0.28673532236474575,0.7207093901749497,0.870909136753304,0.7479148608323811,0.7625631860770483,0.5910901898778422,0.44130013156976666,0.743027926157958,0.5082366187418219,0.6558029309746409,0.3391750923620084,0.8134198149719176,0.7814046139455231,0.8732289442130741,1
0.15573452256442133,0.13874698172063393,0.2664876692363829,0.21336918590720133,0.5123068431788915,0.08295911161401959,0.9331374602000025,0.8973068038551233,0.9224259331671504,0.47632149436032245,0.3866892379680733,0.6435819743326063,0.19067430005466068,0.5291497561072873,0.047384694345810496,0.0674017344529016,0.07788888158994262,0.1028159898786572,0.6672090179546619,0.6659185262514558,0.9099920922810203,0.09923942864872126,0.1951620806827914,0.14046196312876313,0.8243393635548754,0.742708645475755,0.8320636829507647,0.8860907297180947,0.756836807202383,0.9426537192317742,0.10878927894957968,0.23089700044427186,0.15449250345772558,0.03642804607296857,0.03818159369432356,0.3531415377984952,0.3991626933893526,0.3767709340374643,0.4368248616422048,0.10033299641269089,0.08653152752258819,0.5196386121438601,0.7424680165998074,0.7060401916417507,0.7805699993155447,0.9116896663101011,0.7125050274327691,0.9547404017980887,0.5344761349944775,0.536685718241916,0.6221548997512159,0.018779257824657836,0.02758386796385276,0.18650030813011653,0.9243254997045578,0.7583691528921115,0.9338992520165139,0.3615091515383678,0.5133937026695337,0.21576922425939504,0.9325532965298189,0.7954433439823129,0.9244694526275274,0.9390448192091034,0.9122095922422315,0.9375925954439568,0.2840535759964299,0.4565895526409076,0.17679771170155756,0.3917863741699247,0.274604511494016,0.5904401194612258,0.5108076582412542,0.2214526981072007,0.3400327752159055,0.8793787117914462,0.6959879593099307,0.7821491537391446,0.4266488366138237,0.31375444614740067,0.6200360088280777,0.8566023504965559,0.8520283663962944,0.7186518230423411,0.5502173066245666,0.3865864307182143,0.7300900982798817,0.5147498564665782,0.7062204626573063,0.4254113567313931,0.8024777811327577,0.7792637875266726,0.8147736223700419,1
0.15677505525717228,0.15341310267946273,0.29609995540763245,0.21250670243265413,0.4859572031004198,0.08408473640667302,0.9275407049704487,0.8965689253663998,0.9153924066815752,0.4761998062948396,0.41494806678703844,0.6504449949375126,0.19076944173961685,0.49982032058614,0.061108123024786964,0.07302620021967332,0.08519088334650507,0.10386182314389131,0.6765085435349443,0.6571106716335366,0.9192002269309334,0.10665165751422556,0.18867152231342477,0.1524827300161613,0.8142643239660076,0.6397308062999835,0.8492105954371839,0.8792577677528324,0.7493902197947078,0.9331031563887292,0.11528150513426727,0.2152629089814697,0.18230668482837586,0.03990139905639045,0.03116445798786696,0.33431047471774233,0.40079757534902605,0.3765776771504301,0.440285729227873,0.09651953964303761,0.07633703661499425,0.520466562361491,0.7400172132567506,0.5747204312300056,0.7967058180288599,0.9115170571229336,0.7148241777345441,0.9572967631437534,0.5389424507586931,0.5268335441246137,0.65385362171304,0.022313879590775132,0.027878275645715267,0.2694137853336477,0.9301985994974697,0.749904541784983,0.9441101295095631,0.36146306688018537,0.4968881257617319,0.2578119530643185,0.9167698640024677,0.7857385747001044,0.9188800796010866,0.939076435146571,0.904201955447558,0.9566187332874418,0.2869994687710653,0.4401028269048499,0.17252601951616564,0.3800257766421652,0.28955013277953723,0.5588293588902259,0.5188896981970896,0.1838871150956436,0.32934399424058713,0.8884635738996574,0.7055579227433588,0.9527255140553036,0.40834495547407834,0.2954066345001638,0.5985681863384885,0.8419866475036293,0.7407878552047169,0.7053755422680352,0.5506816986241159,0.48151722859418555,0.7673013983609824,0.48494657586737455,0.5473305961553194,0.38848763816967957,0.7992791787392304,0.7221561296308572,0.8917160703449523,1
0.15509669376276092,0.14964993402422788,0.28799583319329036,0.23910874559533601,0.5144339687916533,0.09837743189054549,0.9339633700320812,0.916171915095032,0.9231838280034822,0.47840856419924194,0.4087364239085627,0.6561269519073618,0.2156449959544764,0.524853084322892,0.07624000850184931,0.06664231828022071,0.0774595216670054,0.08430574247430112,0.6824541434013596,0.6645325501213684,0.9137304307725953,0.10585473648223154,0.20138704897918247,0.13279366123657343,0.8099017808448583,0.6539386331253395,0.840209970381859,0.8868588353937272,0.7678404650374988,0.9399161998608038,0.12463462279941329,0.22976912163033614,0.1782610150374273,0.029658634929787597,0.04054655837409618,0.3044133742745063,0.40109082682096187,0.37585248860219966,0.43669811698040073,0.09911401188668822,0.07859277514894725,0.5194192647068032,0.729523962745806,0.6246042762690555,0.7815468933043922,0.9117715198300929,0.7175816459919706,0.9558892275130493,0.5414547517092885,0.5139758943793531,0.6525425574191726,0.021022661137563348,0.031143380479116273,0.16610017279532185,0.9413184482293091,0.7407093831139484,0.9754761040475992,0.3860227694463364,0.5158899181695575,0.25007820345561704,0.9202184240758907,0.7911831613325775,0.9445220978043044,0.9556717120207441,0.9097069807183371,0.9700993155182045,0.3115635026900153,0.4718843779206945,0.17573071655982841,0.3590394775609082,0.20407410383075508,0.5504387018431018,0.5012447464232677,0.2502138175596942,0.33741134675879036,0.8850192474676088,0.6337500689169957,0.9172088071605019,0.3572482684282767,0.3111924802996975,0.6061633601760538,0.8409176557690454,0.751757238536853,0.7763999423655819,0.4867350761194076,0.39090750700350085,0.7201363370708884,0.4575196137041724,0.5202426898779393,0.396230057561487,0.7905407011147649,0.8540147486590879,0.8933770605973983,1
0.15384793747426118,0.13896852433330498,0.27939783391986994,0.21359539061500943,0.507800031467301,0.09664074577288417,0.9295111350178691,0.918832997502302,0.90961938519454,0.4744363404711289,0.3984292516464718,0.6426128287673389,0.18936859180191634,0.5235493323085789,0.07073557491186477,0.07103584180072275,0.09069309200804937,0.08167329169514542,0.6642666966314521,0.6570213831371201,0.8984297076679517,0.09880012389362847,0.1898245562137788,0.12508388277864357,0.8009156989566093,0.5889594251360634,0.835714636862841,0.8769651578688604,0.7349504091584791,0.9404035728721157,0.10253095924071776,0.13817112611127857,0.16878336034880803,0.04300571797114078,0.04768795603176121,0.37008947646855905,0.4008996819917723,0.37861416119937097,0.43600348240187303,0.09687324078072646,0.0776919769069595,0.5212567312784482,0.7139618749534224,0.5356398588631912,0.7824763164544762,0.9121949952010258,0.7192647675898867,0.9539304238652759,0.5308538023946809,0.5239368639945035,0.660114067130122,0.02609894118455891,0.021859275372097836,0.16952377040253697,0.9165153326557571,0.7265305263682866,0.9557682068685376,0.357670673816178,0.5079916627989072,0.24462676328900657,0.9343366107494444,0.8225622405610051,0.9428129382796119,0.9358288215494033,0.8870865932717851,0.9629912401502236,0.28763139532772264,0.45867836698034914,0.18258512418528194,0.3946978919599731,0.2779983768947653,0.5515776098260002,0.5230624244669897,0.30983091183446376,0.32812949205713904,0.8862929900269902,0.6415282357390435,0.9695961270863188,0.4422942168809987,0.5046229837992087,0.5769491810578073,0.8428315843861203,0.7519523213599806,0.7692964875089621,0.5519527719867656,0.422581420641162,0.7499963757899664,0.4918846281404736,0.6121393615368689,0.3989204824224707,0.8205858765953615,0.7952852069335945,0.9079779836509299,1
0.13187322203472363,0.12791698569121213,0.24667649853795703,0.2277533121231512,0.5192828560982969,0.09739442019379396,0.9308057894397814,0.9091398781219969,0.9295964602514986,0.45230169731487146,0.3864778209753732,0.6141863193352242,0.20203264384311126,0.5367669850292835,0.07216715219689229,0.06979086392231787,0.07097893039406022,0.09119745112344646,0.6637401251445012,0.6661729073555316,0.915519572000653,0.09952719726914339,0.1900084757316267,0.12655215320585222,0.7909931312287404,0.5937800833597385,0.8276283149261298,0.8790330735833161,0.7590473229437502,0.9366694178305851,0.10484387209557422,0.18383373700025274,0.15929159660850623,0.025256227560906563,0.03281250265378935,0.28928646804946334,0.4015667523889248,0.3788558907154478,0.43674210845282335,0.10256481155771091,0.08715701254380193,0.5232513680608974,0.6995704619598646,0.5387836810483058,0.7595014635808323,0.9110972919425604,0.7142689427377422,0.9541344277945929,0.5156281976207602,0.5361924295641884,0.6086341522721792,0.019371360469302268,0.015350394972039577,0.24995705815338543,0.9163766916225442,0.7419035848650806,0.9479267838291439,0.385414453230268,0.5244346913251208,0.26213877046454936,0.9287653880118587,0.8174489676816321,0.9199667505423812,0.9349891646417194,0.8973199374118002,0.9554745712490609,0.3053072391289562,0.45137780088916113,0.18966389438903675,0.38068608449805985,0.2801277291042052,0.5306139919286372,0.4812024775063233,0.38545328388331956,0.33515137984988747,0.8864747314862447,0.7273110132051501,0.8591552031682278,0.38228596991379216,0.46518138174278434,0.6068690448028039,0.7987363472481324,0.713394274583421,0.6881792688065846,0.4764458854624505,0.34228609877468763,0.729285893236294,0.4616400979220423,0.592404525595267,0.43812880410030197,0.8091895000539098,0.7575895414270102,0.9043715908990988,1
0.15318531916841405,0.15034091779374892,0.3299522628325082,0.19997839247800187,0.5451623134997232,0.07130104165376117,0.9279192439029613,0.8855107374862854,0.9204368828308016,0.4662376363368055,0.3812364503626804,0.6860617546420071,0.17369711897629836,0.5488474234017371,0.03737893180105356,0.07258145076525385,0.07971070069400382,0.1148649924939269,0.6818418323748694,0.7057401023246168,0.9299271507331677,0.09998346114458334,0.20975217166507631,0.16131981292638597,0.81865077031645,0.7882837880881678,0.8676083946962937,0.8838101019880118,0.7761354757393244,0.9521971679392399,0.09380177384454846,0.20811824335621587,0.13322532518340768,0.03395749827501965,0.017410352875880553,0.3539301781729405,0.4246580813716423,0.405273156729276,0.46324158701544027,0.12170806372630416,0.10408752797839416,0.5286737403336543,0.7310869145471333,0.7610183653441183,0.8344993122218944,0.9294399624138439,0.733317712141536,0.9789435011575165,0.6468956632486922,0.733279182846907,0.6849852743436067,0.006992246024370097,0.008556391006225905,0.2419267074120447,0.9126996962447538,0.7631381673892919,0.928596711707762,0.31892164478664065,0.5005306925738742,0.23570108224135722,0.9510358846006385,0.8240926092755687,0.9410610117588476,0.9228136861990295,0.9072446283126014,0.9424572870165526,0.24460893110883952,0.4121740325851171,0.14882300533459514,0.46750564922216786,0.33281699201689974,0.6504363234158896,0.5594100009990808,0.17730351373100017,0.3079176478791571,0.9320299567338743,0.9057979566692751,0.8815303794183188,0.552220843201811,0.4331608779311744,0.6670126750691212,0.8829678054371017,0.6894935116982284,0.8808193046672501,0.61862722838395,0.16036525561383996,0.7650083261590295,0.5134743057717368,0.6613355397475047,0.2955679203512359,0.8097945514270628,0.8157939692418088,0.733984557589384,1
0.19014072489118128,0.16882330124084888,0.3434031875728798,0.21330000682090855,0.538840537282472,0.06939861599221375,0.9205607554303266,0.9026760330617298,0.9164697415841947,0.5029791306497908,0.4062624779755968,0.7075143330775493,0.18794325333689876,0.5346353029036917,0.04087742653566684,0.08006808104881413,0.08382804534995603,0.09802475597558763,0.7098883057123095,0.7269528624160846,0.9414530869421214,0.10721268708829479,0.21236337866585053,0.14761452537936748,0.8424391043156216,0.7880524701529109,0.8781649122796312,0.8928630290742743,0.7670620385881066,0.9394469952572796,0.10940560794810317,0.18917694942459562,0.16545563973060595,0.03521608912434826,0.0398756619888839,0.32156080374972085,0.4283990241415978,0.40765591910203325,0.4653245678530009,0.11159449005091915,0.10929810100418624,0.5260776252444721,0.7714668398502789,0.7642643838187964,0.8323433625046377,0.9306158519259464,0.735121782402711,0.9776290937779533,0.6200914886029842,0.7827823706786248,0.6790895679203892,0.007675746120644422,0.019333137780221055,0.2325437300806228,0.9688231103234259,0.7849018611624552,0.984126547109603,0.3357445168010226,0.5174200471622177,0.22905360576270173,0.9213556000483224,0.7688622407658914,0.937189553705114,0.9558301190750533,0.9199291963216258,0.9658526467009139,0.24927158832861096,0.422469556216609,0.14195170508659716,0.42461227533345547,0.3055346086119617,0.5568622013835084,0.5194231603889288,0.14228491944326382,0.30469431207010583,0.9001708358875264,0.9154766309112459,0.7896925561295408,0.4908233216139841,0.43228065547957994,0.6677859966236858,0.8670165852702261,0.7180442594236318,0.845001672124859,0.612641083473787,0.471709168893538,0.755883037807622,0.5099544977430388,0.7105832501044098,0.3014331457370715,0.762834377246945,0.82743429620729,0.7010256727194113,1
0.21294819661957565,0.17278509430744338,0.3674216256497522,0.18407303151010534,0.5519227594219791,0.07702869193781736,0.9242372156794494,0.9022565096523906,0.929421622428464,0.5315911932702009,0.42144930127655655,0.7245753881478603,0.16086083211485613,0.5480335413656903,0.036279018577243693,0.07630227036911302,0.07084821587311707,0.09843693357815053,0.7110566413360146,0.7474487634363243,0.934570677417361,0.1044531216773894,0.2213091982909634,0.15203878774009905,0.8631143289978713,0.8052859959480494,0.8768911899540807,0.9040417087325672,0.8069314721659469,0.952218838690697,0.1161128118048671,0.21494666341822288,0.1732716512468171,0.043340426473966576,0.0343690169744299,0.29839289745753983,0.429518360572108,0.41805028829333724,0.4638285501579693,0.10802580773433768,0.10279455395515313,0.5260635921899359,0.7929352687853616,0.7880453494269453,0.8305689871982145,0.9333884859754573,0.7386157473869441,0.9805548577543726,0.6015789705297117,0.7363143299742738,0.6615458037776811,0.003493616954359513,0.012230612956045689,0.19163015809865247,0.978910179209473,0.8082937993460528,0.9903575543762406,0.30468553125086595,0.5426704044398649,0.2254114587026428,0.9289120723619292,0.7798501170728651,0.9451250500514928,0.9678898199628538,0.9551483965824263,0.9795734528870004,0.21995357469765175,0.42936816354772867,0.1427199149411248,0.42857585657487224,0.27734891290508923,0.5213077347868671,0.5826243786590242,0.17632474835799972,0.2880313975372498,0.9207912940067464,0.8970343001225558,0.9550255408903919,0.5474141712170437,0.36457204404526156,0.6357738451121683,0.8966713386756466,0.7294227326963156,0.80017032671864,0.7210333372835951,0.531139806870538,0.7444799067064996,0.5950934922163373,0.675191267091872,0.30680068542274286,0.7668907551785096,0.7924470972968791,0.6919995796250484,1
0.14009820784166216,0.10616188309692909,0.2344436754300765,0.08483426323118604,0.34496154389814104,0.0389465902943249,0.9528399607462156,0.9274486976337405,0.9179554666752147,0.4498286825917073,0.3542323025729166,0.5533691342101563,0.09908805094253559,0.3836771788564688,0.03822370842334766,0.04767419353432617,0.0822988265081796,0.07304177626141012,0.5914912225309115,0.5856929944427933,0.8643701002648057,0.02962827456385453,0.03393122181722763,0.09087172299374968,0.8591149305566704,0.841191067746608,0.7928165967768442,0.8167258189231354,0.7069978230212084,0.8924332850046391,0.032563245465285995,0.053531010695978765,0.07951458412360823,0.13685926681519683,0.18368147648452887,0.1186807367121212,0.33988631512205236,0.3226719950652961,0.3776300286406018,0.016949533292552665,0.004693217064096089,0.47778556672274863,0.8303718448099127,0.7859815493325726,0.782350158614034,0.8238454667668276,0.6456499281242407,0.8751814308487975,0.24168247653208041,0.2769043230138344,0.45641822678781097,0.14485105090773234,0.18338542741815525,0.12936412984726353,0.7777449044059028,0.6685675189591707,0.8218057863427537,0.1260969665670516,0.40395765197803724,0.0545876708393358,0.8785159382015203,0.7648033830524568,0.8506160501968554,0.7758550057749123,0.7080644414284656,0.8402351716161689,0.10368386172652466,0.3902515903213113,0.02823608996030519,0.18814880738606077,0.12694922407841108,0.501333476542337,0.5016775958465127,0.39966182592454125,0.24737409142326888,0.8778667118718797,0.6843121200404019,0.9544030003738143,0.6543277608609046,0.7660951506287903,0.5108631699878717,0.8920531282417241,0.9429717600499492,0.5370977156209402,0.6838963895791186,0.8309862127913181,0.5901464176155222,0.5623391680646206,0.8808526737660571,0.25925380431588063,0.8105502396438937,0.6409264736706,0.7758700986255249,1
0.20476565775320266,0.18028392977633967,0.3596279159779612,0.2030388097350979,0.5541549282748772,0.06333370500838997,0.9277979081890021,0.915494610222024,0.9365009919601964,0.5270236527112377,0.43382119046122813,0.714840800676201,0.18061032374842823,0.5562575565049839,0.03335055877214255,0.07273838719421,0.06376596269516402,0.08514520226208372,0.7150297611200114,0.7437124954148535,0.9510130279274012,0.11241885506041216,0.21959829662231156,0.16300662194825444,0.8570865224574357,0.7274583785261786,0.8668562764437133,0.9110379363550916,0.8094075143997355,0.9553404119347179,0.12617231570625798,0.29669996321615066,0.15794639930954357,0.04212461463597161,0.05522905588904173,0.2962801413895606,0.4317539265683976,0.4179159589161201,0.46668491953867397,0.11578637213749587,0.1049617098365001,0.5175535161329394,0.7860987634084097,0.7093170808613511,0.824552338196512,0.9337402305586313,0.7360045463796192,0.9634999463003111,0.5905462145636307,0.6596963369297661,0.6677028157487399,0.009515753619866063,0.009085365621582492,0.16435717926139537,0.9781456313679295,0.8100658155170639,0.9577183263366511,0.3283283944267935,0.5271842369960023,0.2031360555689603,0.9301611306472268,0.7841559600425368,0.9408725319220608,0.9760905473294665,0.966934826215625,0.9722803587561384,0.24576618555536722,0.429348386438388,0.1329200049621484,0.4054723062162405,0.28049959303047795,0.4962455299489762,0.5506822522498884,0.05097589343186204,0.3141695373310149,0.9058111583867721,0.8388126156528708,0.9296701813788836,0.5031095365741578,0.5519678582624739,0.7006014673173182,0.8723337898993226,0.7165886307156955,0.8575673220306388,0.6601765923707967,0.6711621208750707,0.7294224120084627,0.5655883446333054,0.8270499276847758,0.3613681593321998,0.7471090145864303,0.8671599965823882,0.6989572403706523,1
0.1880542203471567,0.2019553809358383,0.33542943862640895,0.21990131661479007,0.5436775501358826,0.07510382811542815,0.9250356836624178,0.8989894564364411,0.9237717662363432,0.5053973882729452,0.4505648116175256,0.685034953277897,0.19370032373615098,0.5456399306115718,0.03450198606334909,0.07558447373452803,0.07674655168955605,0.10160919735788365,0.7079473818679545,0.7286529882764201,0.9301689779709015,0.11096310748177673,0.18696351448334037,0.14741600995437576,0.8461258789380705,0.7472346657812434,0.8428211753290294,0.9038054412676502,0.7979206475769631,0.9563120934066301,0.11684505119897626,0.2463208984813523,0.15093258816040933,0.03571194312476961,0.025820307951059135,0.3266599480323735,0.431291407711031,0.4147658716574676,0.46067346945053744,0.11176726319786567,0.09396124155449659,0.5225607258845737,0.7713445703369413,0.7400515808784889,0.7925229543081598,0.9332475449346325,0.732370119681121,0.9806600615744232,0.5875315139086439,0.6254529539832134,0.6701797745876732,0.009489113725435094,0.02763048654686473,0.20004882392079582,0.9780555153589958,0.7888803257891475,0.987439434685611,0.3515237938537664,0.5149075949141708,0.2250085063654491,0.9216951658990918,0.7541941556806819,0.9526042899984295,0.9735927807312177,0.9522870534040475,0.9787548888203725,0.26941361996481605,0.4239449285734316,0.1530045718098484,0.39483331320674697,0.26400743627371415,0.52193093934567,0.5229079117998319,0.2063901247047184,0.3406840801769739,0.876546927763501,0.8486055844063198,0.6936150372665159,0.4296678339580584,0.2705892935156564,0.7611255109698064,0.8661546498534185,0.7375486446060391,0.8494639584094037,0.5928879768082349,0.47377700511984067,0.7365507046453363,0.5285035679448438,0.8261179382198414,0.3807414486411155,0.769524929522746,0.7525875103649291,0.7302889007105926,1
0.20589530828419766,0.21248782231824093,0.3213392781259983,0.20072576110308749,0.5292763502680546,0.07976848773678791,0.9240874455186754,0.9156673472678347,0.9212383821922169,0.5262669441971282,0.4690617469349392,0.6779162226033173,0.17742217318749942,0.5360863331260863,0.043271410990586956,0.07650684167548055,0.0791199975422632,0.08478573998790595,0.7026119903800718,0.7238062629138042,0.9255714079701567,0.10510467944217883,0.20004462942146395,0.15736066019250838,0.8572367946428677,0.7097107457897777,0.8558656325940132,0.9061276312749156,0.788024632120429,0.9551209682141518,0.11314307095769838,0.23375467560944152,0.1603747686619421,0.04282912257118482,0.03937482964980618,0.31258018750823235,0.42928105143773276,0.41003614695823964,0.46223624343588776,0.10790446481822435,0.0954022692130776,0.5259925633446687,0.7824596312296251,0.6571332139983999,0.8096567395459203,0.9332166112540061,0.7328921341117476,0.9786776556783257,0.5663148278295473,0.593073930249723,0.6725369683838434,0.009074988319909771,0.024279415638371993,0.19357962035123533,0.9884904390585967,0.7892496906374582,0.9910445860394204,0.3319177089661206,0.517263583953997,0.22370355033848044,0.9173212906595123,0.7653761208689808,0.938086135352266,0.9778871978027601,0.9544495899379699,0.9930340060229994,0.24561726573525255,0.4363561634130686,0.13483025127038473,0.38874538951039717,0.2571684286940455,0.4877997537950308,0.5549433702370643,0.2665461889733072,0.33154327135253064,0.8924220252804309,0.6871947098488853,0.7576069222390976,0.45128691363449236,0.38645790569646943,0.7328674110912828,0.8776736418987947,0.7732897625708812,0.8390379967788426,0.6547585794785831,0.5835834108999585,0.7638981607938566,0.5821419433207589,0.8895520922323783,0.3914592056472199,0.7856987571930056,0.7949830015040158,0.7548852344208483,1
0.19629472905183443,0.20020137459551757,0.307356156433364,0.2017749456814073,0.5465872478876606,0.06840679422003992,0.9282805853367827,0.911295387052666,0.928283645368144,0.5177974255560094,0.4547462898909207,0.6804240297926438,0.17268416725169855,0.5518414760811128,0.04154278277099155,0.07233957606762631,0.0721168891934261,0.08931292837065291,0.69952300846075,0.7347311660038969,0.9216806200665897,0.10015186270969512,0.19923596231064655,0.1355030821379022,0.8337806600993308,0.7003305959704716,0.8475621526540786,0.9078184473051913,0.80085497684489,0.9547011247667251,0.10514610067465746,0.24981918588264485,0.15676768882043124,0.04147850929041097,0.026453728216682487,0.34865742982301073,0.4302006284167157,0.4104657475136788,0.46485942724948703,0.10882940462680057,0.11080525374147321,0.5242695201407797,0.7488956790915047,0.6667978757396524,0.8147467289687903,0.9339333393768141,0.7326081466504153,0.9763772598009246,0.5787812934750711,0.5981267393371148,0.6559186613897463,0.011897699462105782,0.02603965765195862,0.20079698448268568,0.9822218154656217,0.7952082313813622,0.9922311487392486,0.34358713706221555,0.5192688223348279,0.22823392445942603,0.9287326236885922,0.7823951920853883,0.9387884183552684,0.9812388458498476,0.958749132833324,0.9935165820249641,0.25216266267250687,0.4379042276340013,0.13385109776588644,0.39602619229698455,0.2816705855006311,0.49136588450074303,0.5362014944955433,0.32220575007574226,0.32637163350747683,0.8911775495310712,0.7893746596027285,0.930041802176501,0.45772680782893693,0.3481085960921235,0.7474004601240942,0.8495243225441418,0.7307166831666576,0.8125892163277022,0.6289403493766068,0.4939783725279998,0.7411113707984598,0.5439710614423054,0.8246010891834104,0.380889658554844,0.7856569120705506,0.9250273460465674,0.7467117573488458,1
0.19990192316555255,0.19562002615348728,0.3156722154871021,0.17849845718072155,0.5370426993920507,0.05457924318698959,0.9271863629537852,0.9007016080669172,0.9132426336411851,0.5223998050329532,0.45418351901964726,0.6846432459422531,0.1472826634003397,0.5412122945129125,0.02409763173201629,0.0733869550897085,0.08596070863793734,0.0998610847273983,0.6889801150853452,0.744852837069085,0.9137503981591972,0.09704285635706889,0.19824305414436294,0.1343946566741514,0.8457575559209274,0.7525657328780482,0.8675045391739667,0.9111162179182068,0.7971189914054642,0.9612734915597351,0.10182246671789041,0.2671821182720189,0.13118475319439016,0.04036787967779354,0.058253083361585134,0.3728413453201903,0.42914548380591677,0.41236441722514483,0.4647579084669742,0.10294853100258816,0.10972645843227813,0.5230413040291491,0.7590149904894105,0.7331485393055579,0.7814531562188045,0.9336553234267291,0.72727608451441,0.9753413223589584,0.5657943024479231,0.7152970178906806,0.6476820927670985,0.004417880114421291,0.005360686040739665,0.17099091659868026,0.9884611836573876,0.8193201972439459,0.9934445375829333,0.3268613339403742,0.5216827470437357,0.2184791715084018,0.9429473505235034,0.7633203007375995,0.9602800966863431,0.9792844781263323,0.9718061795127895,0.9677524063392589,0.23541535685170134,0.4416212694109032,0.13201446522406213,0.4429175557176758,0.3537525199830807,0.5155049386814093,0.5421296372794442,0.23855486415814475,0.3381164358815771,0.8700414776217835,0.689892215427629,0.7893924557362834,0.5412673663165501,0.6617612263446802,0.6974049459400982,0.8543524917992769,0.7451501531307096,0.7769186679114644,0.699434765515186,0.5830502681761658,0.7807195180085327,0.6107970844205775,0.9193091164568976,0.40139741663266193,0.7465778752612526,0.8196786781397636,0.6897507624139121,1
0.16399650300598534,0.17936261808364495,0.31553242280414695,0.2240379922328799,0.5517677064653428,0.05330549900129511,0.9280394656751372,0.914988265747548,0.9329152387415375,0.4842447947825681,0.4206677710451143,0.6845151708471149,0.19492126838955715,0.5544093282844851,0.029128568566034962,0.07253311727107015,0.06615771447093902,0.08562051099171553,0.697234844987241,0.7317500235521184,0.9212334139952365,0.10664487495077202,0.19620514871757955,0.1283327850798779,0.8261018054385101,0.6858660175575972,0.8478850769290208,0.905932741828051,0.7945504918009081,0.9533924521648262,0.10639385661484191,0.2164571898094403,0.1285326545938874,0.024464023244227584,0.029473103481276852,0.3269903207360032,0.4310958120496924,0.4156285577286041,0.46601735663548327,0.11028184715062572,0.094524344425988,0.5222254438277338,0.7419217312746909,0.6548961947241845,0.8250998341740202,0.9339490322427315,0.7303759181213025,0.9781113846817013,0.5791173497138367,0.6077032157723821,0.6594045499828525,0.0017666505776349206,0.0,0.2536977327213946,0.9632918682736453,0.7957096792292275,0.9632419705468707,0.37160348584243474,0.5427137639374262,0.23563591035204579,0.9482965874159945,0.79755358900359,0.9464551798928432,0.9685066769470418,0.9535511242522401,0.9641688257404912,0.28415012860473343,0.44640047380680103,0.1469920829750393,0.4453298201871814,0.3548077628981037,0.5066044298961884,0.4504031782839726,0.16528354227401376,0.3029688436868958,0.8522314848683976,0.8722889660498749,0.8861540573811547,0.46932006023243833,0.5058546348517989,0.7098731891152956,0.8052566284195017,0.6091767798871706,0.7759238008910014,0.5590909026092565,0.5666956724645456,0.789180056274762,0.48891133162514633,0.837831820342636,0.39746031508874613,0.7676491885870527,0.7977518014094844,0.7708931247610487,1
0.18998460072784473,0.1706418605148614,0.3371476255688308,0.21357210432586227,0.5389702428485534,0.07065584128649083,0.9206351448787464,0.912810699573303,0.916264295094533,0.5023716531240199,0.4090145700644334,0.7067918751096172,0.18754077910202716,0.535146698158524,0.0405988990321573,0.07999385580718305,0.08404334532575403,0.08785280755006786,0.709928075224957,0.727303820873427,0.9408429723515084,0.10594138163945033,0.21258138117127157,0.15313119466811598,0.8439743375717813,0.7758767317666277,0.8753735286228543,0.8922678079212605,0.7671820331791199,0.9402558177485426,0.10919480827788952,0.19100181052973486,0.1591666307221784,0.03520787586526003,0.043109149585986745,0.2912913325386135,0.42785363067563953,0.4075209560956785,0.4649975543202398,0.11100346347262047,0.11136710896997037,0.5246333000929853,0.7712505108544657,0.7522326623124622,0.8331005810275254,0.9303473991403239,0.7353119137013548,0.9770748983502391,0.6322763675122651,0.785730975932708,0.7044552595907305,0.006367687514037601,0.01744868221321977,0.20210119992910647,0.9715310670607007,0.7849077055429663,0.9841180756957535,0.3356557736870952,0.5193125508493894,0.22787466371670595,0.92004007000916,0.7780028416719625,0.952759085130807,0.955492708818676,0.9193806249229799,0.9601718946985367,0.24904589945247446,0.42103742980554526,0.13668320541652657,0.4242177461479509,0.28211180234222366,0.5239703462980584,0.5235620273853272,0.26186436822189485,0.3043178360537141,0.9316967197527548,0.8467519019514347,0.9612122748969801,0.48941504477567976,0.3548198603745356,0.6804897628313593,0.8710845748571994,0.7115107335982289,0.8540393916800058,0.6208382579759855,0.49814427032666764,0.7635859846310602,0.5156998834187387,0.6999628790629089,0.29780260168962525,0.7526663308118118,0.8008615464433477,0.6873228316273976,1
0.21367322790317766,0.17354597859096232,0.3687187219223822,0.18365413670635444,0.5491678862719673,0.07447776213071644,0.9246600573640782,0.9030131937849527,0.9326193342370949,0.5321502326600833,0.4238737942051012,0.7238034166122196,0.15996286251114222,0.5476861913764757,0.03776048743935578,0.07590249868411092,0.06758740551252895,0.09754124187400276,0.7112922465342333,0.7457187532629024,0.9341294932562529,0.10531176743626558,0.22052689726487262,0.15624565568729532,0.8589025227757171,0.7968557213434718,0.8772054090683709,0.9040650693784391,0.806011667474066,0.9515901680019537,0.11298908265563945,0.2322613468621464,0.16789932748197423,0.04177427733902456,0.03512730840896924,0.2885369293210367,0.43026502260154365,0.41812125475677275,0.46536363720263463,0.11005664092181178,0.101451258331136,0.5267982765681887,0.7877411166479893,0.782125177894559,0.8244759986047671,0.934378130028948,0.7389826249988305,0.9819080533249807,0.5947872862009476,0.6846661399975531,0.6639964505996421,0.004206144020826474,0.012834025502322988,0.1852702803568278,0.9769182354439754,0.8085883561238201,0.9899274889331566,0.30487247587558686,0.5356515165814562,0.2216474025347086,0.9298999634647764,0.778626248134114,0.950562737912385,0.9682815991738705,0.9533102241630971,0.9842517486964504,0.21982697992067057,0.42358182084593454,0.13955637879464822,0.4272446181209109,0.2821474051103281,0.5120767001247826,0.5834283821733472,0.1780199862713303,0.2872707063560207,0.9221941435790644,0.8539169822597099,0.9694533709703764,0.5419595851916592,0.3648628188667393,0.6890455677757796,0.896279608881835,0.753670600176684,0.8675733966785744,0.7079156750093576,0.512543540966826,0.7299172282299524,0.5907153305741679,0.6869171857773892,0.3021919459340209,0.7875562755290022,0.8003192730008859,0.6893617083868304,1
0.20540419880017913,0.17989355641401206,0.358048879485648,0.2034576148195879,0.5540265928380148,0.07526419901960346,0.9256709515490562,0.90438087697321,0.9373712481182047,0.5270926585546412,0.4336903235586984,0.7146766356917116,0.18110178399455457,0.5565081560405818,0.03761270561346497,0.07483285731204115,0.06292816833289835,0.09602535801544954,0.7147092130134594,0.7442824840205478,0.9498340012899564,0.11161363673887559,0.2186340053040845,0.16626839628713208,0.8615554703906944,0.7182391324060463,0.864371583319791,0.9120661012838722,0.8094410513495314,0.9558681713464728,0.1264670675265549,0.2977628731530446,0.17133306754567457,0.04186417165041134,0.0371322808069765,0.325589449959544,0.43119869856586757,0.4177797286514897,0.46366150561583463,0.11623504432673659,0.10609041086547322,0.531739207123783,0.7914897837676156,0.6991289279586523,0.8108255253558702,0.93409209706446,0.7362567646587359,0.9835274603011097,0.5888247504190751,0.6628340979926008,0.6655933178364624,0.006287209957240358,0.010768848675221543,0.20757499344014974,0.9802278169511052,0.8100198397237088,0.9902239884178827,0.32660532465183423,0.5269406857756584,0.2104558315373577,0.933370916946423,0.7451455421071892,0.9646895195753327,0.9751884567898397,0.9669646114168642,0.9811363481877862,0.24607023753610613,0.43119099774110237,0.1535165848199277,0.4214366331011417,0.2863127929103526,0.5483273285911395,0.5401612509977669,0.0,0.31814859127184464,0.9141080773058103,0.7910090095071629,0.9216545213899247,0.5146955487921197,0.3860102120283484,0.7141577256176324,0.877912568157877,0.7141333569372605,0.8667589117432499,0.669835317820223,0.48521216729423244,0.7203183393847599,0.572510250919041,0.8293923968446464,0.3688367629311694,0.7387469139191984,0.8016568168948135,0.6886373758475433,1
0.12367859417306093,0.1307508212832933,0.29441773350462386,0.2274531131477886,0.5277331280575293,0.06391489467141853,0.9489861418398232,0.9137712623615262,0.9242093349251291,0.4306268521580421,0.3714197050570984,0.6305746500656104,0.20014054607622,0.5248363172653563,0.034425864226224734,0.05147784125152438,0.07587185097434784,0.08682040430178539,0.6618398373407688,0.6513120215662696,0.8923238076221536,0.10390659068003982,0.20848885036153675,0.14861539781747446,0.8054179359643582,0.6254687537204734,0.827313537079732,0.8641610259011214,0.7424365332455012,0.9345384606039421,0.11722889215884891,0.20734530480435254,0.13752294232582507,0.0,0.013365128836253182,0.3441678005502875,0.39218925308807195,0.3658531871783244,0.425273562355605,0.11864801648014645,0.11244923132715101,0.5199659061542716,0.7367772643888861,0.5916026933110787,0.7840112291247794,0.8917170908584813,0.7017675276383821,0.9398065823194277,0.6692563030988268,0.7397178982193395,0.7310322113526375,0.0,0.026758714644485343,0.21572749415324233,0.8860934899492068,0.7145199347922988,0.8992119184886207,0.35474519640742697,0.4907331067015426,0.23103614700641417,0.9271521342218662,0.909369468381513,0.9439238550769472,0.8889896991905546,0.8550486816202563,0.9042342632967217,0.2756799742316013,0.40926829178250546,0.16162314024716806,0.3478270487310747,0.38708471147742785,0.6161297288583542,0.5260701878986518,0.32644825299929536,0.31939924700448874,0.8625286736177902,0.8575292367193947,0.6885438668325906,0.3509395831205009,0.551401745970284,0.6871228773889572,0.8702100452712629,0.7356882507965192,0.8642368655340047,0.4580472737617227,0.3792994970794865,0.7197180559814977,0.406573113720474,0.672364224919896,0.3432200261279247,0.8041748117821252,0.8598740981735373,0.7829175050220103,1
0.1417106940450097,0.12438834662939158,0.21819347178874482,0.09031605149552391,0.35182908825436177,0.03867003652051548,0.9449541679952373,0.930257442895037,0.9240199000792595,0.45006608518714364,0.3577624696614454,0.5437159690498388,0.10075561654213194,0.3968590316435159,0.04821784312087085,0.05554633401174286,0.07656015988185502,0.0700452079154178,0.6012165976690209,0.5833853423639836,0.8620751185761668,0.025763042972423378,0.03147338826053314,0.07965131080249988,0.8486833071722351,0.8562075262252464,0.7941278132686024,0.816855297758051,0.7053288213315922,0.8802162346981787,0.03300802560437788,0.0850466486091408,0.08819286025548667,0.12975543850196553,0.16985062147959862,0.14319846440957096,0.34204055055231697,0.3181722777430953,0.3761418555787648,0.024135384143706418,0.025421557773771752,0.48233054924727803,0.8190859887995656,0.8195386039295782,0.7829429105092295,0.824053492595801,0.6464946335884432,0.8740476081133917,0.21374537890266865,0.27985540089286687,0.4057349309264193,0.13719962776826394,0.17640743790141836,0.1285047198360354,0.8074147800113751,0.6447964752930764,0.8271139742607383,0.13273646117579085,0.4117058096837256,0.027700302203006788,0.8829751420392241,0.7637993438377868,0.8788582136124964,0.7864345764315008,0.7053374589655665,0.8467762984204934,0.11088491860401661,0.41380516066528084,0.02186414515169116,0.2216478118414601,0.1417941182615205,0.5492195219417932,0.4822206147845496,0.27104805851694014,0.2687204711151204,0.8825884545891531,0.9173437759403402,0.9199718337382846,0.6554851221343829,0.7635192751304141,0.4876074460793679,0.8899944619256233,0.9101900887254581,0.5738887272067943,0.6763777078699844,0.7639279867971922,0.5901484936366124,0.5344688866223355,0.8755751138543673,0.2685671983425437,0.8240600440097476,0.6174600753978607,0.9027849505056427,1
0.1516951652305112,0.11644031441480385,0.3009659396091324,0.2032594809704631,0.504656726683655,0.056559720610482866,0.9357328664253266,0.9279579920131327,0.9155909821551633,0.460506498138356,0.36777551532082153,0.6443862947324823,0.1783874702721331,0.5142789621463284,0.05857460440305995,0.06479029214694704,0.08467757348340069,0.07257966310953212,0.6654256579522313,0.6675446702147605,0.9053580738761611,0.10543385680582418,0.2205863817243161,0.14628384273230433,0.8192357723859758,0.6464278190118663,0.8366122848066172,0.8727206473267426,0.7376244424674394,0.9348316724380551,0.11323616876681175,0.18983571472930372,0.17295923653099532,0.026753323720971223,0.003219992501822283,0.3597029207187197,0.39586279037940697,0.3724891851386718,0.4364326299824959,0.11448163334419359,0.1104812824439163,0.5122934955065079,0.7449338170924802,0.6113010533456308,0.7707124414508169,0.8929241949405287,0.705406953548295,0.9281915316962639,0.6433138003956103,0.7137194831719356,0.6902259022753547,0.01693974842455903,0.026954638094703998,0.24329241462902218,0.924484790376396,0.7336174221762293,0.9404157459298739,0.3349195580097669,0.5060052442851029,0.22886354451518365,0.9171532767096422,0.8425722253412238,0.9508357365451373,0.9212552664144862,0.8788812612952603,0.9327568208769266,0.2606590975354566,0.4181947120580334,0.1355875166088979,0.34989720723637874,0.2940281058707734,0.6124522745456283,0.5517380479467453,0.18958996766804148,0.3303351999550633,0.8843962916562189,0.9951911785958822,0.810698632258544,0.38484289929090565,0.37386721275809,0.5465217909639104,0.8416763706246577,0.7264997192850915,0.7907072034236602,0.5157799268314558,0.5132574812043202,0.7349217045848881,0.5134608348125891,0.7140025385523394,0.36712989973608423,0.8000559820818336,0.8139865809058735,0.834758563508188,1
0.14060478719960434,0.1298944444943131,0.30658890225922475,0.23859995740443551,0.5161539376714519,0.07736719155444116,0.9319295629741708,0.907190627883909,0.9009921405214195,0.4511663668976973,0.36142523126837833,0.6546809356699916,0.21068991289105776,0.5120738674985543,0.04288147248567409,0.06870011302671547,0.09972248468634345,0.09314497103805153,0.6790409374999831,0.6625408699870201,0.9129944899521256,0.11035376147354903,0.19830671859284843,0.15478110384873922,0.8109378933680749,0.672184523939576,0.8367935580972126,0.8797327699515325,0.7553782575646975,0.9398426506437362,0.1340610950422434,0.2213503972178028,0.1677235690095893,0.030075130910978576,0.020983340886402163,0.3498432415463677,0.39431724428553716,0.3699185517265522,0.4273011693117952,0.1089416278660682,0.1121934645132896,0.5207584498958426,0.7404094059109005,0.646044967023159,0.7767947008852882,0.895044558740216,0.7040179790994254,0.9404222533706847,0.6168345269293667,0.5427263409972376,0.7194449434654562,0.02438966890141203,0.04482908063248238,0.2548932635472806,0.9396008163757958,0.7472449590269963,0.9732814430997017,0.3733921010944051,0.505210566174481,0.24065290874400358,0.894777471117387,0.7321544656101852,0.9225076677241169,0.9296548621255762,0.8877219017949183,0.9507283016992563,0.30090314702172716,0.4803952152052746,0.16423564380473055,0.31332335795336796,0.17613534574155296,0.5835366872869386,0.5097229710342774,0.273735382997935,0.3095536373165971,0.8952167764311536,0.8379560279904226,0.9294868161418958,0.2913992956711915,0.05346934573683226,0.48726367109196833,0.8317607861263459,0.7377241991333481,0.7371317765239114,0.4500534590927736,0.0,0.7398420683821672,0.4339912543145914,0.5566861482450918,0.3594688493502829,0.7553441386723647,0.7629965117226511,0.8314166099254963,1
0.14257967897250934,0.12636313164233925,0.2849139718398024,0.2557436807994269,0.5559150876117711,0.09797905129253404,0.9379297320133874,0.9175111048835343,0.9157362217551108,0.45705050818772897,0.37034124084714515,0.6377701817852128,0.229397274272654,0.5552628621457845,0.07764184013116204,0.0626137574332844,0.08505730125928965,0.08288145735979696,0.6867507591725537,0.6892315704443415,0.9229880084750464,0.11897612152844861,0.2074692545729082,0.1579336088902874,0.8143018593063405,0.6522854079929514,0.8459236717021333,0.8869320328980734,0.7827245633389137,0.941507905610525,0.14391889631036836,0.2602729648260409,0.20359643758538493,0.027660929093930087,0.018907256166889347,0.31241138063363794,0.3988028931811223,0.37651304697837285,0.4355324967775478,0.10853996505821861,0.08910915794910768,0.5169533331850866,0.7376771093785754,0.6110080839232297,0.7965236714540866,0.8939803047479271,0.7011384333245494,0.9378675386935078,0.6119122122083951,0.6174527759542201,0.7174434155538503,0.024322781301885643,0.04442398956641355,0.23848150112216282,0.9451571442732569,0.7583960370424632,0.9681647091347114,0.3886781170972028,0.5346284169475117,0.22556165207309287,0.905321999460485,0.7412842530857872,0.9451138333717681,0.9356590116748971,0.9018561253675488,0.9487864809619075,0.3101203449164115,0.4932223846289143,0.17034848909290956,0.32812329341744684,0.1766342555003267,0.5263488678922426,0.4726255616253652,0.3157246956730857,0.30236339831273706,0.8843928275344792,0.7678642743233004,0.9437563393774074,0.3151094992003731,0.17726092987115027,0.5625738741887936,0.8278081516914875,0.75161794929011,0.7649813217546819,0.4334613247913035,0.23590659250275792,0.6918065893236778,0.40940545943928974,0.4845776666830126,0.35952646051665826,0.7480735749048031,0.757749418030679,0.7891136151570812,1
0.13067313397422442,0.12299797574986915,0.23391361925396925,0.23526944244450254,0.5168068042443863,0.09050287635196796,0.9362490619050722,0.9215147962872764,0.9109966974663332,0.44195511283386635,0.36091126554557373,0.5908865547337281,0.21203545099784904,0.5378432488575742,0.04703923911694319,0.06438802594940968,0.08973737092037959,0.07883225701180874,0.665650871576724,0.6755026441239331,0.9112744422205636,0.10775310488509371,0.1972083460876588,0.1545645675710463,0.8058194992722026,0.6296359482108953,0.842903963027724,0.8757793734387072,0.7642130900868622,0.9229567573288459,0.12427376521503586,0.24156431679970947,0.1613797362574818,0.028284275476663234,0.03125017307321237,0.3141310384408327,0.39692072661909483,0.3700991360308299,0.42816346369780645,0.11726842899016088,0.0995847844114488,0.5202081382648798,0.7226359928170405,0.5859946088682924,0.7481876207119794,0.8930454642037586,0.7011421424168898,0.936722372241853,0.6021331931287541,0.6206103180166593,0.6889475011749688,0.022600614747766423,0.042393254170036684,0.24550009102136594,0.9226711332001525,0.7354969749486475,0.9522844791132348,0.37364226889976127,0.5106404668286466,0.22589302217120688,0.9133269050486541,0.8132543648290134,0.9480894278439393,0.9230344720279298,0.8700761339201559,0.9523798257443719,0.30026955737743066,0.4551554045697779,0.17509441191570385,0.34978370459977504,0.20481033746546648,0.517392768090039,0.49941790916681605,0.3421359098688628,0.34179472033623787,0.8705875006432464,0.6672307537669493,0.9282202206364466,0.34886496280444157,0.25256008265853813,0.5701862711105151,0.8334005225684837,0.7820769388738604,0.8003870641361408,0.4652040623729632,0.15189430821517114,0.692310397318775,0.4583266601891487,0.6591477261722147,0.386267951775618,0.7647502728269644,0.7191402979755139,0.8564705574214595,1
0.1442347417549752,0.13543148193100363,0.2796444513329859,0.21261046181496734,0.53403914778876,0.07450832207983837,0.9348925995310173,0.9089047908131915,0.9069128266728991,0.4560221736018861,0.3742758860024029,0.6368446081595276,0.18253902813973522,0.5234754666226795,0.03796573246378676,0.06560833069563221,0.09359496057313399,0.09118402110649432,0.6594585669018826,0.6671077032465842,0.9015557129704022,0.09763371393312292,0.19383573800600384,0.1154896380096968,0.8116777159081578,0.6396722032406925,0.8314661904718137,0.8736401918699679,0.756280370746365,0.9291324837012419,0.09915234227257397,0.206237012195996,0.166798015219233,0.029609021165295013,0.009453932692298495,0.27808058799462243,0.3939063447719411,0.36775217370435875,0.4278973614345527,0.10895924252529987,0.10186298051930187,0.5255100421617729,0.7365304037776594,0.6050704593226357,0.7879659591242582,0.8933660652112072,0.7058080193156626,0.9399399624669358,0.6064437505630487,0.6171066084610786,0.6793073225435915,0.019072994928735154,0.03338081946052818,0.23546327470729156,0.9314224687806845,0.7370141761293683,0.9542670723344375,0.34919742437203205,0.5126340811739611,0.23300226875773766,0.9072541485385042,0.7648167494281647,0.9308544076618331,0.9198796399342257,0.8750641731979996,0.95091845291767,0.2760922909547,0.4403626541724559,0.15991855567030377,0.3358850138482656,0.19106709330397487,0.5068162231765085,0.5164927651423394,0.3514200250729491,0.3193652442914029,0.9067869719429442,0.7354305346316412,0.9559371607997841,0.3491882168348355,0.0577203845911769,0.6438405623228346,0.8510476526733317,0.7299853269353571,0.719870853673563,0.5069090158075302,0.14453251380855114,0.72825763096001,0.4683765966741884,0.6419416053673572,0.37110182422647686,0.7760941859119135,0.7612541072331087,0.7739923133152109,1
0.12647594668745699,0.11876307411765419,0.2561237437122723,0.23127053099303208,0.5249382928052919,0.08770650334989316,0.9436646763243757,0.9211576566625781,0.9174663964564462,0.442322380828001,0.3611788300542105,0.6160200818228208,0.2026220746341334,0.5225503328940668,0.054844093553872764,0.05685965233505136,0.08292482397560713,0.07925418058677314,0.6570759418522649,0.6494868918109509,0.8923101790884413,0.10584659443822719,0.19175378192547,0.14932765056708464,0.7976025765188175,0.6156575148159513,0.8292480087493254,0.8714547155348664,0.7421090095477232,0.9341214628107469,0.11955141696024629,0.1974714686310195,0.18965387271297285,0.023817976192081536,0.013120371006937914,0.3438388760557698,0.3934833136909006,0.3638011792155069,0.42749528552926686,0.11419454150639208,0.1033177322508223,0.5225192744004055,0.7219551442471714,0.5560190651062245,0.7766914408582942,0.8940268999812109,0.7051234498816155,0.9371905749818725,0.6092453291238762,0.5923989036380988,0.6881781015063186,0.019537752856047363,0.03545392738681591,0.26291995940757673,0.914202810283895,0.7277936918094516,0.9432912261707951,0.36619016214890465,0.5028460897436431,0.22585692178040606,0.9109342160497729,0.7883764013026979,0.8996687646384867,0.9225541906751198,0.8756459665518737,0.9496486083096463,0.2986440023612259,0.46199485636940274,0.17293220381486796,0.3230044861284448,0.2337012380238527,0.5346261721186606,0.4896239397431721,0.29706103514363136,0.29207943859668317,0.8798747184666373,0.6988526894800566,0.937006810130319,0.325954992428926,0.18857518845035592,0.5953427630576169,0.8448631075530457,0.7484147868046707,0.6671968237933641,0.474735461059971,0.24096834678574908,0.6897114985516357,0.42153874582206896,0.6273952122992519,0.30230277077630885,0.7668840445320568,0.730867546053104,0.777519796403634,1
0.12416680840589356,0.10423980994699589,0.23380465374765347,0.1967538352641922,0.4985452653015463,0.07872876117950356,0.9307571522206821,0.9154077891568873,0.916220752750591,0.4383574480409882,0.348839981523148,0.5944563729353116,0.170603720134876,0.5219773073736986,0.0531976715100706,0.06972520357626438,0.08442666918475145,0.08508990810251349,0.6442995796773188,0.6441335908972379,0.8881515746502935,0.09342418142937525,0.18101796237752632,0.11917790586249799,0.7977367535337158,0.5993830339350957,0.8126514492957859,0.8688081004492192,0.7241053595584073,0.9289123832912377,0.09952599702020581,0.16366376695281648,0.16628686443257212,0.0348293564717837,0.01088854808799053,0.29290065491410266,0.3936401221267447,0.367521532698194,0.43112319765706975,0.12187938296088063,0.11650074401110544,0.5282063316710279,0.7070138325671251,0.590079635676785,0.7554806397268192,0.8897242398311012,0.6962025990093821,0.9414214152164244,0.5938226691636856,0.6155896530536324,0.6523883145610707,0.01960284111760968,0.021018600858622394,0.23256918600649445,0.8974698704592226,0.721969182191939,0.9313411674144805,0.3412026295074083,0.4934571901993883,0.23912808896620796,0.9274015203349385,0.7994018400523546,0.9301880031774205,0.9074703763586662,0.8741884555505783,0.9385384694441767,0.27467050867591547,0.4635963627346873,0.17183865632558992,0.39274752346659453,0.2955448005388803,0.49225515200839765,0.5345006776503101,0.36493850757905566,0.3418137415020085,0.9060898978855327,0.7622300600576013,0.933978725723054,0.4387228287989622,0.4044415749194967,0.5305051046237113,0.843791066051526,0.7424486643379806,0.7611222961480351,0.5546582932317485,0.3128196287212166,0.7388163627540252,0.5137463570225398,0.7227368509847167,0.391406687266726,0.791845925897658,0.7493305291076373,0.8234470725211049,1
0.1083955020469296,0.09634792732562003,0.23839768898932467,0.2417199208766201,0.49915200419076844,0.0855422532593837,0.9310938049017061,0.9155737213084034,0.9374336313478514,0.4288310421886057,0.3435724807203462,0.6029834895358026,0.21798429703439437,0.519578258654974,0.06083919525562176,0.06945730166304154,0.06294345168611201,0.08506100509844994,0.6571232508097129,0.6508185659575032,0.8908566801208819,0.10598265607838142,0.19118884032956318,0.12363563552110302,0.7869044758218513,0.6332022821004859,0.8162345735113918,0.8829997636407922,0.7706984900526788,0.9330159261417011,0.1284003228592896,0.2758846038092777,0.16035945026297238,0.03171598156504163,0.023907179737758716,0.3464277308692536,0.39527511227918,0.3694259050719002,0.4297465414396595,0.11404479298971193,0.11907712679462978,0.5123556727327605,0.6938278340668134,0.6831526112677864,0.7605331534978899,0.8924264054992255,0.7001353657439195,0.9417059229384761,0.5604246127837023,0.5168676292595613,0.6658500868296571,0.02497452941702505,0.02170775947724002,0.25180264483943937,0.9087574888126859,0.7385376113159676,0.9412402968778746,0.3820084260094173,0.4870503170363434,0.2181498819624057,0.9212815120121202,0.8106077736564605,0.9143901640356089,0.92740484222098,0.9068407278914026,0.9438009889115178,0.32018047801275473,0.46084962989117595,0.17532343780952464,0.3826492356146813,0.2678014677865234,0.5032940744978145,0.4989330491287782,0.38973820065056675,0.3399701362561892,0.913638999691452,0.7909189650755684,0.9638404931371972,0.37560870415147973,0.35568150333156634,0.672502101473269,0.8237028289864674,0.7580001394244027,0.7035570327149283,0.45444064254435235,0.16718474547011297,0.7387359977648125,0.4474257169714362,0.678509287124502,0.37352100398147026,0.744997460040921,0.7372920996967673,0.8085039578876447,1
0.14438432867947082,0.13678556565845046,0.2802545725373098,0.21493388898783428,0.5289066437337484,0.08678144543053024,0.93465937928022,0.9222711787250175,0.9146456422694713,0.45657751020851967,0.3758830006700986,0.6427833755005548,0.18641112469966803,0.5166587514070735,0.05313601687822578,0.06582850749754071,0.08586428090939624,0.07785692296274377,0.6596427605041781,0.6660916366016507,0.903957504330229,0.09650928821081228,0.1886602684967733,0.11607402851871429,0.8139758333061828,0.6774030263706596,0.8344167918029538,0.8736926579147553,0.7580445989126949,0.9281091426601985,0.10126069268279547,0.20392583993770597,0.17605879362770782,0.02637396862836855,0.004612479569976541,0.30792790624963984,0.39317317524005846,0.36869311297401586,0.42929186034707145,0.10759517425894227,0.10281285271907148,0.5300058010488522,0.7399082013733257,0.6500947850408743,0.7884888463125876,0.8934954440443976,0.7056752983158461,0.9390747296582007,0.6147163445639201,0.6268672954551917,0.7083893597832613,0.0157780264067236,0.03339609865160978,0.25378974595470893,0.9299031728772915,0.734379139769529,0.9530861572438425,0.3489931296557348,0.5142667968927661,0.23268709322745984,0.903557711367116,0.7612362681222118,0.9270129697019145,0.9212715314556206,0.8762122126853207,0.951480269025794,0.27598684394428874,0.42928764873814584,0.1652628104251368,0.3262388129918137,0.14115244155964957,0.5177309389115127,0.5208309143419085,0.3855989509238418,0.31379983189944394,0.8951934454045265,0.7710366363524335,0.711632983705682,0.3300644909095607,0.0,0.6590931435488014,0.854737750496783,0.745609867573994,0.7197868787812503,0.5021219320469883,0.23684125664744826,0.74886541431531,0.4675563240061711,0.63600750625762,0.3671291619637346,0.7809528772192196,0.7929489598536312,0.8407773803303904,1
0.12922204712873286,0.11904916966401746,0.2339804114700219,0.23491214189094478,0.5233870781743211,0.0882136333164012,0.9395239657681032,0.9316366240081364,0.9118596007044257,0.4410751844523184,0.3587361971589784,0.5909785399395138,0.21003140460832892,0.5352255486453124,0.048176875240500294,0.06106307636134961,0.08885781859304542,0.06853595533705542,0.6656806164619096,0.6765886837946296,0.911896917574311,0.10747358057386958,0.19634019451739793,0.13521303222300096,0.8037682340133471,0.6322081810097181,0.8402606757973536,0.8752276986303711,0.7627563865198077,0.9227015240339033,0.12417036365574496,0.23398302210374933,0.170097920849833,0.02674359837015039,0.020940898719439216,0.30855145078533996,0.39710924043046747,0.36885247070217675,0.432890855003492,0.11636423955193731,0.10388499393229633,0.5213420090713985,0.7199655314915585,0.6199802724842618,0.7572679095315754,0.8934470293615069,0.70143645083082,0.9355616539211478,0.6028189282929688,0.6057770409355427,0.690103415299804,0.022539743673196833,0.04245910099351702,0.23534029116617872,0.922305216189149,0.735838676395872,0.9473405619907707,0.37538878208348725,0.5146860002053579,0.2277507302878511,0.9102501151854401,0.7881594497398093,0.9408083665714236,0.9225554821164905,0.8697815550068024,0.9485746732847804,0.2983815547203742,0.44629587487295397,0.16556435563376803,0.33825232335561956,0.1707923033629235,0.482438854364466,0.5001982456391845,0.35303788861580543,0.3356286814013131,0.8679962174569011,0.6604180722438517,0.9361188362814125,0.3387976537287294,0.15867199482491223,0.592966041910878,0.8319822915936155,0.7859530416188036,0.778093042881266,0.46014621399829503,0.20664121596770713,0.69316737958323,0.4528754840439879,0.7104018576915507,0.3824520939075279,0.7645567702869474,0.7008739561781097,0.8642193573181833,1
0.10537622340288966,0.17743978099366853,0.08891649538673407,0.8828724271576744,0.8538679547099222,0.8975283608717017,0.050824199408321835,0.08629407132803069,0.01736420796942717,0.09517053975247025,0.09283106357000159,0.1030606206712763,0.8889014740558672,0.85314482024808,0.9043374303917855,0.9481272829066094,0.9825467206372603,0.9126049852222925,0.23329383345098664,0.19151070487072364,0.39051533289278306,0.9167966490642518,0.8953526881831069,0.9068135985926569,0.0802779101898562,0.07939433417471953,0.06081025156331521,0.09349587791043712,0.07732974498226497,0.13754108550107436,0.851720502135775,0.8411348534139709,0.8420431196806355,0.7460311069532441,0.7957850922137768,0.5842675658657382,0.266188941314053,0.24955499433614747,0.26389223012154606,0.8952467652848437,0.8782974164640631,0.9418863145550196,0.1119795814225516,0.07852808477368864,0.18546983422825136,0.1101345575220607,0.07783997943550158,0.125698073086832,0.6186689761289337,0.5625691562290989,0.7551639601581623,0.7812087089614379,0.8273887893241992,0.6941690240215255,0.17564504418974725,0.1116664354889485,0.21212335564562546,0.8972062789000038,0.8543617209808951,0.9752431167323004,0.11999937806912586,0.11530723525169229,0.25808968947980315,0.10612705073733242,0.10550802015639849,0.15596743719846073,0.9131430828576437,0.843579589988001,0.9463987093846038,0.691169803690411,0.7072487842934254,0.7940248528654904,0.12596851775718787,0.16494887741257358,0.08379977253077057,0.3644677867774977,0.4502398140763484,0.683918281843458,0.32598759672023925,0.3116558567506291,0.11815650287580692,0.13324098797167672,0.3675199628148986,0.13118574934079463,0.39148263304912145,0.9186513750380794,0.07460608675048247,0.271831410466979,0.9089287730532014,0.05604740782477782,0.243217281143425,0.14590788531093146,0.5494169433511671,1
0.1837842613180105,0.2725338917225759,0.08441958099444591,0.9328216420833502,0.9409225399729493,0.9714250709968186,0.07449178059940287,0.08961298253153471,0.05176300168016579,0.12447396295448776,0.10917085451552344,0.08006740006896695,0.9381490215699677,0.9366830591088626,0.97492251932724,0.9241740285967446,0.9446822595517004,0.9084771472688103,0.2519164232140718,0.22211606812092688,0.3063791046053346,0.9828636123959331,0.9614823655908449,0.9687910296199886,0.1270720398932097,0.21454519629817356,0.08988580087802178,0.1115263243797735,0.1044986741366889,0.06463602604824348,0.9598693685087802,0.96782989619311,0.9391053329393548,0.6827890204648537,0.7807594205180242,0.5541997577734488,0.2447213369330652,0.25295061288570375,0.2167304491744675,0.9920144970925371,0.9755083521380854,0.994609148126663,0.1897271113386556,0.25353300416813046,0.2233295378987643,0.11081422034256394,0.1012198398381674,0.10042134587338514,0.977285237438668,0.9801126775190205,0.9218941385899306,0.7242798527661172,0.7520732234277321,0.6815938607616563,0.2219772434515499,0.22217899545229303,0.21123512790352406,0.9153924728230601,0.8976691871450344,0.9940544568209804,0.11891321646609743,0.15416807010901473,0.18529388376231803,0.09020744340028752,0.13197086221775067,0.11514964425198171,0.9288330443770987,0.8969621393171658,0.9606220120579065,0.6017990539430933,0.6174994759280906,0.6777539756779389,0.23499169945516196,0.6874932074622446,0.05351527383118314,0.3511194713420176,0.769795740407206,0.6590338600648574,0.2621537555782252,0.41165256266625416,0.10029208735685047,0.1915724606919995,0.5693038957883765,0.09317338905812722,0.29781550337359386,0.8731327400732436,0.08795609509653246,0.2409024510270381,0.9481557274518622,0.02286916615341869,0.21108877008607907,0.19097895634430095,0.5451972574121866,1
0.24205970930218035,0.29722481590477345,0.04390389370789505,0.9615354695085498,0.9204260919187723,0.995797318708608,0.06713858513447424,0.06672306125041816,0.04967676222052975,0.17718862941606428,0.15219691192981388,0.08148194768330441,0.9674454140632345,0.923659360459109,0.9999399678584668,0.9315120377804369,0.9478824635116139,0.9320357413945408,0.22506261510808878,0.185103070813613,0.3252717386998063,0.9783916746913466,0.9494253479680106,0.9748057037429021,0.027133538849398176,0.19135767703661594,0.03006569125897751,0.08319945845912025,0.0770449885874378,0.12131833907042788,0.9500648195664594,0.9743903196373207,0.9427680427560707,0.5965802673214207,0.8020494009839197,0.5751527187421995,0.2304517063929139,0.22236834414172613,0.21640251274368394,0.9939315351391809,0.9756069159346463,0.9933353785610763,0.1283830541591265,0.23275052990365058,0.20147747931974114,0.09886518455006033,0.08768020141338995,0.10888650264262889,1.0,0.9292779811511807,0.9858659103322758,0.6600192174971142,0.7639759882837094,0.6344703252814075,0.18408359937981844,0.2273676364701811,0.22940362799593328,0.9755833851519301,0.8991039252430599,0.9953734144013904,0.0378392131112113,0.09034336593113773,0.15747802350668672,0.055718644557157804,0.08783835865866463,0.1395245518521342,0.9773021492359768,0.9030821438281047,0.9659381917499192,0.5220165360501829,0.6285450528721254,0.6427180911573757,0.0,0.8172014525937179,0.03805188888254929,0.3153271119259964,0.5782825556524518,0.6503283268271683,0.0,0.2555391340356694,0.035935425118940933,0.0460202193746615,0.29925734834578055,0.0805935305180161,0.0,0.92681544770433,0.11233367801107036,0.0,0.8805432295106357,0.07466835242876049,0.21019838554030157,0.33022871481094285,0.5149990800758133,1
0.19428835649271603,0.2954074025408264,0.09705636856287336,0.9375702629725504,0.9044741341297133,0.9858837813394343,0.0905746978495321,0.08390860390051197,0.0383050751656514,0.11562742578814689,0.15500407177466524,0.10248912406977784,0.9412742395082447,0.9002699949426929,0.9852223582409934,0.9080808209523112,0.9585020689413153,0.9152705254197735,0.24967986871176606,0.19113259542161343,0.3869462417733571,0.9774386036465463,0.9440653158656946,0.9787605657975655,0.10494471631803526,0.20765731327123826,0.056207122793184516,0.10146588863228545,0.07451110280721185,0.10840432237366093,0.9555300848553676,0.9800139492000701,0.9463436795681179,0.651755650643206,0.8123756411277927,0.48084135880663736,0.23163198243794847,0.22262638960810133,0.21916059348495498,0.9892069210286891,0.9687764864210688,0.990399231765827,0.18782461730900357,0.26407086157550397,0.21747794562849776,0.10675806699222767,0.09663443411668271,0.09430104503071157,0.9926760599389617,0.9874637914983744,0.9532009022299892,0.7176871221852109,0.7957611497889392,0.6453827100281702,0.22641577506677546,0.25903210045477065,0.21544400868432856,0.9384896341074062,0.896165073850911,0.9999999999999998,0.06474092979886137,0.11029165724488971,0.13409963031544503,0.07604816241998624,0.13177480358541804,0.1146545500657894,0.9393542811762343,0.8792079206180232,0.9673131084704798,0.4985467119827654,0.554869669481129,0.5239203238209774,0.16227185484044693,0.7382307036928575,0.04285249041358127,0.2919734572170203,0.745401236961917,0.6890688712946239,0.18999717315544773,0.29297631638811783,0.06145657404229288,0.10608247818487415,0.29344104488355605,0.06953198315843134,0.23910726371143465,0.9074068758647265,0.07715195952162729,0.16897330042383296,0.9982877965264656,0.03684594781714154,0.22541866034916636,0.052471156139566766,0.5194294532961041,1
0.1702618915100853,0.2884784663445261,0.08268897755032256,0.9425663236014215,0.925459946670004,0.9857772344897935,0.07157027542957983,0.06817042539305013,0.04168605034191408,0.10753828149121825,0.15036455934241744,0.10320894131409863,0.9481964885397387,0.9225096841086358,0.9803908525077885,0.9271499241183452,0.9555203580309941,0.9308810948498131,0.2295930625313667,0.18423150575573644,0.3251673060984517,0.9797807362888626,0.9511385003999928,0.969688639711666,0.09863176227658765,0.3113679642697185,0.01931490747987441,0.10682390341594572,0.07613302969573832,0.10801851732877576,0.9578027915584908,0.9630460849085898,0.9384490604782485,0.6549852733280757,0.8245234791396842,0.5377920011020868,0.23393522989682003,0.23014661703027217,0.21662123957509793,0.9939139212011998,0.9743912957770604,0.9842186427618262,0.18710584484657422,0.36121079298746805,0.19543970687989698,0.10820316101430172,0.0957352211215714,0.09826311237542762,0.9743822460426621,0.9264010820206785,0.9766893675861361,0.708630520618762,0.7869158071690844,0.6698762159517726,0.1856424380472843,0.17489990524311017,0.16915747412371362,0.9399890028338492,0.9001491658970355,0.9948358447190608,0.07047391984974516,0.14867393682595548,0.15362491326680727,0.06317685672400875,0.051857999216747386,0.11036031214843467,0.9478046708916046,0.8922748765051369,0.9678328302266215,0.5374913176364469,0.5297941422095237,0.5525829200422793,0.19114581361326088,0.8639576985256445,0.053304761249425764,0.2234790832269553,0.712455428059525,0.4133124218778871,0.20210541127030668,0.34379631935512434,0.06414450877170344,0.11544897762896644,0.45050047238995905,0.09367926229911605,0.20311828177823132,0.9231134550344464,0.04395411317414821,0.17091887311204146,0.9916694281605274,0.015946859305457334,0.17991620860951896,0.003093975413241523,0.2631402793597464,1
0.16451516711325365,0.26821419274551106,0.09183715629571232,0.949443186581981,0.9452784091155613,0.9709567604251412,0.06353837887260538,0.07888810038526439,0.041355495396683595,0.0863897080419993,0.1181151538042422,0.08568531949124658,0.9531933999150675,0.9402983992444853,0.973037456000091,0.9355058669093024,0.9553091191490525,0.9193362034942963,0.21986901278935012,0.1502823794254522,0.31663124832614664,0.9836609409320776,0.9498275915288987,0.9755271099415035,0.05642478244993909,0.21433758090420268,0.019725829201353684,0.08854014009166589,0.08561860211532002,0.1058929230658775,0.9627074033014544,0.9710195814284548,0.9444317015072903,0.6590768564463811,0.8276909681517967,0.46923088533118706,0.2320045650710254,0.22529476031472973,0.2212946413464465,1.0,0.9783904074552483,1.0,0.13967312011989924,0.22540456628255368,0.2050667146257905,0.10556806830078957,0.09897067849619812,0.10202318838564461,0.9930968155810938,0.9561615959310501,0.9783270638148078,0.7263887605710322,0.7894965274435721,0.6528413283689203,0.22654533926156972,0.2313441529700362,0.22474788013457703,0.936719239870636,0.9241874868364715,0.991518544945071,0.10685879759864436,0.2070181017476488,0.14917476863063162,0.060520344264392234,0.06672817910790729,0.10962912500771438,0.9452052823063128,0.9032943302367653,0.9551805890348035,0.5860952817858871,0.568761081446615,0.5808471768965622,0.18297376351251615,0.6723941183265616,0.043321767776267395,0.21172913314114172,0.4831299931064077,0.476968208121089,0.28111367840680535,0.3278144336515574,0.04548946656669969,0.17905209419100698,0.6851246568390286,0.09850065052920098,0.2604185911223258,0.9058784112130294,0.04265287134211937,0.17227147565996592,0.8186755449966441,0.04184512012443628,0.19704608439586968,0.11894857376201173,0.5654611176642157,1
0.1448530984188916,0.18375107166464266,0.10277887730419755,1.0,1.0000000000000002,0.9877341724930173,0.06317245750400102,0.11985373164647944,0.0872140246578692,0.0865827420969949,0.05702039385754798,0.06596813658878764,1.0,1.0,0.9979245644762778,0.9361455833131667,0.9109531700387127,0.8802264535297302,0.1386777220675932,0.12454087035146255,0.20674945208540318,1.0,0.9695146968414718,1.0,0.06352172549589308,0.3217749459129234,0.031659462200705035,0.03570497819398599,0.081986765827325,0.020691627505174615,0.9813847672380431,0.9950967606326824,0.9613702227254901,0.6179931065139186,0.8433570568862389,0.5019775182280309,0.1745147934358835,0.21136379009070527,0.13900382387414156,0.9946168943337081,0.98078796140957,0.9839002003704294,0.16822927070290672,0.38789620640159866,0.18233348647636327,0.09870155482510445,0.09069359704227287,0.08416872789919339,0.9767061920253042,0.9539349971626656,1.0,0.6574496523916207,0.8025891111794243,0.5675232600416806,0.08906740155771065,0.14723338715358425,0.05428044304929691,0.9999999999999999,1.0,0.9945101539659176,0.11306797882838304,0.22406032833997847,0.11625919665444029,0.012316842030071218,0.041788146373643587,0.08417477438163612,1.0,1.0,0.9885603160129073,0.5368223029504937,0.6742773239914908,0.5810726083805393,0.13140884385802876,0.8644229212046435,0.02406679132754655,0.30052160041995446,0.6013153158924789,0.4173720353749536,0.03239052237886386,0.25041441991329494,0.018541137854473116,0.17338558937096948,0.6511817957776049,0.0354003414090267,0.06840421458294443,0.8357120652596457,0.052871073504293375,0.07240433668346613,0.6290416888333645,0.006646329685598945,0.2663577335748495,0.5470451412798516,0.568036923580705,1
0.13203530002695185,0.21050157820463777,0.029429035732336573,0.776264512868722,0.7665386585384513,0.8229229903047872,0.080876655674888,0.10970367869903858,0.06290306398504686,0.13168204151405316,0.09312324660485638,0.15722824368333388,0.7861385811661195,0.7870103339454064,0.8243464947043269,0.917614497547705,0.9347224733710819,0.8888251809669667,0.24272259501393512,0.20036794149380333,0.36263071903193,0.788976437380525,0.7628881923669542,0.7956003375334313,0.17124636043566033,0.30701114944900854,0.06602451502911177,0.1702595873126007,0.14252003717370876,0.15368929768049655,0.699213110980665,0.6840501406862813,0.7176432078823645,0.792623580311196,0.7801598026046014,0.6519629241269892,0.23191865053008254,0.2249814307060798,0.21866607396104776,0.6974600316300901,0.699018188139573,0.8453319907658186,0.23466472547531697,0.2941817675009695,0.21337958897021125,0.2075003184910431,0.1692008905691973,0.19794528706097325,0.08832437524944581,0.07927853749179548,0.35217001555131056,0.8429531163391286,0.7907035945391533,0.8742364209096469,0.23592865598639845,0.2097279323984398,0.2937183195595201,0.8075089856639602,0.763023924571449,0.9065729758434964,0.1279737169335382,0.07562327881488967,0.24329512167520506,0.13051812074833147,0.11791290185268877,0.16818793900489726,0.8261368062750194,0.7874982123690613,0.8660313200642338,0.6296115121412776,0.5837351776198707,0.7294761315862968,0.3081587776589241,0.7527075202584079,0.07789057174422824,0.1568893370283444,0.5174016086288029,0.3662044983859577,0.4058309587500504,0.4334424740910854,0.10663561951250267,0.12635068075820532,0.1707964128796906,0.11674506729334722,0.46601253230471684,0.9387409224514691,0.024976244291498306,0.2737279340809955,0.6874712690794098,0.036954176788515564,0.35102970313451953,0.24552161989939947,0.2364421518969162,1
0.13039501716711266,0.2549422623664226,0.040570277078517236,0.8023316690274429,0.7714932741498408,0.8346621404904182,0.07777572603452843,0.15152672664136246,0.06368760344027113,0.13216207530800972,0.1252191102821434,0.1584284525645714,0.808606565971643,0.7782522653654222,0.8376246850002664,0.9211689794749567,0.935622300166979,0.8478843938782166,0.21025013215111743,0.1702691537946972,0.37800180340364675,0.7883525342988169,0.7629338507087975,0.8113980463107309,0.10762892624985732,0.2517982941189054,0.06357930500514508,0.12409089791964023,0.14928973201669526,0.1834132506138133,0.6981317262975324,0.6987445719936369,0.7120995599185225,0.7128925414509383,0.7875183032998849,0.6060937969289049,0.2178866459415323,0.2049386322259661,0.2129497974238843,0.6983758064395014,0.6714656561312919,0.8369240321672153,0.2001845350520537,0.31739649201904224,0.22147829629642823,0.1915428410731257,0.16740423849270214,0.2019155877481278,0.11488731204737945,0.07791859376873944,0.36980360347608965,0.771537543203834,0.8104119250115341,0.7802852510421372,0.16684979429322633,0.04012284108583941,0.2636277163764995,0.8500933379941019,0.7906452160774433,0.9104065899295317,0.10310074822954163,0.14208122405040935,0.1968138347745959,0.11406338441093511,0.15104861092131694,0.16143049797712394,0.8610137982622401,0.7960016661994875,0.880083412439185,0.5169325052928309,0.4327387564647571,0.6433024103189007,0.21889493559025142,0.9358556059347887,0.06034167531655567,0.2644041776629331,0.6473985335971619,0.6702781328356023,0.31218852632821914,0.7095946023780728,0.06374418173702864,0.1006921445276725,0.3439331834569952,0.10224292440283334,0.23916021117462316,0.9002765835790836,0.04640757668912904,0.16818883719898814,0.8727032108658754,0.0028614516881375895,0.2966341852985903,0.29649867912861705,0.6479630884922543,1
0.10090324297365205,0.2195191264803964,0.07637561459007447,0.7865835295690085,0.7816973115096106,0.8402777376276944,0.10187406328853033,0.14699584029885243,0.07419497263610098,0.12789742110521063,0.1293329955844298,0.2011789070441079,0.7888519174449047,0.7804016208759834,0.8451100440533159,0.8970496933489782,0.9240151359138061,0.851811618860272,0.23960725474914168,0.18842405621603664,0.3846144947379597,0.8069958551152361,0.7614570284264977,0.8336692458416164,0.20410022773216124,0.24188436544672604,0.06373808408433856,0.1461401939269018,0.1308845616651435,0.13136924454118715,0.7104855222205932,0.6970964644510369,0.7178979770441698,0.7234599654188953,0.8293387359005793,0.5156828261837019,0.23178141355488435,0.21769707173046138,0.21773886908076312,0.7059673077453423,0.6801317843706931,0.8396375931282076,0.2765752373005062,0.2958747151171237,0.22282286149426955,0.1647400228529945,0.13612256002198353,0.16611664889789424,0.13074336007111498,0.0663467089980081,0.41075417499124534,0.7470429005175526,0.7743115415401385,0.6572155477116769,0.1240102369013858,0.052828329504615024,0.159500909476872,0.8270557788726832,0.8313524039474118,0.9118457696836677,0.1508937959167288,0.21277218014271077,0.15831569406244572,0.14956203639066734,0.18212079470190012,0.15672240888921296,0.83287623009628,0.8185373746493849,0.8915768673093065,0.472339612706124,0.3771073562614249,0.5579441498099571,0.37757114623736965,0.9936075467351317,0.058405635721333185,0.24664445181654493,0.5768333976224254,0.681131064384343,0.44747301462905864,0.7297351075811473,0.07000104263254717,0.1852836570546632,0.5142086961578904,0.07179935316856678,0.3922748972011929,0.9421499449975972,0.06120645707225586,0.2617834315052483,0.6817389376303211,0.04800161251222848,0.20745490582491533,0.19248701482830644,0.0,1
0.1252470142607507,0.23479143386389634,0.025855009940694007,0.7787335151857966,0.753609205806882,0.8460786216637,0.07621288818481042,0.05484158172560749,0.10738589768410389,0.1186364329764471,0.10604602930166074,0.17409366514612357,0.7880473412082245,0.7653019792378513,0.8419064369328553,0.9221974884221402,0.8917060032174403,0.9438938100281566,0.2577656633314054,0.22721553459482768,0.4330105272499363,0.7927495204413808,0.7568182052027361,0.8174376063730886,0.15935244426945006,0.22585710676998175,0.06581850497094233,0.13788289088769523,0.1215352907938152,0.14906653238097334,0.6952313389394318,0.6902059417859752,0.7080776739575532,0.7340738257526722,0.8326134841515151,0.44810088079851884,0.23328792543581978,0.22687265527517608,0.22325087752220352,0.7059315657479956,0.6800211600251851,0.8377496075602324,0.24014281917386737,0.32462856932584405,0.21321536131015073,0.16555420469313264,0.13502757145727617,0.1714015399277775,0.14139936254954932,0.09345409633594315,0.4053302702516337,0.7934873225254415,0.8270049285236359,0.7243637756804739,0.2122989580317105,0.14299640609561104,0.26152101694240404,0.818505642796829,0.7863782725004196,0.9058184664295326,0.0925504713727201,0.0,0.19621252169782188,0.12477634751725875,0.16250347562204004,0.14270266846377733,0.8338963184853541,0.7848398172806053,0.889420702484705,0.5870052643503185,0.518013629512079,0.5893872878917197,0.2998707417557769,0.8438207569632148,0.044611018066211386,0.24220893399388466,0.6692098527614707,0.6436321820041252,0.3006745155426076,0.29327483146792854,0.05488936110197665,0.10034007915158272,0.0,0.08093355834202032,0.3457031978445948,0.8942851202390472,0.02686902113666856,0.26073021606438496,0.9630654948985118,0.01634567797090572,0.3141641812136151,0.24581588897599715,0.5634181320088893,1
0.14569986460412165,0.2685636953155006,0.11539340080060745,0.887766043461605,0.8801796878799968,0.9091152619414378,0.07791945679512025,0.08951090911711712,0.04012847494253924,0.13470995476838432,0.17952023675247908,0.1700188085539196,0.8927474910907591,0.8814353779476032,0.9137792423456992,0.921070998703073,0.9583962944967621,0.9094008377115411,0.26058987901155506,0.22057647933271918,0.44126292135543665,0.9084594345412951,0.8667236216968437,0.9128697492813109,0.08050523080732208,0.10791759972133191,0.07488014052131575,0.12518966119808494,0.0736196045316726,0.16846968048447064,0.8446161971324608,0.8220688765639101,0.8488037741310137,0.636438618779014,0.8419736527002707,0.5528982703472868,0.26903314454458727,0.24964845463397545,0.26784392563903037,0.8904224217405048,0.8657477914639591,0.9303746760793201,0.09133843096151495,0.16482838085288443,0.19750256651236486,0.11350434409978205,0.0856310085280092,0.12851918213269542,0.6406134939380408,0.5727699704644955,0.749904278696885,0.6625905379375854,0.8367949629578066,0.6311531039488046,0.2689058851349442,0.2152824316363331,0.3400349276393009,0.8905853208651203,0.851738563632692,0.9684409483921295,0.21984902421086605,0.2116540551713907,0.23376951117451006,0.17073252946358886,0.1837836926677836,0.22402417311447054,0.9160484901903321,0.8667413098722321,0.9557806340215229,0.8171662976463789,0.7210227589347509,0.8196632128191187,0.20567191279237362,0.21273516402129466,0.06460788145714753,0.44485007716045644,0.6704166837073542,0.6220994538782526,0.2029461878791996,0.12318070487395438,0.08140654875907269,0.32535038646412406,0.67246869176447,0.14025973279671788,0.35620059509507573,0.7354405501249044,0.11557346051436934,0.286918063248933,0.8699562559823555,0.1155930549268557,0.052822053176920125,0.16024086341489596,0.48572880013465225,1
0.13865347286394458,0.21925671307538774,0.0996400713049721,0.7815908063346102,0.7803954603965291,0.8451954116025941,0.0798077970980785,0.11255201302517132,0.09678556768257085,0.13362246976380732,0.11117640059438649,0.20163531210822416,0.7927658946673954,0.7838395474163322,0.8497549634006749,0.9190703871798627,0.9024134026761491,0.8871409362724596,0.25185888830813763,0.21756253702511463,0.37379470674089466,0.7961820561593647,0.7710854724159306,0.8201192808821633,0.15985470532746648,0.2978079927554089,0.04546463799746747,0.15520227168264933,0.17718970514098387,0.14806081250651892,0.7054348329187929,0.6990655946801949,0.7140421747772887,0.7235175563852363,0.8109267368076859,0.641285459371817,0.23156570583072655,0.24527102773537246,0.2206221563204669,0.6994106213293474,0.7116468305293244,0.8313829186637682,0.23564534017130107,0.37178018950148006,0.231126840390521,0.1697791313504904,0.13994469904586015,0.17125754791668113,0.15079741844590444,0.19326778404588296,0.3991578339947637,0.7598459147035452,0.7996067098815137,0.7498720881804176,0.1947718803043248,0.18296300740911553,0.21682146057622842,0.8215796149862001,0.7950909483912196,0.9079097024636156,0.13045133898093475,0.17923779722258426,0.1428708460600503,0.13150167944227675,0.18762892941676457,0.13385143594213567,0.8440351795687675,0.7995369343669818,0.890167118476908,0.5980494544007802,0.5571091008650961,0.5848538829287159,0.357438984343865,0.9678794152412262,0.047951495669665195,0.1846626523169279,0.5561431154054244,0.603312996673599,0.36946080352969246,0.4294954682874401,0.06875978565309218,0.18677829927906453,0.48906185740292063,0.08288842778010386,0.40927680906172936,0.9364924192484949,0.02303195178471218,0.28433596833773955,0.9202603541651797,0.01581490007086303,0.22608994061877885,0.26394972928841653,0.5237985270611598,1
0.8618044140841103,0.8831702671479231,0.9161492232300761,0.755245712013755,0.8004452463252563,0.8209109893301725,0.022287305302935212,0.04389421640971791,0.038730331988531375,0.8864576744981609,0.8952831551621485,0.9614837257705351,0.7725297107832625,0.8171556907393276,0.8335354685846668,0.9773603717375539,0.959812531227409,0.9562618174101782,0.9461513085817406,0.9375632877773703,0.8742003933258216,0.770897026645768,0.7898507293759343,0.7670999299189059,0.21919907551093742,0.15780369922283605,0.043925847820672104,0.7147622045466235,0.730818133890272,0.5433989085164851,0.7084088609190315,0.6689807051989431,0.714274772572165,1.0,0.9282431630819682,0.6318971270088213,0.8718091856932841,0.9093793111532507,0.8412895346440536,0.6804461345300741,0.6804790450041462,0.8224328523737774,0.220250202522973,0.2607522943281386,0.08515357633625587,0.9083743705428999,0.7793106184218033,0.8685446249904629,0.03820893780084944,0.03392317801539946,0.30448084575895784,1.0,0.9103060222871147,0.4902996631758613,0.9349015400027421,0.8849849292907885,0.7168143304695718,0.7718104676058367,0.8543100586008221,0.8977025137736767,0.1541148574447273,0.06487876160626638,0.23119287394383203,0.664422811185233,0.7159889415075926,0.6399400929775618,0.8163009269590045,0.8530741846403234,0.905998027798214,0.8228921307621077,0.7102683260735015,0.7924234257336576,0.47997427532224224,0.6895973805085154,0.045942985838470285,0.20236579466564297,0.8573398526462288,0.2773433135272495,0.5661387913097069,0.2556695470752697,0.0628102580676656,0.18650659589241148,0.2704184485863248,0.054277767581483394,0.9415421502910353,0.9206835283538624,0.05838441834648511,0.5891573996327559,0.9877464576029666,0.0013588665633406938,0.37663336902756894,0.3562585789108974,0.5377792721550525,1
1.0,1.0,0.9431808037458445,0.8098873367809225,0.8280108760857419,0.8344889674453948,0.02390355163287239,0.011397426945437217,0.05718382918492382,1.0,0.9753987499403434,0.9816529125310915,0.8161368470557786,0.8313732492019787,0.8420240674804538,0.9761487473418076,0.9413007634019426,0.9898104016519524,0.935156685529567,0.982207171542699,0.9343637138705192,0.7782788718415419,0.7562169298559254,0.7953783663954002,0.03167464788033103,0.05627116318544495,0.05462000324255312,0.6804251710996643,0.7053446667711749,0.5513717749844885,0.6746701472332646,0.6434164075077264,0.7057867670801157,0.7702783150505368,0.8929839313475889,0.645454310326276,0.8440153467130664,0.8441671507329267,0.8360447051802269,0.6802456595540791,0.6587833650927788,0.8252899822773316,0.0819860972894344,0.2658556017375284,0.15078653383647056,0.878868490715307,0.7572847379881038,0.8722750609679006,0.06916905793936579,0.0,0.35003692755485183,0.7844592935795321,0.88951039421699,0.4591761389167388,0.9349490585365707,0.9163349656038728,0.8032268462493446,0.8714030139655821,0.8465431732823574,0.9093983656194724,0.1291225870781455,0.06807911424442964,0.2951911579552561,0.6760718987840553,0.6960592051246257,0.6653661525072858,0.8945945366746215,0.8345744128681651,0.9091548068956734,0.7589995255508218,0.7185140590479888,0.8715574743632446,0.08599512082188632,0.616841311107315,0.05570595322753254,0.23286035690489015,0.5052552447662988,0.47142870065354325,0.16300211111792628,0.2155466137839479,0.05837637619762226,0.12170481253009546,0.24800046771439277,0.10119299759313494,0.4577562654963687,0.8684808923033565,0.12079243842461607,0.2035231113587701,0.991822903651439,0.036880208981615675,0.26788428875510073,0.5722365228961026,0.5152857249250196,1
0.9413213791097226,0.9448137351836214,1.0,0.7622500304791875,0.8267873506930228,0.8309776017598125,0.0,0.004637920960650077,0.06302916733887098,0.9552056260552568,0.9469971768597083,1.0,0.7749831742635083,0.8405235309791781,0.8334108072457174,1.0,0.9351836400291045,0.9966113488399009,0.9600519138493944,1.0,0.8793703617424871,0.7649314566632843,0.7414541731724444,0.7851090547633688,0.13103518815047044,0.06053173389622468,0.06172265156027945,0.7375230593499582,0.75495043069597,0.5624117094731503,0.6820934403929062,0.646179017918989,0.6939013019429776,0.9166808419571457,0.9223508094140308,0.6712249651881076,0.8582769371124321,0.8908710040376433,0.8207639749833109,0.671585582876733,0.6553307210461563,0.8231131316790594,0.13305468240728108,0.2566953008799245,0.13709685526529702,0.9020947470428917,0.7683657319861474,0.8694382170898205,0.04262468972295963,0.004071176981842228,0.3282796114531674,0.9071470662046219,0.9122864870548071,0.40755899131294493,0.9746161146025178,0.9462005292670992,0.7348543474519327,0.8015380059329674,0.8393004766131325,0.9108168523147071,0.18407269815081473,0.06905560766779884,0.31680721019859837,0.7049256286301915,0.6775619405353188,0.6564227861497309,0.8448671918749244,0.8494678946757297,0.9169036194037894,0.9037155070722293,0.7050949921417471,0.9674535831525052,0.2700747783633892,0.30744304095109154,0.07357550245158266,0.16698148093737863,0.6469840491223318,0.6006981302056474,0.4011204866958269,0.12535360507127935,0.06336602819728007,0.21832949385288103,0.31011493366331244,0.11771453439015533,0.8143538690378418,0.905751382340096,0.17982432422672723,0.4387790084575769,0.9458151901290464,0.12766136512581097,0.2890807824871442,0.6787776863481598,0.43060695085289336,1
0.8277758238274977,0.8617188307210086,0.8838119430904632,0.7923515776156966,0.8310000413322316,0.8459585843860684,0.027743132655144942,0.03588190592015783,0.019202406857858678,0.8412258729956932,0.8756285012565166,0.9071864872412334,0.8069773198799446,0.8496409583868823,0.8630612768620172,0.9718559675217118,0.9797879048782695,0.9638566427074273,0.9024723733725706,0.9287087844756092,0.918759676655114,0.8129414168516549,0.7878581607533754,0.8267452337705055,0.15292601013112495,0.07053478178360323,0.03287666677129386,0.6381251447402452,0.6762756694198249,0.5093481383237498,0.7135755084079314,0.6979678117431245,0.7136414777095128,0.9119773737869131,1.0,0.6691352899528475,0.8262797307225553,0.8584798825124853,0.8113922531939961,0.7441057577403347,0.7196558667916522,0.8547136274560816,0.1292531941675456,0.18947777216830328,0.07643489268675685,0.8324085238858696,0.7003929057642191,0.8135868812483067,0.15834954541419677,0.07702350353647347,0.3959650068320517,0.8944810297124619,0.9999999999999999,0.6846424803978454,0.8531447790269153,0.8283778181602828,0.716436646602123,0.8057611373920309,0.863036019103641,0.8985044822683819,0.19791914677356603,0.07893313166475235,0.31659089912999994,0.638262383518774,0.6380430337242124,0.6052490749374813,0.8547195993795433,0.8704548357185846,0.9121536042837026,0.8745209292480396,0.7248798109581458,0.9311010692823576,0.388584889912279,0.5346215605414084,0.07951393136109296,0.41292402104651593,0.733245356636969,0.6367969468150306,0.3209350062445606,0.11700618935355322,0.047289771443409595,0.26370548276123307,0.2829568994759448,0.12761692707238415,0.7543963240360427,0.9251839548234297,0.1183016045437828,0.48738240991835236,0.3478104190060378,0.04584524358138278,0.29620919527913747,0.2769572502171096,0.5072243402820882,1
0.8691101721504877,0.8762199406303992,0.8707617716464044,0.8096909600425297,0.8287089569229089,0.8551028920449149,0.03529982740364912,0.0433309857006714,0.03239475771942346,0.8839240259605017,0.8982408335401075,0.9132832578783234,0.8207679960730405,0.8375924680564895,0.8706777872152631,0.9642194667457491,0.9670875313599369,0.9561479134509423,0.8797438544983693,0.8894305926806392,0.9262090965708392,0.8126865502746852,0.7727150250670727,0.828732962427952,0.12368188415906878,0.11929294220300639,0.02749813225200426,0.6281048315508859,0.6598737933813137,0.5061830046803354,0.7118007868556315,0.6937983385165118,0.7177713986947918,0.8833026437608263,0.8614003131157484,0.7172350212353842,0.8104181331532145,0.8007001918787435,0.8051774579081594,0.7465153109875322,0.7185038764267837,0.8561091607564117,0.12769995482372326,0.2791455835326163,0.08702416943987246,0.8271708636899746,0.7020286154861375,0.8096154827821596,0.18148995319435812,0.09353940189675214,0.42251655388791853,0.8814106180787995,0.8488855221623401,0.7627242850113913,0.8938565421640883,0.867431137612563,0.7544070765673208,0.8247409370932769,0.8675987298065824,0.8955273808812216,0.18186286724630463,0.07726122896702425,0.2918915029586586,0.6548696908609022,0.6695703419259273,0.6077060189557859,0.8597714169753146,0.8325249769508778,0.906218250494371,0.867751358473464,0.7065961802683438,0.857426077396853,0.3490724584651306,0.6660556773086554,0.05291823578744578,0.3162188961132282,0.5654540743334566,0.6449206174785803,0.26954003130463944,0.05217742990438534,0.057675319989390544,0.2238294705312347,0.2862846018947165,0.1062173878293684,0.593050106810419,0.9434126756550629,0.07390072686389443,0.4161157145524714,0.5468724512476655,0.03224033147048458,0.2576512975163028,0.17982114301982843,0.41197825493894835,1
0.8852478360355338,0.8577738443353748,0.8917426624362075,0.8220505621415191,0.818978527563232,0.84993991253247,0.025045619919575324,0.05162521323957592,0.037528059628480936,0.8934507893174191,0.899748178391024,0.932684874309258,0.8338694934351429,0.8425666195980619,0.8572165259291531,0.9746696665114529,0.9612108495439438,0.9477356656505851,0.8535543961501597,0.8693720230714184,0.9314237539003754,0.8090406831490577,0.7640994245762776,0.8183254909252131,0.06385162773983366,0.15293686231673498,0.019283908336050426,0.5995786579116853,0.6229049982823853,0.5163046684380502,0.6974448233771353,0.6816964520305158,0.7213357482654938,0.8566949295654478,0.8696404810619323,0.705822861895181,0.8054773420671428,0.7959552600802078,0.8042871689487883,0.7433401669659272,0.7279402162747539,0.8566309744920089,0.08181135192356814,0.22113440327871509,0.07042021720005387,0.8230160751930276,0.6857313475390492,0.815913989747842,0.16635104098758902,0.06713300373242959,0.4324361842857378,0.8615015946328841,0.8554997728801595,0.6711058269403809,0.8763317275672846,0.9275612413152508,0.7610277688710274,0.8473681074024361,0.8516536897225722,0.8903231890297996,0.1636873592464001,0.09628291498474473,0.2970012775018238,0.6337389409937393,0.6659401477836946,0.6132533271142995,0.8839221393618324,0.8531316701048073,0.9024973053887799,0.8348136298500676,0.7025094869889702,0.8415291701355996,0.25089130669108206,0.769253959351281,0.05245684163972611,0.28535548060075744,0.8628454505935341,0.567010851418469,0.2629642578527238,0.18323047391728942,0.03988973570549828,0.18933794738673448,0.33442850624785336,0.11656221213074791,0.5354278616079426,0.9122745350366728,0.057181718332527776,0.3683652611834798,0.852627218636691,0.038781859822901416,0.270488558383684,0.2417551573847163,0.2828489536585128,1
0.1733159669688802,0.2616786856717126,0.1405695706223855,0.8897998779173002,0.8977191687243342,0.909148024409415,0.06966465665322341,0.19985813639086536,0.007967393950763846,0.15041456749918902,0.1799916599343634,0.17936697013715674,0.8940653447811462,0.9031625389494216,0.9214741730640108,0.9294944292782057,0.9899046166855959,0.8005905054535916,0.2577663934910066,0.26651941961019565,0.3010996325050035,0.9192574022275055,0.8817188500785837,0.9117347216064302,0.08671472625010923,0.0816707592582929,0.05035365454085772,0.12293775789834438,0.13780009608797616,0.13078462676891622,0.8484313377828245,0.8518685717834433,0.844361438429913,0.6861131349921533,0.7581907474672973,0.6463787655614877,0.26950767343970616,0.3034895065470522,0.26183093738752206,0.8950050424358729,0.879765476387524,0.9364468867236724,0.09778809362430974,0.16090947976262496,0.1406355269712264,0.10709127536661822,0.12503576048810316,0.12865640450667581,0.6480172536325277,0.5757099215312493,0.7435930238677226,0.689802033050815,0.7646161082890502,0.7454381243567265,0.1817992842382341,0.24995402420664492,0.1649180962530512,0.9014182210647596,0.8744947350038179,0.9587889859619527,0.2152461638088573,0.3746550881548252,0.16860100805241596,0.1390903508535093,0.20818971929411667,0.19174340626552655,0.9214846095666744,0.8827377390931659,0.9601896560904735,0.7786893394127545,0.836689144993898,0.6389577222293378,0.2208969179279776,0.6656267725848952,0.05918048955928294,0.410604662137275,0.5841039851228027,0.6508824935843597,0.1913633285058649,0.39283005575700347,0.09777852635088202,0.3488301625876873,0.9939440150272469,0.0657618554646755,0.3458225711274756,0.9476821136811164,0.1191453188024687,0.28211156935087445,0.9483033158057665,0.1089544936308626,0.08883859537506256,0.15027010678794905,0.4491296485466634,1
0.12067392786084685,0.2436905714328823,0.14730787764950426,0.8620692931839251,0.8928332879287735,0.9350455164287257,0.08143574081808891,0.08494955159769224,0.06366080336852686,0.1077238517566701,0.13811835421265117,0.1795619435637752,0.8686668019040567,0.8846494416116677,0.9370111402888954,0.9175686117875792,0.9344429089100674,0.9145169373613292,0.27042166876493967,0.21925118293591117,0.3150042232607373,0.9257139213527568,0.885267017700003,0.9232737882406785,0.1974041836677346,0.0832913998821827,0.030677192086263294,0.15567368220991273,0.11475390417016618,0.11727192820107935,0.8663408402935211,0.8578285108273498,0.854574376269059,0.753412857621873,0.7834199296305548,0.6211704684003825,0.27263912157506676,0.2589854552015485,0.253103398418153,0.8847860440213795,0.8637648708647907,0.9285199380559384,0.1940904585160833,0.14642751267875856,0.17310308046639034,0.12673481839199385,0.09958832300324238,0.1269647270802503,0.6317290599300378,0.5871396303672967,0.7736014255669339,0.7453424928194767,0.7814441187401489,0.73550423782856,0.2101401671702079,0.23302597086849053,0.15883632706039275,0.8625503329544725,0.8837323375778592,0.9887822252921925,0.2152615249484613,0.1898157388195878,0.2122467183186184,0.1413110251535703,0.16536367321575618,0.13334883084540694,0.8898220639595953,0.8675675535513581,0.9512187694071847,0.7899438754440047,0.7216132111923756,0.6533552765266127,0.42083120519460904,0.7869569351516796,0.056136202128069815,0.2808583366277677,0.5546496252181896,0.6825577344618917,0.3940527192555294,0.2554734054534631,0.08799575543671656,0.3476706553261284,0.5968370778452945,0.09224237870367014,0.6124844451040108,0.9503656413392552,0.08109987063139518,0.4431250776278104,0.9587462768290607,0.10265167856041915,0.14215261514042998,0.044228817171840795,0.5218054039833395,1
0.16568099915614232,0.2450140975585815,0.14690926512934643,0.8853340216905523,0.8794425583600833,0.9239833654763427,0.07767219490012389,0.22233419942094718,0.06466390953415047,0.15348006001221348,0.18241118596726702,0.2118731774880951,0.8909241741657201,0.8839300442106524,0.9321712516890799,0.9215988794635217,0.9323610867970767,0.7772690633229653,0.26267138745780283,0.24922660673282637,0.33325251295899183,0.9090606519019708,0.8730309036236008,0.9200806647692326,0.08479134151872159,0.1255956012309739,0.024747507435046168,0.1327231006266565,0.1375359541485286,0.13453328370220508,0.8539711524379658,0.8645207828749681,0.8598967136793707,0.7081890563484053,0.7995331472400924,0.6298910858497682,0.2682902438075554,0.2552183715699474,0.25748208808754036,0.8840997568316604,0.8640422634905551,0.9358665659453171,0.11221180321688184,0.17031865077996916,0.17071072511050667,0.11908482435775425,0.10055913760700297,0.12781788432007524,0.6160449156725925,0.5367351707409362,0.7437363789946634,0.7234043632658307,0.7862837392644432,0.748338865582232,0.17042012777983473,0.17771514333538008,0.1930851237313529,0.9011325079932196,0.868436398397765,0.9805152357988121,0.1873254006407099,0.2613176208930958,0.19809458646427514,0.12322325273214618,0.11736498507385029,0.18508072789235452,0.9236234299945556,0.8626774215466244,0.9741071785032958,0.6878657029337727,0.649239833015429,0.6699517434107419,0.2234826189319692,0.638372699222999,0.06365408284595943,0.3288718090772855,0.5262590249843253,0.47302369512491993,0.2811707434008144,0.509257665204391,0.07604803108771249,0.29015683358081734,0.5904161737820877,0.10274102215671332,0.3897730624023432,0.9050697729489645,0.08207333962277813,0.29109939940908447,0.9762669892135776,0.08218628076779547,0.14268303080294276,0.27955868521345373,0.21746419000727557,1
0.13231921124852875,0.26414124640255876,0.07224477292038056,0.8609303617983777,0.8688816023387191,0.8981142308872982,0.07552209779651298,0.0766154332991304,0.07802756943900158,0.05647224739220347,0.09217435358552617,0.048823238543826086,0.8709081872813167,0.8804019380905856,0.8995402673701787,0.9228120247058522,0.92082466617886,0.9219525114600577,0.19361248869539738,0.18582156987763288,0.30787428153064256,0.916120827900964,0.8754372911613171,0.917630400892461,0.13282295040808234,0.21183160201481338,0.07632391954272899,0.029881258854732362,0.03342095502464293,0.05503435087726605,0.8583215386318903,0.8509169688197158,0.84837606830716,0.745080254514261,0.8130435283467522,0.5657631644527658,0.206568580853145,0.201948377917327,0.19471287104345958,0.9640423798848525,0.939458539575651,0.9725878312691432,0.1880837701624556,0.30222618172593624,0.21228295187748503,0.013444031887897223,0.015308552941164733,0.01813567487152823,0.8055015934997947,0.7868399482232356,0.8841236918844668,0.7778723339397203,0.8035369270328094,0.6022841924491241,0.19472955947797121,0.18676302361753105,0.20348378423139502,0.8362437037621951,0.8381362279764888,0.8907562812571326,0.11352752585246739,0.01760273628898501,0.20708900670713737,0.03833110292988828,0.06937497064439335,0.06955078120354607,0.8609825987962998,0.8352877951766531,0.8831483527718247,0.6660212467623414,0.6145207336747149,0.7076300416875999,0.30556347281257223,0.7085834825854551,0.051273348578198194,0.3564520785047085,0.6529771684318053,0.6394487197506119,0.23411277489504045,0.19597383088190812,0.0805757749545965,0.16656942248148487,0.10109111246045543,0.12203956902607538,0.3887412634219096,0.9404928950054625,0.1164394428579853,0.260419311303963,0.9715768601291863,0.05294287967036085,0.25332935425333813,0.12809751667804203,0.5297721308826966,1
0.14708970137254385,0.25623179316017763,0.06567387458862317,0.8823171051458343,0.8951193485309588,0.8843212318687961,0.0819536290923224,0.09325909852917075,0.0993433889150861,0.07289993761432845,0.10160303317519181,0.08798935084191761,0.8891492887342691,0.8975458012568946,0.889008141926799,0.9163721934204718,0.8987532720868711,0.9053769233056945,0.17883514615494134,0.14666455532779876,0.30935678075017115,0.9198550916431616,0.882916256170307,0.926732647778143,0.08273321305243853,0.18200238540488733,0.0931308864477487,0.0,0.0,0.03754233321100697,0.8496654720854231,0.8519507383044074,0.8654746264830129,0.6843192923218478,0.8105137610465016,0.6050423971137372,0.19991482324959753,0.19440407258792014,0.1954333467666265,0.96208419866384,0.9370364486424396,0.9664201958539449,0.15920780827937275,0.228002217144971,0.24262771851040932,0.0005462158032349951,0.022200046508792592,0.003442817881575966,0.8173313495751628,0.8049543986143419,0.9030683441031151,0.7312108444592715,0.7765916500551755,0.772044440067315,0.13579776230984653,0.18743746512852955,0.13462008462095287,0.8725941220558949,0.8796198276155534,0.8879672167965107,0.07749891957537758,0.060647962217971585,0.19479944785262648,0.008542061673137535,0.07439737746212738,0.05095439262458634,0.8893215665239582,0.8490818455013975,0.8782971722558803,0.5867220886593194,0.5312163479788907,0.6443604800911957,0.1707832813823329,0.5709522942816854,0.053329942876508024,0.34133944261320615,0.6530400047981413,0.04334556343045892,0.14440141935193962,0.22208853273448836,0.0918625217982118,0.10868947344436775,0.16249815598461126,0.11336065436742793,0.20892237925177248,0.9035275372228551,0.09423074339701959,0.13273591268919382,0.44811880334529164,0.04092988698526631,0.22195102868762406,0.020762018569866925,0.5947050549064465,1
0.11334431913270793,0.2848325624859984,0.042321003818502234,0.8461612783373407,0.8639128287253988,0.903456715686477,0.08468091909399122,0.12177284592411985,0.07848708807053884,0.04918345755485287,0.10036649211267745,0.06767910542846955,0.8554784863621241,0.8691414994643605,0.8989183127506915,0.9135349640445094,0.9193779867446514,0.8767619445432067,0.20805440023777955,0.17269032981895016,0.29617909794953934,0.9235371149509222,0.8861110539488681,0.9313591441525193,0.17369494783339612,0.21966273062030234,0.05829987011099391,0.04490591613132011,0.0218054786145796,0.044702546499358564,0.8484688423855786,0.857354620194811,0.8389778274237232,0.7745135025655925,0.8030479641901093,0.5412059730570196,0.20932253123524847,0.19436352032310023,0.19806006835598033,0.9637070670444645,0.9429419588161361,0.9713190272459311,0.21719771147133837,0.33035168764738143,0.20905624509945664,0.012428778010173058,0.03264775330601033,0.009153830123458384,0.8051714881448113,0.767506493731279,0.8807122027876222,0.7965733268502606,0.7865694788379023,0.733570741635277,0.10321574875144712,0.039700876812927,0.12381592577799005,0.8280083953401146,0.8544082171229608,0.8954268396059073,0.08722559880842229,0.04141462565741194,0.16165678887181856,0.006285669846217923,0.02752152594495616,0.04448824974378418,0.851774304467936,0.8273004799508894,0.8740239573552167,0.598413595861342,0.4980964268029903,0.7010968230347278,0.32142224740414505,0.8471389693056439,0.05396007706664403,0.3115031635713077,0.5686973699610443,0.5772997190709449,0.30010764236595366,0.23975069376903457,0.09822028971096025,0.12975461192295779,0.16473692640350723,0.10237926622655102,0.4645612638383154,0.9519154213762686,0.10784842240353149,0.2801122198083448,0.6672196078391046,0.07205320500540605,0.2169500362293264,0.11334000211895212,0.4752029939258966,1
0.14096814912370625,0.269640086837065,0.057580028099827985,0.872759813991701,0.8799150245858274,0.8926420727904949,0.08186178267232436,0.1479730633455208,0.01517878958999419,0.07035436288690455,0.11381770931523993,0.06274997474808064,0.8820246567346701,0.8886354696679395,0.9126318712802719,0.9168618968870201,0.9839579972532744,0.8518262545645311,0.2093918654236835,0.2175450437686739,0.32498934280357905,0.9205163584289568,0.8858158824149793,0.9133480169910895,0.1235611460877799,0.2717895127165053,0.02768376098332881,0.0368480699578877,0.05346405154352296,0.03275172903592838,0.8543188233709218,0.8656821015520872,0.843200868150106,0.7311809035722113,0.8174424863407851,0.6309426666910748,0.2064000940236519,0.19221092373465387,0.20217819315025087,0.9679940856456355,0.9540010663188792,0.9833479457011465,0.18439493575889898,0.40988313783669056,0.19985668704717008,0.012506818518267515,0.02066141824725065,0.012144728986726472,0.8000711189038938,0.7370956794587933,0.890933967725136,0.7579843301456104,0.8009656668766298,0.7547068385649666,0.08891173539545205,0.053602904735039036,0.14186624964720074,0.854721907744583,0.8500949619123714,0.8898481483732807,0.08145390562226551,0.2091937964796609,0.1489623400683927,0.008810792126580536,0.07086521263606071,0.07243296794005416,0.8766248339099751,0.8444411687691491,0.8923411752059509,0.5535861342701284,0.5453518453632206,0.6021391498840468,0.2640408876889786,0.8010608723638661,0.056501110966828624,0.3226688709865222,0.597183303852173,0.6302597712987107,0.2336465182217362,0.4752821648974983,0.0767719868547311,0.15424197718221366,0.5398253432279096,0.09666825638755738,0.34235703884554836,0.9702264931569928,0.08815934178015089,0.1985841771795307,0.8440389560525432,0.06588561314114819,0.22094368168587097,0.367368534909315,0.4978675682468414,1
0.15023670877664586,0.1358665457858872,0.3254604863029926,0.24599314403088623,0.4332063147428873,0.05782437940589791,0.9567590452310555,0.9220101456616119,0.926992733791685,0.4920994614225469,0.4005486044210982,0.7049079388734101,0.2275288350332687,0.4072770389195126,0.053021631311250594,0.04341189200760592,0.07238206932200411,0.07815168001809086,0.6294942397598975,0.575394568598985,0.8882130615233212,0.23682002314078954,0.3680496428360134,0.22000886740370973,0.7433242099972424,0.4515991559800986,0.8268802889571768,1.0,0.9333177750602935,0.992719831440955,0.16878960142272703,0.27626629596189733,0.18327496888954098,0.10639152700659699,0.08620395486413085,0.47913781232581154,0.34718066312812557,0.32815383755111194,0.38536083774529883,0.2017189357117779,0.19365789795444766,0.5576733713722666,0.6565538523513629,0.3651903195296125,0.797991133071886,0.9570176707576599,0.772999517172936,0.9737134990772254,0.2534684870060673,0.28296225414381126,0.48166324610446054,0.10967751854460284,0.10978219518613305,0.3856744613083052,0.848320769130817,0.658455182173237,0.8908506330193402,0.3119988834183923,0.3152406143062909,0.22446930598010828,0.9799402166491477,0.8733242231672201,0.9931407706041055,0.8631574635132038,0.8020928849864095,0.8897867765162373,0.23924296063918316,0.21754582949547552,0.15461517630354316,0.44479818610926475,0.37831913975401604,0.7084598013239346,0.7812579449933634,0.5302834972833406,0.6059080207743188,0.9229563756622472,0.7952370831029443,0.8726351706512386,0.690654528047218,0.8630351513294006,0.9962276206792321,0.947613097667384,0.7103391996238111,0.9999999999999998,0.33710451769674377,0.2398180139060937,0.5974522345353874,0.4424064056433019,0.37775458045606314,0.5072989605706307,0.8609309691408265,0.9208216174214927,0.8605202575866948,0
0.13194808349018494,0.09857366664292089,0.3031692264283956,0.20544405832282164,0.43105772377235874,0.06261059053660234,0.9614555209717826,0.936048307374729,0.9351423340306847,0.4703254902522511,0.35068334766174747,0.6720258685284941,0.1819341492446247,0.414179855241382,0.054291770810263484,0.03872237227977188,0.06386079388680771,0.06392932555727543,0.6113004647661517,0.5642032577910134,0.8762099681631115,0.21223497619532683,0.3575819856619944,0.2164473176103776,0.7424633353389151,0.46613809197721834,0.8084827433204912,0.9837061055587428,0.9239218909055329,0.9885890359788104,0.16447155655196344,0.27014489015004894,0.164432935041523,0.11066664124239523,0.0822816912651547,0.5358606332253607,0.34888882869746984,0.31353728059997055,0.3960469201354817,0.1872444062724128,0.17007619771648042,0.5508863385191587,0.6545614658855629,0.40173089038466825,0.7643614100814741,0.9470052469207653,0.7587790184064507,0.9919554755477962,0.301726682337069,0.22390113456395966,0.5361880964435226,0.10831859293734578,0.09193472223563631,0.3825656323159613,0.8527351749973855,0.6548908893121088,0.8993350363698973,0.30922219124497696,0.3522770978178271,0.23304303633301904,0.9861469941321492,0.8722538724195373,0.9633499682182313,0.8767234110173583,0.8310553927825222,0.8899704182788524,0.22138568046420237,0.24621252973927898,0.1554430099779247,0.43807877484111635,0.39506124921661334,0.7275738145357202,0.7792368867164303,0.45415534295834625,0.6401267514366789,0.8598929177110195,0.7899773698947667,0.8537177465005023,0.7191126457665054,0.8430162963048096,0.8640777693579501,0.8490546930995571,0.6373552004599405,0.8700360924571451,0.4300196319741083,0.31948299255640045,0.6082137678817883,0.48334488940686127,0.0,0.5742950777190332,0.921532325813835,0.952456052007352,0.909796367119212,0
0.15673909884075465,0.08691746945624423,0.22718023601200787,0.13433298464447008,0.3806780723834702,0.06475446732769741,0.9787404515286982,0.9763049222850901,0.948223380649969,0.47247974409977767,0.3305868559960903,0.5490357067643674,0.13995327616305575,0.4057122646041069,0.07409507630977563,0.021478729875836988,0.051534738519342094,0.023729198879729074,0.609593866606275,0.606254130731843,0.8663988501320856,0.07754959299078035,0.11491047106547292,0.09320442226004344,0.8919185564326972,0.946846006367545,0.7868564392960068,0.8328147900390412,0.7944044983818421,0.8625797453555367,0.0959658166198345,0.17152547878718405,0.0880836158838898,0.11124143789936736,0.20431117802988158,0.15346780573442365,0.3524619034340879,0.3698618419187176,0.38568308297160847,0.02420232922515364,0.03463706481172579,0.44388861554417725,0.8839478063563531,0.91646542883891,0.799244064749551,0.7755545462550384,0.6151189376901511,0.8198308651907271,0.34964776973843925,0.333767279012239,0.40618223521491537,0.12376238795531189,0.21913095745175382,0.1947807938004883,0.8045552974279984,0.6817415318822646,0.8214773778658617,0.12922578356120296,0.36796493305247435,0.019990338365813876,0.9118490629165475,0.7989386187083274,0.8669955917965845,0.8041653097223855,0.8315710695358436,0.8219374669128743,0.13089792599580152,0.3799253022975111,0.03905488679539859,0.1724160171116933,0.11768907126586681,0.4250966731560605,0.5009319322016459,0.16455347043958657,0.30731458128373007,0.8253899667792455,0.9931329584011328,0.9407473344533076,0.6104160139982608,0.785050916484666,0.5552603820099873,0.9107607440893992,0.9152989198414048,0.6214907210965508,0.63672225236831,0.7986769232832813,0.586796603995966,0.5182064085187754,0.8340838905150392,0.2969505587109996,0.8232332634842039,0.7393795508815089,0.8998916301165765,0
0.1716469057228034,0.11475124297819761,0.3282550554964101,0.11308261513287476,0.28682924467744786,0.06717902761545647,0.9658717309612134,0.9538856449246385,0.9243671195702613,0.5031436924207608,0.3787642320455902,0.6749123994957098,0.10543841159329981,0.28931739042954474,0.04524760419024343,0.034217112954500084,0.0748105414464233,0.04604958563206579,0.6369435443518241,0.6072005887938561,0.8891217360850294,0.14353730238866103,0.1853725463464322,0.21378194768231795,0.7870290245223144,0.5821609042274691,0.837287423886099,0.9033261317941137,0.767016194500771,0.9660107397179675,0.1601474873822717,0.1560060382838664,0.2180598280227537,0.05940852287430437,0.08383762405980175,0.1751176268251593,0.3706943259719213,0.3357494668406824,0.40996606811602687,0.16134954879089491,0.1256725835442536,0.5586861261234812,0.7209139315854648,0.5842131348512576,0.8075258976862978,0.9197943065936125,0.7268585697288392,0.9537597192320448,0.5224819672418057,0.4228683191219247,0.6978382409781538,0.045090938163814875,0.06985709413281921,0.18830639645260128,0.8058033889053493,0.6437113686448206,0.8620483906925707,0.19709504160227354,0.19360642989982368,0.21230729799764847,0.9818103263606661,0.893905970116101,0.9438694801792089,0.8288990464820285,0.7688473634450808,0.8704728456173649,0.14766420351382903,0.15669377361222048,0.1471405952988737,0.4191656534606274,0.4163676009723388,0.5674755552896081,0.7860574628275587,0.523971956909385,0.5505102406220377,0.9846024046131179,0.7485816427870748,0.9809401838644888,0.8086614867168549,0.942197595600204,0.807911350680215,0.8846389185408015,0.7563529185127855,0.8948380255041857,0.751153964408497,0.494160369441369,0.6630457397784084,0.5866573592654931,0.7635745671905845,0.4023111722034538,1.0000000000000004,0.9706635503816434,0.9428750334868519,0
0.15711311726588573,0.1214108903090958,0.32424880699896796,0.14268182633281556,0.33779508301727135,0.06661903719641371,0.9630104100185652,0.9538209146247234,0.9363399894410207,0.48906679263772856,0.3839863829316732,0.6675709677965957,0.1276207572539363,0.3349274122357828,0.05052110332586146,0.03716696461999752,0.06286415185341371,0.04637317870884855,0.6505717584182928,0.6256118767549061,0.9044525687408977,0.13458108227950527,0.16531760199816325,0.20887283857034555,0.7692692205085817,0.5160013898698518,0.8074842947650921,0.8959268669453677,0.7629326862650654,0.95707702715378,0.15439219554564954,0.18466352331952685,0.22000284599728204,0.04382859757614033,0.0633987484231415,0.29565324787028957,0.3657031513270379,0.3318418759477706,0.41010450281945365,0.1480458993350835,0.11970302769684249,0.551034225324655,0.7031225642000052,0.5159250798295015,0.7894150952166041,0.9214287756474937,0.7225744068113125,0.9705696430077606,0.5039131730090283,0.41433899935341145,0.6772894630352457,0.03546172968100064,0.060594587795914964,0.2002561262088134,0.8348932051148497,0.6647273713379112,0.8747261438985416,0.23949051290849221,0.26626929070965577,0.23420943883516943,0.998381944817041,0.9259142771722564,0.9660081009411342,0.8565947257260846,0.8115167917345083,0.8803916288899165,0.1822025366682205,0.20436768230473468,0.18364331612934737,0.4270763804445656,0.41907794869944104,0.6786680184690537,0.7492668738173713,0.2314194706345285,0.4963448651002917,0.9902565093973879,0.8750401008772322,0.9750418650387503,0.7232464654699495,0.7829865797801441,0.8182357915113386,0.8948635347679743,0.706033128585573,0.8959629793954609,0.6730418443965225,0.3406284054798956,0.724563636045447,0.5010414631162621,0.48135583323664477,0.35497196655348706,0.9128275221062085,0.8822875258910683,0.5799054193358579,0
0.17444514099499964,0.11945214803706561,0.33369070023289504,0.17027647084353026,0.3394851374091179,0.08366859800038817,0.9750639099790364,0.9592114300770296,0.9584291557669609,0.5119291077414267,0.39966665651692335,0.6888906298103805,0.15365563552435413,0.338350837537182,0.06178754084281324,0.025197045660352135,0.04144832991235253,0.0410858379700943,0.6728020865397095,0.6430577556261317,0.9256363812122739,0.15569756167451754,0.2093959079836507,0.20062186244082403,0.7882785789345514,0.528760309827167,0.8323736972722318,0.9168641961328934,0.7884052303488476,0.9778434078066586,0.1837135338468352,0.25203624881169073,0.23656929136683225,0.05076174571774328,0.08014839546455518,0.29096928703737657,0.36714744543240263,0.3360384017275262,0.4118152481211337,0.15076076846923492,0.11678395897084393,0.5563896707219316,0.7329262193738477,0.5471291228680615,0.8187796930287476,0.9280747600738348,0.7380145518981038,0.9730447687080295,0.4893193578595181,0.399255987152241,0.6695065498776049,0.05368749146188581,0.05393333349026862,0.23930147689054182,0.8661928274035158,0.6983052855018843,0.915466585002237,0.25418559049070255,0.2831962850320524,0.2294346841870898,0.9797698032464484,0.8486092416162334,0.9334117462607727,0.8862560388183873,0.8366334081618327,0.9219757850747945,0.19507391275588393,0.2212071437731684,0.16981282641126783,0.35025504815421793,0.28610353571754676,0.6392111851768866,0.7338758792948767,0.27243002516084935,0.4756220035384488,0.9876377061009771,0.8301576242825712,0.9913351462304208,0.6560683930046662,0.7292807581720613,0.8094283549445599,0.9301070330307581,0.7218579473652182,0.8209360968627093,0.6025028005577711,0.44769556589934645,0.6833169154969769,0.46999576182151137,0.6687568860339894,0.38207063798325525,0.9195372529720882,0.880419394475215,0.9271331065881321,0
0.17333562364838428,0.13419580891032945,0.3184627172058243,0.1418070090620578,0.2718057777892462,0.07846666143568437,0.9824587527470238,0.9583451636811728,0.9781922188820936,0.50918529783798,0.414990177423991,0.6807501591586127,0.12207580945381658,0.2566297851822714,0.05780635524046773,0.01775901654035883,0.02155238009705651,0.04161845033814199,0.6639030404413244,0.6135692274668179,0.922576933865163,0.1503044234608173,0.18691303307721796,0.21615354910682338,0.7805764038230802,0.5352286083456416,0.8251384978664634,0.9098938921663349,0.770712027903973,0.9770952196401804,0.17147105461594236,0.19804472342844548,0.2298816008694402,0.03643106259725326,0.07307902395495725,0.25938647118800406,0.3647624108566503,0.3353350733845506,0.40372543168555053,0.1527221574788582,0.1209045079004909,0.5559121150814099,0.7295726819073343,0.4643854884396248,0.7865769376155587,0.9286267954509746,0.7355341367119825,0.9756256471178455,0.49596888774567915,0.3859211207914406,0.6851494976219392,0.044607985354729374,0.07321858217158868,0.25103505569936535,0.871453842964026,0.6792670211738012,0.912951986991297,0.2299385704525173,0.22214574344886429,0.22876424032491238,0.9748240212972469,0.8426796441708179,0.9763800408781615,0.8838838043627575,0.8169606100532909,0.9186647253466569,0.17382003488485098,0.15844198217968186,0.16612119357465527,0.3247087955498149,0.2553553094502798,0.5955331626843271,0.7582886545708913,0.25505953367974676,0.5623727240988893,0.9405895624269967,0.7521485672910506,0.9863101984143233,0.6367287137081339,0.6607307237002873,0.8321360661604527,0.9475293187456977,0.7119407934368613,0.9374164334416053,0.618146144342667,0.34516361464424783,0.7344029218989958,0.47422435761600523,0.3652136234161283,0.414034008005681,0.9001977167120399,0.9383224950277302,0.9034476703090375,0
0.1908359774564632,0.1311133108340261,0.34282175276904026,0.13901294005079023,0.274065120871658,0.09005507673713309,0.9752066819061225,0.961562504294961,0.9652839581081925,0.5268224504069323,0.41354740221640185,0.6964424391571775,0.12416444176953156,0.2599458106827002,0.07846282022888462,0.024972986603907954,0.034060223665829004,0.03843061309735468,0.6724165491635423,0.6165853564314774,0.944991434625033,0.1520163851913221,0.1793424298469226,0.22441081823252595,0.8023678786923463,0.6227749374979316,0.8177721813881644,0.9083415137616568,0.7561106860875344,0.9796004898465415,0.17495423410093114,0.16414195699633538,0.23022787730929917,0.04387523082659445,0.07230499439630475,0.19469415554621206,0.3670212627674143,0.33482817007429766,0.4107816023355473,0.1483806681555535,0.1155492082873435,0.5583299024314101,0.7531088246527318,0.6510744772106183,0.8080940196591224,0.9248469050946919,0.72342894943346,0.9764530065513619,0.49939443641894954,0.36782645139993875,0.674093006628814,0.040281630490675346,0.06069666907254341,0.20018764527976818,0.86941169353672,0.6957972670118231,0.917959157337169,0.2207641362123881,0.21417958895011813,0.22882142739258304,0.9567353575061256,0.8464067490896148,0.9440155693853365,0.8830718146710013,0.808036832838086,0.929484317156209,0.16310728549257503,0.146613161235565,0.1677209487220398,0.33553786022730636,0.28162400830878476,0.5613502085890102,0.7797955555790379,0.2612779512182941,0.5407990958579848,0.9693625082585724,0.7994757903063201,0.9717920563278902,0.6800455436183868,0.6766647561982655,0.8220470181419155,0.9091363969082069,0.6982798294036936,0.869894801103358,0.6976937880716045,0.5089365155169183,0.7198922589090764,0.5411154518895733,0.35245302185434113,0.36106150466943887,0.9373661898324666,0.9328489311023986,0.948229690620821,0
0.17088204702725784,0.12900330843334418,0.3341601724438008,0.18865476603794296,0.3047146831496257,0.09145353855302729,0.9758825950880516,0.969580546986119,0.9648821902113021,0.5008610715061503,0.41487658668021066,0.6777516174982265,0.16998245831038217,0.2968856776700859,0.08241290810025581,0.02431630543579405,0.0348364506052099,0.03036426358896699,0.687538027065389,0.6244117664745019,0.9375695887193773,0.1597550827809182,0.17201683828201153,0.2124855904689711,0.7626336129073618,0.5400529835051443,0.8010246651049374,0.9083983379058802,0.751966719038665,0.9801017627842935,0.19349759951842227,0.22493037342772926,0.246324692815711,0.02258230665118849,0.0846715600263685,0.19868424318843303,0.3679876917929268,0.33610239827044586,0.4149571006235715,0.14906963533350037,0.12070904383136138,0.5546428792719049,0.7237847022766648,0.6165992701641386,0.7771523135077419,0.9269410167725096,0.7302330374337722,0.9762332677898287,0.5074319175555573,0.40674062287895296,0.6584246541784395,0.04418082917989724,0.07492086446033097,0.20769509154885912,0.874702855675277,0.6859089648121541,0.9188040396784081,0.2703730255515212,0.2597943339100146,0.2290829584169043,0.9473896389467766,0.8219385414044951,0.9458308986215601,0.8857901751608981,0.8136767097892008,0.9225318428181739,0.21361180780106614,0.1968685540357653,0.16874307134810862,0.2952266193924754,0.2793133190546852,0.6033869747321366,0.7094971387890461,0.2865484058345835,0.49476487070710057,0.9437603468386841,0.6877127078951268,0.949252013236816,0.5458505958829922,0.647722417754145,0.8211412737253123,0.935551105492745,0.7671592312391065,0.8374719710126908,0.5061734244498859,0.4613112609341492,0.7246952295011464,0.3660317596486873,0.2473922895111258,0.3631678299334281,0.8975317513582843,0.9253159838801501,0.9221653935585019,0
0.19029868171623177,0.14032528185090465,0.3351053251164635,0.15993505320801038,0.2924241673439292,0.08643661357219634,0.9733701761723585,0.9649713205551051,0.9631278581367121,0.5289298453418372,0.4217915851717864,0.6911105981260981,0.14030354858591432,0.28245785124266565,0.0688094084968196,0.026923419048896502,0.036045804054577496,0.03509102671240427,0.6807359076637192,0.6289078978226179,0.94426373431332,0.15347926362657738,0.17591130191867954,0.21872767059025433,0.7806400372872678,0.5323459453682885,0.816827943195747,0.9159436657905053,0.7681918338142601,0.98581704041234,0.18537952290852555,0.19704630465626227,0.24432040124530552,0.04532705628861583,0.07309612820362676,0.24440538151790525,0.3686667186433774,0.33486301967687737,0.4144827310398296,0.14845739445888206,0.11431944817582096,0.5529809338285347,0.728803034413122,0.550873184316582,0.7933050710839944,0.9277460168197866,0.7293862355260732,0.978307887121241,0.49653657023961273,0.40833793859730605,0.6618996550403846,0.04669506838468904,0.07872324351288337,0.21327436364443342,0.8828927256731989,0.6884423089510974,0.929640107513537,0.2450182075159345,0.26062886585669287,0.21418080706416032,0.9700165643057086,0.8469829667168464,0.9871866871996614,0.8990891190370862,0.8312028458941509,0.9395435544557915,0.18598372264983254,0.197132160928712,0.15919074535532585,0.3429025942912475,0.30010805175833405,0.6184585583125699,0.7363599466530719,0.2979794090697645,0.519215381940019,0.9526583943045921,0.8742542778599951,0.9721961788777341,0.6576551722231871,0.707832248953542,0.8082583000741635,0.9387870155601794,0.7356580296127362,0.9192363651960938,0.643504031648332,0.5928202198892816,0.7595863728263557,0.4675472971473369,0.6521062196956606,0.369125134383667,0.9110408016679234,0.9656868081547039,0.8784945967916764,0
0.19114012496306598,0.12857053639859206,0.32306495778496425,0.15113239748289597,0.2784474791791738,0.09680676063162719,0.9758883628992319,0.9535069173594193,0.9856405868494413,0.5321532722763549,0.41512341979834844,0.6825876626713248,0.13290258135277133,0.26343653079609997,0.07888020586157074,0.02431453042063203,0.013670153430915821,0.046421071288003934,0.6825157971181897,0.6129088570361794,0.9605805755361481,0.15054090009786458,0.16531181432102837,0.21957465066720028,0.7793315535511394,0.5211839682105005,0.8351206188204087,0.914437704902137,0.7640900187114639,0.9824505220079068,0.18531690366565634,0.1762304675370583,0.23269857381674441,0.05192042980118716,0.06683710855085431,0.28036151734570947,0.36778026590896795,0.334826902816022,0.4116463577829532,0.15415629097083716,0.12433677377820374,0.5549915467038407,0.7193500836707772,0.47684937515367587,0.7884431384697194,0.9302996545284941,0.7309906598604283,0.9788426884534323,0.49137204236224363,0.42766521152688597,0.6195863025083526,0.049517702846012784,0.07353071107507272,0.23739324426097008,0.8743712205156751,0.6778285243172983,0.9260276142677244,0.23356848013609388,0.2345218356123362,0.2219396357605523,0.9797520741792762,0.862801535760795,0.9748573270837674,0.897446284316646,0.8197348887972784,0.9455835783454944,0.17524829221914795,0.17570818971855773,0.17324669210330812,0.36234703064541696,0.2593920971002777,0.6518598404169723,0.7708661636118519,0.31530350534793605,0.5290971553085297,0.9510400017860832,0.6969709557333603,0.8941210576906086,0.7082282327470126,0.629395387466281,0.8288658300178297,0.9546960185899076,0.7468380795455234,0.8883858111217953,0.6798835889267738,0.4827045955463163,0.7142532719710832,0.4858743532242902,0.20933238725882575,0.3866842965242332,0.893249516428027,0.8586831987157044,0.9339221523518715,0
0.21337072682276448,0.14632373907398621,0.3801997044444434,0.16135909859489628,0.2933983292187594,0.09404769279266967,0.987564190962113,0.960971350054154,0.9844230801098608,0.5477891630129657,0.4348750361449629,0.7252690182163715,0.1465319067076063,0.28725866766241825,0.08258624414855609,0.012654326321130116,0.014921729856098576,0.03903549972121839,0.690408697074997,0.6284465131839929,0.9552286820415545,0.15622860560032015,0.19671993044498226,0.21237546303579835,0.7768089668050229,0.6615296726760651,0.7919866145330836,0.9130888634579275,0.7752584383503942,0.9749876843368296,0.1835737231844572,0.17567249953423048,0.2307212910024159,0.026140977269819232,0.054926754678072065,0.26107010479354265,0.3681534067468948,0.33646388369357005,0.4142793858421294,0.15181004254723174,0.1186367088175917,0.5561785272244495,0.7252174359169204,0.6340882029138097,0.7843792807312276,0.9282296109228911,0.7286977957348015,0.9751389650981293,0.48746805684007555,0.39911752015498436,0.6507261209372892,0.028789651089463464,0.05144173633035458,0.19650846248231557,0.891711931967631,0.701472550113615,0.9348867364908833,0.25166791113386433,0.2503672411062059,0.22238909124913575,0.9788118749093639,0.8444672261833706,0.9999999999999999,0.9009417820378303,0.8215805893443933,0.9409787642774587,0.19081874223581075,0.20191233220551097,0.16512300612926212,0.3387833333577116,0.2285160766254047,0.6812765962667942,0.7448480404960824,0.3203950452010087,0.5728130487517804,0.9640964894748443,0.8423177413075349,0.9538781507436228,0.6245851639617135,0.5009477838927721,0.8626966406598428,0.9739820691120951,0.7508326123904938,0.9975411477127161,0.6441663867368712,0.5232033626435033,0.7678068423148381,0.45906752850234867,0.42795162591541214,0.40129834544494447,0.9055781604665216,0.8638243947909086,0.9185678237674919,0
0.13889431722951429,0.14269502386644195,0.28760599785537,0.21431464676542777,0.4364953099335056,0.05651016393623154,0.9635382648413384,0.9295673662746088,0.9425427603383689,0.48200248271969715,0.41113349093509166,0.6729215139532534,0.18926689661183405,0.4142267576861096,0.04248828900013768,0.036620831371526996,0.05658311219230583,0.07068978174648388,0.6058483181575456,0.5483306786709279,0.8867113872738022,0.23092037641635565,0.3790172910069787,0.24042220283470872,0.7542355150926057,0.4561002143256894,0.8146830221220921,0.9925647520360843,0.9179947734663654,1.0,0.1642919120432058,0.2478233037629396,0.1936108570362043,0.11041796111642477,0.09803404891922199,0.5227935329226467,0.3449570659680661,0.31297841970041684,0.35697034113387227,0.19381418619019097,0.17849446088098553,0.5647065224126231,0.6580590904196937,0.41471335012678295,0.7594828891307625,0.9485070367042765,0.7576372630252837,0.9874706824397994,0.2889582408485687,0.23637429112933717,0.5089252176185273,0.10322177759488746,0.09182581537364708,0.41897744884293664,0.8421659493492157,0.6451389559910354,0.8922374034664744,0.299299863284863,0.3519336352445921,0.22330037307673323,0.9995842128097663,0.8900252657022474,0.9930901251305057,0.8645187823630265,0.8105507365536591,0.8892509982313059,0.21519700847423973,0.23366373411689367,0.16421332650903098,0.45757876323651675,0.38627504288136993,0.7270863785302772,0.8282064104297537,0.467569204655609,0.6179955205168187,0.8381392654583122,0.7776304392871864,0.8255436411279365,0.7534071022050519,0.881489445853683,0.9799092729506652,0.9090959214930603,0.6267922966756574,0.9596019194281304,0.4483748689120626,0.18900598925665157,0.5962567802580536,0.5267046985934614,0.18497512239758862,0.4802660013201854,0.9165346590462256,0.9078353882160259,0.9149835733088825,0
0.19074589549518217,0.12507130902845365,0.3310290732387351,0.15001121618020008,0.28109845086339846,0.0879686030937128,0.9766319213584858,0.9563180426576365,0.9798361638862321,0.5319374553423644,0.4154747736769213,0.681104896363701,0.13154835766013395,0.26132637394707414,0.07302788330725174,0.02358554791788564,0.019565559679649652,0.04358569663674888,0.6812800983201428,0.6123625572152482,0.9293557031451802,0.15078597241098546,0.1685882826547176,0.21983237746535256,0.7771448436705795,0.49748037033359915,0.8239952595108504,0.9153258519641567,0.7657251757728458,0.9848282850150366,0.18128913678620684,0.17797459525822745,0.21993834747530627,0.05184035800023351,0.06646585497206947,0.22263382034870904,0.36895990160425685,0.33449298026039287,0.41582862398981124,0.1540366094543506,0.12680211633522287,0.5578709136015059,0.7160180788800906,0.4342357418710378,0.7944491605239412,0.930053360274693,0.7290975713830941,0.9785790385322257,0.4822663827560376,0.4103358195577229,0.6314793341789482,0.053144801443229084,0.07613698466913028,0.2320085144301176,0.8728339380710923,0.6780085312370452,0.915223737805223,0.23324249485157178,0.23736012987184307,0.2172470910366946,0.9761288854238043,0.8622780356397008,0.9510820330423154,0.896318358559473,0.821032672565555,0.9288743060388098,0.17503975423262486,0.1724441755929551,0.17400352917815098,0.3570393841580028,0.25614195112003174,0.641808201175679,0.7736187300933521,0.3650896762971332,0.5148017029500543,0.9420748972361253,0.6976186255863928,0.9665733717846793,0.703092411956159,0.5912538502654554,0.8156933071729515,0.9505658434678397,0.7687484621095768,0.8316692550481155,0.658980851863971,0.3538044633059094,0.7323158181006415,0.4811824049868316,0.2547242154396656,0.3917469390667848,0.8895627670405912,0.8944505002187659,0.9320194474333872,0
0.04401858674257619,0.07663942010839131,0.0,0.10632698635662985,0.2836341033383427,0.053209689431075624,0.9414533942301693,0.9571126062510499,0.8783448984555544,0.34856333684843666,0.3083379709021976,0.35680907282213425,0.1049683695712349,0.2936337748356377,0.0670168271174374,0.05904008563590685,0.12215308407992634,0.04254555689491052,0.5130653002041612,0.5040749265328781,0.7406226972135987,0.04846796016617727,0.05261255745877236,0.08690027031279035,0.8150861642509089,0.9186128410585788,0.7464008937577954,0.7313615483594984,0.6658496778529832,0.769412369117691,0.05561855115086445,0.11767965566495153,0.08898296714969378,0.12072617846831568,0.147817395410427,0.07203699866536195,0.3186559949200305,0.2927678679060661,0.35537280465632826,0.04852640448033352,0.06894724715890899,0.4834946450943356,0.7538389907091887,0.8936525032075686,0.6296989570958359,0.7562067512524975,0.5952512652036499,0.7787682590377858,0.3764557196354481,0.4886426154437693,0.30179248347333143,0.10931161424822708,0.1576232870805782,0.14212582028184462,0.7638608314443438,0.5834935992344641,0.8195094684286641,0.25576392869379017,0.4476313675151935,0.040786187788047434,0.8273509815372675,0.755865310381716,0.711694634209199,0.7558842022122552,0.814720501072185,0.7697348861389777,0.19317659535927634,0.36132233796372604,0.019488185894602994,0.13592707888917743,0.1637031500960787,0.19495996172619834,0.36576207094047253,0.3935352751783139,0.194618764034302,0.8274340021909659,0.717841943543565,0.8893249929037298,0.45557124486913203,0.5813106045523533,0.4337212776345575,0.6786579915527318,0.9038865539594845,0.02543438657866437,0.7693916415882702,0.726593962671986,0.6062917229109521,0.6196104033447316,0.9735002129751109,0.3055895733220798,0.8346671104962993,0.7476421368363715,0.9249019978397421,0
0.006854999078083068,0.09410881905755408,0.0068207269091065115,0.11647189780133527,0.3591343888961076,0.044407185167136376,0.9411530586243819,0.9591965129442164,0.9346488955867651,0.3014260132750666,0.3158993136829982,0.32432861252640466,0.1255824366794922,0.37050824123536064,0.060202908638381514,0.05942939639674771,0.0657349577006075,0.04045090963748743,0.5113860497207248,0.4870343081025301,0.7719835379990461,0.021360604313836795,0.04461237997000689,0.07483516640684185,0.8098857690190024,0.8619302866610341,0.7822190238252144,0.739369529387857,0.6606826799961172,0.7551172250843546,0.027530497776200313,0.0,0.08921032443965915,0.0919579245413833,0.1549341012897914,0.012691561577410138,0.316959222137533,0.287173556248288,0.3479274786733648,0.040206126626159744,0.027648184637854456,0.48391239833321853,0.7388575432207366,0.811709692220943,0.7272003193413872,0.7569354193022428,0.5894902384752854,0.7734630590965534,0.39953774718147983,0.40979802363087714,0.45317277559115965,0.08649195782141558,0.16606485005701474,0.0,0.7404453553816674,0.5731829431365156,0.7815660057975531,0.2740579302821863,0.4267423299124533,0.048609063750984616,0.8124519140629156,0.7570271768988441,0.7674111161730746,0.7360708202500519,0.7429326018175191,0.7754067502305537,0.21621600968215526,0.3813667459245311,0.019509218399292205,0.13177683635734727,0.2398820627822028,0.17454541130132362,0.3514528808797377,0.472318927630484,0.21740845683561222,0.881473234431275,0.8573893883445454,0.9451682125332267,0.34038172601630023,0.5647831848032787,0.31684957271059766,0.6184257405523828,0.9116129722567985,0.1228582848380666,0.6502713405776435,0.6204816947157479,0.6195017472718742,0.5904865058987459,0.8471444912838848,0.3704244867568314,0.8397082960617079,0.7491959751973161,0.8388439336335698,0
0.02522436135862627,0.13591352809857415,0.022006108490681964,0.096851163774486,0.3630008935526059,0.0462947438264083,0.9409243548917362,0.9516231684191225,0.9337973714974649,0.3220698681109897,0.3640851118598887,0.3401258612885103,0.11380225568762148,0.3871923698105957,0.06773721281583467,0.05979758665568813,0.06685254902926069,0.04803970649819933,0.5152804531185069,0.47062198913267883,0.7865522820662754,0.021699788549037535,0.06469176117729081,0.04956764255781687,0.8323345982491595,0.8435431900207403,0.8113422312724534,0.7430734496158045,0.6179350684653753,0.767514646089814,0.04896626096155554,0.01911470350784139,0.070213091023136,0.12100322449958789,0.13111751499432467,0.22985115148351043,0.31955670319986806,0.28962728508448077,0.35038008016907485,0.032475952808938224,0.05716575436238358,0.4786351062550507,0.7659720651363354,0.8063010570027043,0.7251505752929526,0.7565864569019272,0.5848446809519401,0.7827663701260668,0.4309974671456125,0.44872332192217,0.5748830929866688,0.11002905813070715,0.13306691100978907,0.1774958995300452,0.7614143037172036,0.5800087899482889,0.8127121471461993,0.22929303095063747,0.43860244405494675,0.049474573431990465,0.8080935683139142,0.7178210440024015,0.7269069081954393,0.7333798516365408,0.6889007738751705,0.792051804252152,0.2004435860627769,0.3804596358427672,0.0,0.10829925780212535,0.16964451575441572,0.091561142049017,0.3812795024661251,0.5365437687848118,0.23417335280945412,0.898849590080455,0.9041907119403421,0.920257646085561,0.3917115300602898,0.5836311300844956,0.34500318671646213,0.6729530573335012,0.9069500079251602,0.2356863837002019,0.7016218820156204,0.5486274366137316,0.758497022074851,0.6125350486661838,0.7023075511726091,0.44278212581648946,0.7916270669008632,0.7041207239283693,0.739982265653528,0
0.04236115013631769,0.13450062098776305,0.01591281731922134,0.07910488928502035,0.32172483740562385,0.04693182240539806,0.9511810729997487,0.940729940562768,0.9284934911735274,0.34560828039479885,0.3646828669526303,0.3553689982128905,0.09075961999491522,0.33879199241585223,0.054874920869795174,0.04940416105203427,0.07175086373421166,0.059017958310548124,0.5175169263206345,0.4679072543987792,0.7922995615098511,0.024373762339248373,0.06354033496502964,0.0785528969235827,0.828589990915844,0.8467364718535694,0.7750214406295268,0.7446475826759222,0.6485938403084295,0.7848030900302615,0.035499961237409394,0.03380961252752801,0.0630767326822479,0.11024689046856095,0.11559684468057312,0.07406784040545489,0.3209408019651061,0.2890595533769975,0.36076806649787896,0.04367097818431365,0.056405108016771344,0.4820701821123463,0.7664424059394912,0.821568607620196,0.7221542853320861,0.7590036794161754,0.5868772635542325,0.7841969591156,0.42012240791300925,0.4419174217445132,0.5407827189931034,0.10041625184623326,0.11386693401987688,0.08656816588591343,0.759362261428628,0.6232123988142924,0.8213051257842585,0.2080404640137149,0.4040107904261123,0.05920149196954683,0.8210852291321742,0.7384890707438687,0.7442320579894616,0.7412570195566179,0.700262355253332,0.7784894782783842,0.1702325568896761,0.3724352275497067,0.020310642480682095,0.10661753304915123,0.1182853639893453,0.10870233483215141,0.41152925935133866,0.41009114112243417,0.2128676087272971,0.8912223626461069,0.7876697456147301,0.9004575781014438,0.42534068262855085,0.617232930857174,0.3620279121114447,0.7050960835180899,0.9374263226489132,0.20835379713490232,0.7400581388020107,0.6272885557802272,0.7004839702104328,0.6357430578249437,0.80142589692068,0.42167182022197913,0.8058107938815477,0.6362664338117794,0.9252606448467833,0
0.051064981669334486,0.10863361110829972,0.07126579598446048,0.07699701773093315,0.30866065530083575,0.049826482811405004,0.9533429354769464,0.9524723052534791,0.9326616795940741,0.3556018527746234,0.34108233838855284,0.40202266224990924,0.08611511805724836,0.30322000010875927,0.05841843971055827,0.04720156236378992,0.0677463306854485,0.04718129062663862,0.5059366922672646,0.4727430464761202,0.7664430636309898,0.03736046501901935,0.06111079671877295,0.09107481514323723,0.8428499796806128,0.8924364053977757,0.7691180945717212,0.7326664490355213,0.6507822032022248,0.7492585702623226,0.05010306082364213,0.025016839359674137,0.08413912814929159,0.12362472645385658,0.13337214665502195,0.1912760199900827,0.3213459775783907,0.29151645035887963,0.35589270387586414,0.0382432844386944,0.054269974972281254,0.4825900528096225,0.78481731688787,0.8397482480663097,0.7246097996704757,0.7535168814623747,0.5824315132225912,0.7771960565583051,0.4298706645959882,0.41415726141951126,0.5574953863239216,0.10980547593708631,0.16911404419023657,0.0951005818654781,0.7596637359902156,0.5831846263181029,0.8158914687638494,0.2024705677723101,0.3806351317653618,0.06082224206931475,0.8334634470449088,0.7554549203694101,0.733319719222439,0.7437994780076036,0.7336836422129616,0.778054221012799,0.17000772267822395,0.4273676869633427,0.02497157875737971,0.1078210936525903,0.16123367971831445,0.03256472696174706,0.4119548660001895,0.34204481056932856,0.2755427436607405,0.819828886364288,0.7794513105961709,0.9129312890133122,0.4856968005691158,0.5916772869163704,0.2473816801320452,0.7289802240631404,0.9235825423340289,0.23344027325258798,0.8083501088608696,0.6051966344058588,0.7441766255933386,0.6654404037957682,0.9181715856540578,0.4059935142464174,0.8327979086482213,0.7335369266630742,0.9582329432299157,0
0.018884733742012383,0.1046905345727751,0.029789542436926553,0.06372826753516314,0.26575916919017817,0.07285877311440259,0.9566940351748496,0.9690494635363258,0.9458154004218309,0.3246939838269465,0.33544404802858496,0.3525394628636138,0.07599667202450977,0.2602179354948637,0.07345405742912603,0.043932969649878084,0.05504797221368568,0.03064984402425197,0.49668484738009555,0.40735653388616866,0.7978485933293078,0.022120040310671385,0.056026000817991584,0.08803157939901851,0.8411784623907336,0.8802280258999107,0.7773831116222037,0.7251621806334758,0.5967157172761288,0.7657096257209496,0.05100945162001125,0.10443078187177246,0.0736137755943238,0.11668821634911991,0.1326472237358308,0.11684657987202485,0.3215181767054438,0.2934699289907665,0.35866001359736455,0.033936645990501724,0.06036055219015335,0.4841153378911254,0.7793623644447811,0.8848644798258041,0.7251895969190225,0.7550716471712124,0.5838309698889428,0.7839433721684852,0.4280802448837804,0.5065493653389908,0.4059417978184623,0.10255647687865868,0.1342545532374428,0.056943752001893944,0.7458316423384495,0.635276369065616,0.8109421864126143,0.2266369890223897,0.4565785537098248,0.08826061963003151,0.7997668371440162,0.7517730855114046,0.7200800159799803,0.7364308550610528,0.7433032802834898,0.7678696766891007,0.18455551785308033,0.38630715573612195,0.04235827482260246,0.038586112488594115,0.04719556948540371,0.048643083679959176,0.4288005914799011,0.3564761768757334,0.22878616823682896,0.8453372206469645,0.6058996766863105,0.9109580479921283,0.3823475167187014,0.4965461476936781,0.3578236701155142,0.6450205102764293,0.9502889377653405,0.21168990711008862,0.8006564237283467,0.48777191816987653,0.8307058743380697,0.6848216334652268,0.8216365203018547,0.5075881076423869,0.7687611855003254,0.7145619679164437,0.8196407964583567,0
0.03859104183594564,0.09864051139674412,0.03262200336829668,0.037875967212290806,0.22470416055722242,0.04025185803114062,0.9503265444538349,0.9573758182214958,0.9233784238840502,0.33896854950284006,0.316662703947753,0.3640105461698617,0.056049116653798414,0.2245852192496698,0.054432657052329914,0.05025905850279999,0.0769543804926876,0.04207108544813137,0.4917803374710936,0.37210616438668165,0.7756195040164553,0.02873964957465569,0.07956448372633806,0.032001887898854164,0.873001293468337,0.9637057253981395,0.8082559324096621,0.7299898230288004,0.5867335518568164,0.7716521178945795,0.06173613658037436,0.03552651064581891,0.0787559202588648,0.1247334010775949,0.1314683320881908,0.11848776284797369,0.3267694183546803,0.2985155178151957,0.36529611183062993,0.02957480369972476,0.044162403193300115,0.4749875915413928,0.8137244070565781,0.9432348036172944,0.7462999877531528,0.7542862126986047,0.5773702148274027,0.7883258888670754,0.4301857979280186,0.4191445459456986,0.5410431172300161,0.10616283513875446,0.14395064924681947,0.04440276508582708,0.7488607846214834,0.5782145651313351,0.8276866418369526,0.1792277195969194,0.40675719945248945,0.05577915242917675,0.8189989318093174,0.7676947480127597,0.6859413950744417,0.7168544002538908,0.6787009790002871,0.7652075596313095,0.15078306893823046,0.36391938006409363,0.014483306305930255,0.09655241527258196,0.142091270278715,0.0,0.434465563865569,0.31613459854843917,0.25377663774395753,0.793408439392981,0.7045111169983249,0.7467622434771896,0.46925978612121755,0.5520176370225718,0.388097393310858,0.6907809086963805,0.9193977218367255,0.19179888983741478,0.8313727604224477,0.5501126419186004,0.8763403061281165,0.7508232119126785,0.7827003384342994,0.5623565678978498,0.8145402146996115,0.764330393519483,0.8677517586024188,0
0.06052734049195907,0.10032194343291367,0.09651089879844621,0.05474349496162523,0.267103494309054,0.053945468386283,0.9341436910366792,0.9713066771432987,0.9208072026156625,0.3576054401534843,0.31910814421878175,0.401285460241815,0.06377935963722603,0.25595275858881195,0.057459953558918864,0.0665154014905101,0.07986593678166506,0.02844206310781716,0.5062539912426898,0.42793807897439917,0.774311006308743,0.029758627177311592,0.07689186304040829,0.0869878001687665,0.8254587554701487,1.0,0.8012707513200095,0.730166565698334,0.6062986699214941,0.7800727371111292,0.048862366046441785,0.08544888239200077,0.062296300566337504,0.10666128422794408,0.12497908352537232,0.07980763619394082,0.32541197961564716,0.2949643433123055,0.36298609807944926,0.03906190780954155,0.04137350521972216,0.48932505541437354,0.7674915433158972,0.9787836265705208,0.7019217510341186,0.7516275099740437,0.5753052179833569,0.7874392493679991,0.44395665526757355,0.47504688715063637,0.5504673558600501,0.09097483704595846,0.1291322979285179,0.08689069310791431,0.7890401535559017,0.5710610433855638,0.8404172001892511,0.1962450704132449,0.4196073862073808,0.05335092318314805,0.8117334805555715,0.745075962153839,0.7304622143505837,0.7505064790312741,0.6903163892087889,0.7887617750735165,0.15841484516993065,0.3368707989574211,0.03863932828080535,0.12430660189860343,0.2032579667617623,0.11232122509387943,0.4553677261565918,0.3974698217443695,0.1870751090973346,0.8248974734733077,0.6657483686519496,0.9265067465863367,0.42893920849864253,0.5754863812628566,0.4606621603315397,0.6769729418703982,0.9147531237637985,0.2644117744007888,0.7866179757844818,0.5816455117011508,0.7643050410585104,0.67109381360686,0.7695449435361148,0.4649197918747844,0.8111610466467805,0.7065861736579997,0.928504818238117,0
0.04955169091775513,0.09874326133262112,0.12000762972621848,0.05282227709478393,0.21615980639160726,0.04970630787634467,0.9468949035915093,0.9681308698498599,0.9305121552782478,0.34276779849341965,0.3177670823958314,0.4299694402260106,0.06741250527864961,0.22891315933055045,0.05653919030702648,0.05375620731034181,0.07008776829841334,0.031476443147422706,0.49696483510796163,0.39396726829498485,0.7742213115403571,0.031411800992450445,0.07991431665539128,0.09298702784650814,0.8357001433040951,0.8911143083048458,0.7937462812373678,0.7237370616215668,0.6077004528872778,0.7471905457734979,0.05621060647540066,0.07189331728219894,0.06599005029675364,0.11525099862014387,0.10996198703038272,0.061398997608486106,0.32792275335247734,0.30557034463564037,0.3699227534354881,0.04513915778891153,0.05445296261146648,0.4854720104250485,0.7784516974685549,0.8585940812055448,0.7133174183708353,0.7508094128249818,0.5751202471610122,0.7786614085492469,0.4640600683788598,0.5221627555921522,0.5662545660422555,0.09850834007815962,0.13184514223034877,0.03239026114465693,0.7625552213217803,0.627718026563099,0.8260793322492745,0.21101206633733127,0.39030623706076484,0.07221905672153006,0.780243939233065,0.7506527165500025,0.6745649977539342,0.7299642362839205,0.7477412752681203,0.7572457440990219,0.1919173596437772,0.3570668314231722,0.0341126288722709,0.042440749076982254,0.1527259421896035,0.027016290433144574,0.3689724537701522,0.35182420275312953,0.1975697838110198,0.8057041643093008,0.6212380570367975,0.8898486579308965,0.38330170997163004,0.4771962046740983,0.42729613660461474,0.6291498010363958,0.9311467900219306,0.22454476997494743,0.8102035745768346,0.5564418212200675,0.8156532644272072,0.6676437876530907,0.9690379504973166,0.5145707946462192,0.7971429413546374,0.7446901104021046,0.9272451178235062,0
0.15517389293799377,0.1125125166801535,0.3037061330881996,0.2155704099016238,0.48170112503593754,0.056424265700861786,0.9526263756852796,0.919951581333404,0.9321795270272355,0.49698221358726524,0.38068771637039145,0.6778803527742667,0.19406272164450966,0.4622399066845273,0.047670658263248455,0.04746237833698952,0.06681954876659174,0.08049560312632048,0.6225211374787767,0.5903112141431519,0.8879208404051162,0.23269089808592325,0.3934626900608862,0.190663195983924,0.7444700572843664,0.46431241611658836,0.8250647986224603,0.9901765752082685,0.9261199456701412,0.9898317112921798,0.17733957184900273,0.29673770249031417,0.14957045999942764,0.1376539937704772,0.11548926237175328,0.528248122029177,0.35007366962991515,0.31976458776642724,0.37738899844030227,0.2025170379350696,0.21163851290936186,0.5626203469359692,0.6467746824204744,0.3767527754476894,0.7697606463786376,0.9501331572793725,0.7658754796420819,0.9768037469392552,0.29083765090635794,0.27072028801135417,0.5187341560828855,0.12678656942237496,0.09642136484558875,0.3869543108810959,0.8390824902516125,0.6468949975219829,0.8638688975287898,0.2937349783637765,0.35729406844841005,0.1839044439524844,0.9975078680176575,0.8648400218818303,0.9907206056783707,0.8643756408349332,0.797570935011473,0.8889147598029588,0.2096760901390622,0.2630361695202399,0.126127838323422,0.47155937994262076,0.3923000329159443,0.6904927185677867,0.822930605480592,0.6603691798165832,0.6182705726743776,0.8916057901426155,0.975746174739113,0.8857671104561585,0.8189533823818731,0.9584550987884448,0.9082741084357268,0.9000400328749811,0.6711510400823242,0.9918394178798271,0.46941646878935783,0.33146028098621017,0.5459577399637645,0.5058978998771466,0.17734404919017166,0.5252756110283199,0.9259956301287793,0.9072460261847519,0.9229844235977036,0
0.048499422873002906,0.09875777619345127,0.07042875250765146,0.0542842383892812,0.22267203057032314,0.06190303135423214,0.9539222637853011,0.975756709273797,0.9379787112293206,0.3497392788422249,0.327001405199562,0.3869518325411532,0.069900689467437,0.22842623491644565,0.07437752483153814,0.046541475908339014,0.062347617915797626,0.023611744841199156,0.4996010771504089,0.3867174068288204,0.7916712227171809,0.02288269845696833,0.04942129659401617,0.06073885496074016,0.8680986335058939,0.9797724729619333,0.7835734362203868,0.7360734113019136,0.584685490330974,0.8035341712179808,0.04774681236475775,0.038281477659782404,0.04987993197018392,0.11265001061909652,0.13333599973770413,0.07420134718294924,0.32811842050898354,0.3005418637979318,0.3663928223144439,0.03436914894910181,0.03880169712717674,0.4857414450721418,0.8208828931187104,0.9604411580776593,0.7388717813352144,0.7551503683149627,0.5998906946613904,0.7942066909263623,0.44706184082319567,0.513695251447416,0.5712810685945211,0.1065315782836351,0.15131156850560074,0.043048150753423386,0.7593223683596917,0.5728389039370865,0.8253335654500729,0.19816578240183846,0.4300940190739353,0.07225611304168211,0.7925446029728022,0.7533106740201463,0.6973337582119172,0.7158195022561593,0.6756221383908825,0.7558097831863013,0.17150521770568128,0.3506147472718357,0.03572018793542203,0.03283556634403073,0.06136837049034899,0.019263372777787113,0.4054524766398251,0.3557308008417088,0.24594219076644452,0.8068733213628789,0.632444219826426,0.9217074317083668,0.38183951313499476,0.47736331706043966,0.42126699016385083,0.648767230267556,0.9574613544456456,0.26774735738324806,0.7467532993253605,0.29799822358437744,0.8354948791829291,0.6988640889874991,0.8469774741192637,0.5134136724257918,0.7892414474216642,0.7585234155314602,0.9153321050983698,0
0.06211211606966627,0.06079625852724213,0.20600025303974112,0.2643210608994546,0.39973839666108657,0.056536318847641764,0.9625261924263053,0.9737357897549133,0.9340283899813374,0.36604108955877335,0.30282514864514987,0.5025539098223692,0.26653465993158454,0.43605882608845414,0.08789273392051267,0.03764669022904782,0.0659416549775883,0.02595131407859652,0.5906736397107428,0.5733788352370306,0.8445236272817891,0.053868946769106696,0.09639955036179426,0.0421630744146797,0.7737599483569029,0.8630974045108807,0.7520544388901347,0.8170314726567796,0.773836963964547,0.8353377501535285,0.07004805146010362,0.0720949118859604,0.03259634365941233,0.032635237067752565,0.24520451281524522,0.09916014506801174,0.3304177181004251,0.301890860232342,0.3713946219655879,0.06374370244645444,0.07522247553995864,0.4859197728113238,0.7729784052067198,0.825727683862588,0.740942047338636,0.7953270502958596,0.630470709620321,0.8122651553421307,0.42906071148809843,0.40790770185583014,0.5215713173610315,0.10402030815352498,0.26936317365584966,0.16167943387014727,0.7801844219041976,0.6194127722312444,0.7845192818556577,0.29435747414832203,0.35742303989009194,0.037473386505122885,0.8276178269178023,0.773749342210081,0.8159181007667309,0.7560943015260946,0.7045915196949735,0.79059155806203,0.2736201535575572,0.3442833474366096,0.038019250071293975,0.050123391825615204,0.061756918471408795,0.14019686393046227,0.30671275357587646,0.2941744786643268,0.32703464233950613,0.8724144527096014,0.8299020165381528,0.8449029389914292,0.20175544380121058,0.8831479139284903,0.6123758976569035,0.7779256942755199,0.9412896054821092,0.5784752882558755,0.14316556717777784,0.9627260075907405,0.5747646762729111,0.17407009386192485,0.6973477957994341,0.2365198853729852,0.7896177606494219,0.6047346005499614,0.9170299190364619,0
0.061340792026046476,0.08072554441709778,0.13207090336258087,0.1928523317036981,0.3704754051529189,0.035563796646940204,0.961480007261043,0.9720790829281962,0.9428077919063351,0.36650437967532046,0.32418150418763236,0.4821827077055656,0.19482474160579732,0.39167053366371984,0.06729657148868085,0.038682969684028956,0.05702228384200175,0.027683518334887025,0.5644435955849127,0.5492906211181143,0.8395721908184883,0.05169686343526836,0.046728097500495114,0.11608718660163886,0.8177526116014507,0.8994993381778779,0.7693561106356698,0.8112770651798775,0.7357666800558067,0.8404948417591881,0.039978934017648626,0.04583888673918324,0.05413159391569344,0.06345422377487053,0.24399213727011532,0.08522176595841002,0.33104078572529083,0.30221939694029976,0.3591205397107635,0.058594949642514216,0.06837707431044837,0.49636403556969144,0.7922520751615287,0.8692492297887857,0.7534030551364717,0.7963088461607908,0.6291014094873422,0.8303486857115465,0.407676388454572,0.43733317508533887,0.5385579925927146,0.1057923383245874,0.2620079976720188,0.10156042380990704,0.7661803072462763,0.6045676561072999,0.7964885424833639,0.24907609329964353,0.3368702690290766,0.04331034735604833,0.8468138550306791,0.7974903182397466,0.8504273425599504,0.753232752962621,0.7188141169416093,0.7942898052283198,0.21396446734433583,0.3271024891118224,0.032815180291153434,0.09046981919895691,0.08926561731149252,0.37133506310429876,0.4148743223132083,0.2902864740319817,0.32526132965548926,0.8889339204813256,0.9343605184813564,0.9565360946057283,0.33250708662733475,0.8793186220102989,0.5469091981003531,0.7831740296263932,0.9473986105457728,0.593134472524538,0.3773149571088008,0.982581569705534,0.6328729857850204,0.39745135631622763,0.7783950870152339,0.29749524434928265,0.7654148790818147,0.5886400366267104,0.916284869168905,0
0.08077996013262778,0.10733491303402065,0.1769233749849879,0.16514784183578346,0.3364119375705188,0.05803926265175008,0.96317080973414,0.9513955899591942,0.9256076644225599,0.3759040150267987,0.3423875521820978,0.4824208129511649,0.16597908944018824,0.35527197073649974,0.08076270024572607,0.03699780171291328,0.07415689133991582,0.048593585850696897,0.5654452883810941,0.5357989470881837,0.850556947462002,0.0437932837712145,0.08586147644929865,0.05664154235615504,0.8236910143871854,0.9401989930462357,0.7840551586438775,0.8070037051917591,0.7382954891417972,0.8391593543385668,0.03312356165087227,0.04502773120082537,0.06407041303644156,0.05925401908388206,0.23840238711435868,0.030605727264253924,0.3374541985296773,0.30821574628602244,0.3797523864604706,0.05243025268653856,0.06576700516607303,0.49225537309466194,0.8103431703904057,0.9064455013190811,0.7648953661854806,0.7937737840237011,0.6303241198404508,0.8269351419364201,0.38186966784373766,0.3816162807517287,0.505543669782373,0.10188641389417624,0.24765819721341426,0.031113681728590303,0.7851842863144816,0.6206159353658269,0.8307832259793411,0.2095247229336571,0.2999253939879196,0.030688256199862263,0.8345564679919332,0.7592583534726023,0.852687218774332,0.7604253690740757,0.7116419386761983,0.8093017369356161,0.184399889213133,0.2904145449124529,0.02600883336646015,0.057603751469967546,0.05706442862806277,0.28395296867828446,0.4537833541741183,0.3688139883400021,0.3483561891608551,0.8655737139292476,0.7235367299930466,0.9494427218826768,0.34409297700394403,0.8640543775141882,0.5806158896703855,0.7782951292637947,0.9316110410646541,0.6227515549702265,0.42499991114223556,0.8572023719925017,0.6535034552157606,0.4358102095894416,0.825854483626852,0.2896010743959353,0.7770274538090587,0.6138603032511769,0.9553882872581263,0
0.07450368678049468,0.06382375292039955,0.1878216382375162,0.1708832252269028,0.3176493880432021,0.06970022341800641,0.9596021830748276,0.9605923878374079,0.9395761913758925,0.3743640254889282,0.3047870724231694,0.5006426861088475,0.17722672346231994,0.32632409906521387,0.10024056123021552,0.04056703389102789,0.06026709783289824,0.039025820731445116,0.5661713483090032,0.5340948123565803,0.8454543293572876,0.03619065404649868,0.037524404705252756,0.07578569487549869,0.8005143142480187,0.8428476135932381,0.7606355266892979,0.7972733553471598,0.7183542341860587,0.8372724666864185,0.04886336362112953,0.030680119045912946,0.059675241879535434,0.058683124540144016,0.23196424014822958,0.159057530853699,0.3384356669879689,0.30995505826932757,0.36600797383891726,0.03993469176958353,0.037124864942645885,0.4868437954792406,0.7893019983884536,0.8054889849071061,0.7577502242426739,0.7872159863209649,0.6132432658203268,0.8258038806853287,0.44986725235085245,0.40425563480318516,0.5515080414967723,0.09978566583251869,0.23557093255008243,0.1344243447137926,0.7667921045863269,0.5940508881899875,0.8094019421845771,0.20354479272058212,0.28761507910479045,0.03515733838004054,0.8401613128262835,0.7791569517885885,0.8622019047737144,0.7437114137383138,0.6770860319352998,0.813347113350531,0.18349174409224434,0.2734071977602819,0.0255915142123343,0.08821549592753108,0.09084750434800692,0.36239500824757387,0.38314095776466806,0.33740916814142885,0.30139233073052546,0.830776624102592,0.6245036484031781,0.9523188546841354,0.3758515285601225,0.8731796808131866,0.5827879179874338,0.77987125718903,0.9406137344708112,0.6280469200290477,0.44629207263047643,0.9565145915111284,0.6415108091661661,0.3781140316932001,0.7810206610987649,0.2643983202790452,0.7972255333295579,0.6241133954891529,0.9465397043138979,0
0.09538699966308073,0.10782192481187503,0.18056248037175804,0.1968524115840049,0.3964957575090502,0.05781708356218851,0.9571507515509778,0.9718990046417426,0.9355723166202763,0.3979738898072638,0.35421113927844816,0.4910991109783902,0.19731395455573209,0.412203381688923,0.07905584043781255,0.0430211116217708,0.06434409505638086,0.027733118971061066,0.5906947337535113,0.5784150708777549,0.877480749696131,0.05345162484815846,0.1016325751047571,0.05802028061042064,0.8176439169618689,0.9306828071491807,0.7797088101832188,0.8200477072260468,0.7638252614151395,0.8539914514357912,0.06362662013123543,0.050944198422593345,0.06499717617408507,0.05118921548939864,0.23091742182278369,0.06666396183444023,0.343703616509877,0.31791660838598634,0.387661776332588,0.05260299693806836,0.04660071348544026,0.4928296488649093,0.8079860407735793,0.904408183481382,0.7679590726542102,0.7920811303049968,0.6354475052161122,0.8217016635559875,0.4254776845731634,0.37605411092442864,0.5375599505697011,0.09853511282078972,0.23566132618054514,0.0909204238820428,0.8118379475105342,0.6355904071117542,0.8287181776633383,0.23146063825337115,0.3328199384313586,0.02513762430525701,0.8380502017274873,0.7828179077823495,0.850911368288998,0.7799164115516393,0.711612644439815,0.8262579930171066,0.20570735206171498,0.3171481865401564,0.020408476936883024,0.08221553690270356,0.08223564324525412,0.3177735429608608,0.37447893452692793,0.13765022540720206,0.3019188858584841,0.877916165543354,0.8748874053235767,0.9619608714694811,0.3132161226791419,0.7927053023390087,0.5913146531572824,0.7711378727358134,0.8919986551333166,0.5886518438138661,0.3482468335497493,0.9775329143145512,0.5548022351156332,0.35291599738700596,0.9039688066224087,0.21962964077589478,0.7936184940577493,0.5813168730596079,0.9598934318088328,0
0.0870051089200552,0.1532637524009206,0.14074575649998478,0.16992691965849893,0.36398190607353187,0.04977376001629841,0.9553875614235128,0.9650398052794583,0.9462394913483183,0.38713909071532804,0.40294588739961146,0.48421034331827606,0.17416940592663854,0.3956805793970024,0.06477765527975898,0.04481155168834644,0.05362739538273467,0.034645893656772064,0.5671435455903335,0.56128079063688,0.8246910997751289,0.06455535613863495,0.1474150304689048,0.11455026530699808,0.8477046171180207,0.9574462545230108,0.7937470135006077,0.8203563080154965,0.7512562895241799,0.8290683360879633,0.04276685893828436,0.03750949453258201,0.015030574314995437,0.07586145212953627,0.2074331799403144,0.05317869115069329,0.3417616468573148,0.3129055523495681,0.37740653350273634,0.062150574687464655,0.1187406790671286,0.4898611180976533,0.820293182637836,1.0,0.7440147516702341,0.794398052824089,0.6338014745415959,0.8142653086652634,0.38777327139792206,0.4006171671877752,0.5023844131240711,0.10812988310017468,0.20884418430536889,0.025231759834239864,0.801714206957814,0.6218670224206022,0.793367532431043,0.2256512705191781,0.3304720677655437,0.026397370497017292,0.8237395695150246,0.7428790145592353,0.776133463840186,0.7723997817451826,0.7212286821014016,0.7978179302709598,0.1973040100134681,0.330607608174855,0.02350425225377334,0.08848835650789089,0.13047420689090394,0.2626769934452624,0.46091933270613294,0.23546998607582204,0.32408940590994834,0.8732650625931218,0.9608324918803532,0.94477033100512,0.3376371467725332,0.7574216283331898,0.5532847700284209,0.760590672079462,0.9557016714410587,0.4499880003094552,0.41648646479979456,0.8713236922086054,0.614982682066149,0.5043878943461482,0.8678909868762794,0.3066215153992966,0.7862986449587335,0.5588166690403593,0.9564998347042479,0
0.10064441103816124,0.10717181183469204,0.20827696848113852,0.233806800623106,0.42943526242199126,0.046995282479926015,0.9521072087183431,0.9693596058122514,0.9238408183933557,0.40075926849312227,0.34539187618868095,0.5100368402949775,0.23794577957130247,0.45786868946865633,0.07563847021878445,0.048006752499985594,0.075799495302136,0.030086419647237572,0.603414491492765,0.5884762444310856,0.8662232639070468,0.07223527804979435,0.0963156290433358,0.09477595503368175,0.8351036547780124,0.9017551597389962,0.7855005776298387,0.847659048922087,0.7734811338504279,0.869868779221996,0.0815385302962035,0.13972321347530947,0.04961427868279511,0.047388862220910544,0.24588389901843574,0.0,0.3477554310430122,0.3200402164413769,0.38621990198823,0.05840499426691981,0.07141342147792429,0.4941057932551094,0.833675960297625,0.9166881824493307,0.7878607355392493,0.7980995233458332,0.6278000018706726,0.8191734785377802,0.43104550756579485,0.41337096668508977,0.5244102932610399,0.0974614310598764,0.2596167767674102,0.01447012290038463,0.8224493152098264,0.6515479036596732,0.8091413050184795,0.27621351922397575,0.37264655948383374,0.03273388878076877,0.8181483630703772,0.7657655019306607,0.82621355681413,0.7847782278497186,0.7254792921661486,0.8005667983454465,0.2543179037279426,0.34152835215630706,0.03090974005299335,0.07434986083731565,0.0700881860103384,0.15535763853135132,0.3724954221970771,0.1492951920373562,0.3302428126562189,0.8610033375614945,0.8296691528532172,0.6401003457381381,0.2483103854051798,0.8527674960472691,0.6202718554860437,0.7573476585750964,0.9833936282301075,0.557767408046481,0.2669879286868002,0.9475285392313495,0.5786953037038209,0.312033010207597,0.9108842223572289,0.2655124139259455,0.7823865991537722,0.5916986339265362,0.8140232768706768,0
0.09188630370851403,0.12936045040377087,0.16056934370011344,0.16669136386207395,0.39227553115913616,0.04917481254499645,0.9567751779533189,0.9714828333970802,0.932699998722178,0.39753455900843937,0.37726984431373545,0.48147213299388314,0.1797086445139655,0.4145756937483345,0.07181709991214213,0.0434444773710117,0.06721451339461923,0.028352775264440744,0.5678127043399468,0.5573593856514112,0.8288598463779,0.06545422892687291,0.10767876848519764,0.12993406656273665,0.8510220779553372,0.906836305353712,0.7907133308027028,0.8220437909657172,0.7549571996216171,0.8474647245587296,0.063851471149178,0.07253297409365977,0.0470387720771388,0.07791329088427096,0.23899516978971344,0.11153110935329691,0.3437541315805177,0.31508808791477527,0.3788547143169172,0.05576118375285777,0.055990474661617995,0.4950777442015961,0.8236925051328385,0.9258671848243856,0.7812388363913668,0.7943381918748915,0.635864374942146,0.8183900302639371,0.4236658343875135,0.443132716907936,0.5504464877086601,0.1018534669793559,0.2598799330584428,0.060072330176022426,0.7699462176691814,0.6025377079430587,0.8052832819612676,0.20731786937792085,0.33684471460179055,0.03091537376753295,0.8548401757867736,0.7634786321247864,0.8324424241979973,0.7614695131070592,0.7207786309837774,0.8049051002712819,0.18790363341930172,0.337621010638415,0.029441747361455606,0.11747450496090928,0.08765768891468256,0.23734693239990778,0.4765864603709147,0.22666347238092488,0.30417607377534267,0.853554645350429,0.7242321615948146,0.6897488871988536,0.39714470938374347,0.872391177900945,0.5875628558508393,0.8156328736583758,0.9577508168697024,0.5433316537228687,0.4855255285582287,0.8398424558969104,0.5988956619253905,0.4870092969375901,0.8393762959960256,0.2717674919443137,0.7879863127906606,0.6158631221983732,0.9295445657732051,0
0.10037469555244449,0.12398956992658361,0.20021245062567417,0.17579643458320593,0.3646473321643089,0.03566951755201009,0.9542580493657388,0.9839799714864872,0.9408384685369491,0.40529124591497734,0.3668197118379908,0.5334946081925369,0.179867005420157,0.39347752398595537,0.057302571998683716,0.04601014697824951,0.05883067963583713,0.015709134367420052,0.5870734968135936,0.5725398878135595,0.865929775018264,0.05803828575611503,0.10770995763420332,0.08363820992863147,0.8456701691925876,0.9783041135008053,0.7846854313444289,0.8279845500805645,0.7680552245875685,0.8577136766191965,0.06463219621573124,0.04170619736207204,0.06877961137221833,0.06898916947181832,0.2028116797945083,0.07866699049225812,0.3452689149663657,0.3154866406424617,0.3823472680680364,0.04992491152694889,0.06254600683541955,0.4868576126406303,0.8246384190751284,0.9645917599979155,0.7761233595262232,0.7940781429534904,0.6393759177987728,0.8259315889747127,0.43798872404290634,0.42946157355379455,0.5687923147134981,0.09698361983956941,0.19935626314942692,0.049898487883137554,0.8054341898070869,0.6271031977333155,0.8186617622828087,0.21939626385483335,0.3137924993419965,0.03661906682064231,0.8622436562472072,0.7815803635127343,0.8344652001069219,0.7775526894954836,0.7459269964717632,0.8046667540435926,0.19312337939325164,0.3145414756307776,0.025688920404865145,0.1430859421467966,0.1643781530403852,0.3580990212866405,0.44818777285321443,0.23155376832720176,0.3009541287318257,0.8951167979428547,0.9722352596056352,0.9644873837752116,0.395435963684275,0.6803877807928949,0.6074898179791015,0.8077639340287575,0.8672484535575489,0.5706236470689381,0.45120298478382903,0.8579037453882581,0.6383999816469903,0.4482465223792633,0.9282918020228408,0.26566859547315724,0.8107855450442476,0.5837169867086534,0.9809015585073135,0
0.12770420277818673,0.11250755106986965,0.2874818328383504,0.22587069280775118,0.4500326433286468,0.058624582037632766,0.9486304752844221,0.9358243157310049,0.9213294620184069,0.4682467337928662,0.3609585590301507,0.6626211514479192,0.20202928298153688,0.4370120559675317,0.045702036685046465,0.05151402451621573,0.07773879162121339,0.06445982797253513,0.6079713515837586,0.5615763537821605,0.882513165005095,0.2217594930525486,0.37462026407241567,0.18440423919106363,0.7477460894734141,0.4852495760146016,0.8196974234898378,0.9912116933371284,0.9408931258944788,0.9845938468856342,0.16994694798782284,0.2850237184172437,0.14735533888531283,0.13146433897233695,0.1081172665811892,0.5425873835235391,0.34732635102851095,0.31794575532632585,0.356853594533983,0.19100736968928622,0.1772064774297224,0.5609050758853615,0.6504628563413468,0.3961111285277486,0.7621020003847151,0.9458226781837313,0.7584756791589968,0.9688239914475694,0.341881562106952,0.3519509629019737,0.49638527325483395,0.11536530001429765,0.09798847744389891,0.4105978325393219,0.8317509229722826,0.6260305590968174,0.8901746141941642,0.3228538752394702,0.39519617358891823,0.22962378950525664,0.9979284190498076,0.8705425210265936,0.9889080656007934,0.864598347291403,0.8101473270973161,0.8906920915995598,0.2273888219287329,0.2601655001248595,0.14666883907378758,0.49823829834915806,0.36224227819239974,0.7609428651761163,0.7914119852414756,0.6274414337233729,0.6168114543709556,0.9284313220262792,0.824882941774189,0.9045448667705748,0.7900485212620783,0.9454946098443724,1.0,0.8874587731998447,0.6461279237792334,0.9418782509391377,0.45561455240828064,0.3536634226562647,0.6432634622481492,0.49946911742241795,0.06949343576580702,0.5458752310611444,0.8926007856981335,0.9095643156246824,0.8322366955015603,0
0.09960442104489475,0.10296250219394043,0.2177447651065476,0.233994401384233,0.43774669462034743,0.03136593336554494,0.9535123373782812,0.9642991109724062,0.9265698243068756,0.4012063980169214,0.34530398373104143,0.5171806578438622,0.23611911676496078,0.4599901754106117,0.060511046590079776,0.04660618448230114,0.073115422270524,0.0351596169236702,0.6035958738697764,0.5885914083693202,0.8660337322056513,0.06836967776015213,0.10073966513786248,0.08769490410331926,0.8353982127736319,0.971538611057684,0.7763887439088188,0.8482032431849387,0.7711823143972123,0.8677011568350591,0.07602761646880918,0.1359086805107701,0.0395811304736573,0.03943345519221886,0.23617688598294911,0.010632208220428652,0.34858884783877686,0.31976807272668495,0.38529192802625944,0.057369662084791884,0.06880002528556428,0.4912011668592795,0.8312883181456945,0.9485250000952099,0.7733523575194022,0.7970130888188713,0.6278175797430658,0.8226700875899562,0.4350348836020679,0.40335065407111514,0.5153780129527714,0.08981117581523276,0.2486237232882834,0.014105917210331942,0.8238176973925007,0.6504261722268807,0.8102270578935011,0.27860632662454254,0.385118503813191,0.03417593632295901,0.8210370882500269,0.7664421950268692,0.8204677049153088,0.7849409263408862,0.7221142190459338,0.7982873621794861,0.25570836335848746,0.33610204074277905,0.033284795197888906,0.08317486076373859,0.08680780693186663,0.20542806168469863,0.3732516867523954,0.14712930443433692,0.3228138554084924,0.8837189847967641,0.8933759777779633,0.9321391420682249,0.24050815251166613,0.8024143300417972,0.6225996023945556,0.7584834432988772,0.9914323091226054,0.548865848596723,0.2601733156811652,0.8986138404010706,0.5832548970761653,0.3192718429042025,0.8767060430822013,0.2570053524462579,0.7956187617265731,0.7604102687601264,0.9626249305630488,0
0.12723099959460793,0.08405116641230626,0.29258544319311275,0.24816620519807975,0.552255015757628,0.036342387062404224,0.9412227324610352,0.9490345598121713,0.940362860535194,0.45266724557992566,0.34031938002776707,0.6460657949491315,0.2235713403812687,0.5430408101117141,0.016291019597249212,0.05902783065138306,0.05868589078962222,0.05109897058417717,0.6347093479876338,0.650997871836021,0.8503642463341621,0.18800132891921484,0.4175336392656597,0.1844431413492753,0.7724716464023782,0.5002993737095203,0.8122677281025736,0.9178677053279056,0.8783371764934289,0.9379408780309911,0.18269060325874786,0.369686286312108,0.16010790602726566,0.0815597582629734,0.07895404260994188,0.23170884172167328,0.33891119335472597,0.31964483185937986,0.37392966901800584,0.1279312298480786,0.11212983472057303,0.5319246593368065,0.701126249013579,0.4852691438404956,0.7974181301445422,0.9109280376505244,0.7377776537829996,0.9228762687809402,0.33113358217149624,0.2945489746642487,0.5326459545727573,0.07740969908035336,0.08640741161108963,0.216712901379427,0.8324369676856263,0.6881691815685382,0.8452162561348919,0.34365987301976253,0.4635824963797126,0.19003504380771152,0.977907203050594,1.0,0.9382751698328186,0.8499211767110937,0.853826997404596,0.8444738287955542,0.26427082992934536,0.33838352807633165,0.14516382536720884,0.45981722187394386,0.5599819192574644,0.5822356309726721,0.628239406287302,0.3415934878101581,0.5085639400224707,0.9451238455950115,0.7934486662266931,0.8972999738866746,0.6495160140926852,0.9658437894642837,0.8011695689619646,0.8224050753734344,0.7110517427875873,0.8300692874981601,0.4216643227643404,0.597406168479317,0.5466302510439462,0.4014579357029684,0.7676788860605157,0.38050602995981475,0.9107516738629058,0.9307212263697044,0.8787758982195761,0
0.10593698244837357,0.08020606518738571,0.2810766305810297,0.28728263711241864,0.62160068086288,0.04025419820742471,0.952066227740222,0.9458135988605321,0.9454212030788497,0.4397421954072738,0.3376720246513507,0.6314082384855095,0.25596055912532245,0.602216967537164,0.024690381525892535,0.04821514124160409,0.05358118881485474,0.05448510989571903,0.642344894325868,0.6441190131835373,0.8504243069652897,0.20965284720759447,0.44255794750962707,0.1690212960711679,0.7772483611168562,0.5075133423845435,0.8228867197539718,0.9360303173586595,0.9183498343843883,0.9320029826834281,0.19661569050564065,0.4145086012105228,0.1123697281024496,0.0836362183902678,0.07859089347278245,0.39804769645030125,0.33883058509127784,0.31689614865953386,0.3766914413513689,0.13660125384636856,0.1484304235248901,0.5305261035324222,0.6932590220807809,0.48551848059237723,0.7848646674768981,0.9170652842318632,0.7470228083376522,0.9543693524988468,0.31251015837474583,0.3050885385179356,0.5193910491962139,0.07909116304497721,0.07494343124255115,0.31810494417840474,0.8519857425923014,0.6829213174948023,0.866847446638211,0.39445546462690395,0.5170757543007316,0.2146968402205135,0.9789468764605881,0.8823220054871086,0.9429857791430785,0.8840784465515197,0.8789575245028285,0.8782183469262037,0.29612130112677126,0.3912520483591637,0.1414274151846402,0.43450810677141966,0.3500076208659289,0.6706535210113751,0.6040044569385137,0.33712563845324794,0.5053971030148501,0.8943436372213247,0.9493653267287145,0.5576481771972249,0.575823220621771,0.8082047192112922,0.7313826803338125,0.8425804146575615,0.6143672388758112,0.8370879880771651,0.35572276110092726,0.4110618900124301,0.5118274203047466,0.37841852121911357,0.6443060166632115,0.429824933560115,0.8975993679803289,0.9577987667093719,0.8365363853119203,0
0.09591599944896645,0.07078171883836015,0.255094244459082,0.28808376741970365,0.5932940395496933,0.05209080985241732,0.9416425662116656,0.9333818950256221,0.9396753547504046,0.4207873722483635,0.3205023302298873,0.6067597242996521,0.260410098170079,0.6309797218299837,0.016706241909519637,0.058688840539583786,0.060342352072098815,0.06669604301463639,0.6380674195232472,0.6672243249561891,0.8537303356898016,0.17585204893906292,0.36371435112422423,0.16231181796078298,0.7673628835916486,0.5499704286623223,0.7996887194733472,0.9069397678866999,0.8587334447847197,0.9389355436332375,0.15701224382469636,0.3677711375763737,0.12130237028037127,0.07201050542610254,0.07099909931777215,0.374418264016803,0.3364466105504036,0.3137093109108875,0.37825544586741655,0.1308639279293038,0.11694448903612908,0.5251391377357257,0.6899977519730122,0.4967562388224384,0.7664728029020073,0.9130560943686443,0.7399044150777505,0.9477281555245454,0.32684036742739764,0.27978987633166597,0.5098851525824788,0.07082948480693826,0.05472197735304883,0.29940445677076233,0.8507768090461671,0.6820450500434823,0.8885407608430917,0.40096633084965616,0.49784480233558237,0.2357831234721649,0.9588734589865191,0.8970568574076666,0.9187464302622741,0.8674008771056465,0.8549972939653712,0.8910949267679964,0.3055959760835443,0.42141020634205306,0.15255375291974704,0.41027461375666024,0.3796728260257938,0.6716339143711462,0.5486174206521053,0.37786426963337316,0.40683262376931206,0.9266390746428605,0.8273521325702502,0.8834964070755186,0.5035082518429845,0.7406279038368035,0.5880138836157747,0.8036452198200874,0.6046244794259206,0.7847225045505117,0.3490205640726911,0.2777380881041971,0.4188827918630446,0.3410243216241411,0.46044997672773036,0.3283711270490356,0.8746066477408969,0.9331778735315108,0.8640816624461345,0
0.08454138500263975,0.058723689188701744,0.25349037496336546,0.2820386043127239,0.5961952881712864,0.04779190601852035,0.9476759147281137,0.9489765673632579,0.933694446163926,0.4093811705640147,0.31810310368351447,0.6086306769781049,0.24796257351714113,0.5936224910590799,0.018437844694686234,0.05270140075426066,0.06616267458557218,0.051079244200175344,0.6477497498484066,0.6643036800162685,0.8701270464590374,0.15460938442063998,0.2991502403815236,0.14568028718946202,0.7537822734603142,0.5485610307466818,0.8095892998644284,0.896793986800597,0.8218063401142071,0.9368139989552072,0.15058711235794586,0.2854259522001037,0.1330753661198134,0.05473648342071846,0.06533813761186807,0.36232381715880213,0.3373540776784818,0.3156596213970855,0.3776540239891957,0.12880252297627592,0.1354062783058998,0.5209700251796177,0.6742670596090898,0.48923038501493676,0.7634992750144717,0.91015028053875,0.7336903952892588,0.9426481832398057,0.3301659026178889,0.35110532516872794,0.5296545504365078,0.05906071219461273,0.0449027155533607,0.26367703274955767,0.8536705344220987,0.6653164848934452,0.8901836503689371,0.4039055369762078,0.5048817720270169,0.23329810077643398,0.9599147778524626,0.8541458481028804,0.9420089573804388,0.8794176344918674,0.8606808667886332,0.8991781686872897,0.30692314690689626,0.40834773326639007,0.15720407777439538,0.39640030233139506,0.2999051740707934,0.7002790499164859,0.5145644455027556,0.33938072618739934,0.3696392900628692,0.9026186944922836,0.8024570332016934,0.8641013118257787,0.468775135071708,0.641238650676577,0.6610243388794859,0.8487021878476342,0.6261318656353687,0.8364496342978514,0.35510114761313893,0.21717357441450424,0.5502980923814074,0.2827459947221844,0.2849565185626979,0.3303905108698123,0.869770166649467,0.9456580034329978,0.8734402835980388,0
0.10697929317333665,0.09800682313050046,0.25771755156005804,0.25629911393434934,0.6042032367475965,0.04959466770185017,0.9538059355656328,0.9658071828173403,0.9484378900409225,0.4395479490890435,0.3685004661323581,0.6088450157112049,0.22463188339400286,0.5969523380528825,0.021169983172071305,0.046555453673500946,0.05148881095791,0.034076306877963924,0.6416064748053047,0.6495047495102342,0.8644276253547771,0.1735073636366975,0.3608497724799813,0.18719375277106343,0.770852737038027,0.5314526921049225,0.8221048838182372,0.9289152030756629,0.8718771599987876,0.9456079461173185,0.16300841100545505,0.32750619831749717,0.1543768092339315,0.08264336238325981,0.08786749765931176,0.3560690020049322,0.3354035467151091,0.3130145365612722,0.37858122886948076,0.12889139611807554,0.1008590437897734,0.5209443338951592,0.6846241688189114,0.4693822110712024,0.7800560595955491,0.9165124326566605,0.7441903519090047,0.9578707185933202,0.3100821880165192,0.30098769003668124,0.5096646760264871,0.07563007820099407,0.07409446262534962,0.2943632857580968,0.8580753368511833,0.6826267607170355,0.8936975928336357,0.3773407925397222,0.522957331763535,0.21621586819106264,0.968819627228767,0.8584048437143836,0.9368562524193781,0.8890652586200611,0.8729551518333363,0.9000887414079881,0.28234298544295633,0.39519815301136396,0.14848453428062713,0.41288826197832407,0.31269455397702034,0.6771613037065617,0.5830956701962711,0.38133186917476447,0.37187728326685643,0.8905271380715254,0.7795390618995555,0.6359856614616871,0.5712992004698239,0.6619728209377733,0.708142326367623,0.8443005966620003,0.6460415096803471,0.7658747852724217,0.4338314631912641,0.2651618124978139,0.5746923435594398,0.3808350454107927,0.8297978981622087,0.3082278613660253,0.8656711902690506,0.9257771963820218,0.7509218438256489,0
0.1140065307112641,0.10721153671696415,0.2604750853259854,0.2181646114158715,0.6090961965441231,0.05233088440768041,0.9558208708264877,0.9431994132370949,0.9539504813644212,0.45081215361555715,0.375976075975363,0.6248396585632396,0.18279865820651198,0.5809073969007228,0.02669699641889345,0.044527612634762626,0.046021850110977924,0.0569392864099485,0.6312546327006578,0.6340049954180422,0.8585879571303379,0.15666839010737066,0.3580691151541968,0.1507613095152962,0.7690335682935863,0.5236469193224548,0.8119720157975117,0.9299548809036127,0.8962822137402116,0.9471788567014993,0.13996505911955204,0.335389407206768,0.11178883828890296,0.08712042767604222,0.09666218294741305,0.33283601681578934,0.33652672611997225,0.31462205368391194,0.3710714538412554,0.1286105321535702,0.1425436279961101,0.5241870489587366,0.6754068003276252,0.457821621521691,0.7596716670573165,0.9166400130679822,0.7444366033874008,0.951630942803702,0.2748375183461249,0.23871215802051537,0.4916073738973914,0.0750178047324033,0.07151816990623286,0.2870049842839114,0.8733569369374772,0.6676822901243997,0.9130974129290437,0.34595905373367086,0.5250356355104691,0.22038962443278942,0.9874510102372192,0.872156600327707,0.9638893592803132,0.9079557021776521,0.8906650724492291,0.9247506909724739,0.24897189360260452,0.390388887409268,0.14624366841904213,0.43966999172951676,0.32930540407210673,0.6847037022390343,0.6406564662878413,0.39848648770504624,0.4142118057132662,0.940563393561666,0.8050929568584326,0.8465626705871089,0.645335649368205,0.7835538483345292,0.7505884634637975,0.8451175067317171,0.6104456191568719,0.8150420144262662,0.5034056152810429,0.31403188325194087,0.5549865592905321,0.4409011376758263,0.04219328839715075,0.3945696961170563,0.8892224403973903,0.9245987917922056,0.8176315015842035,0
0.10664580857927275,0.09493196445463381,0.2523153029316001,0.2595279285264245,0.592543437092458,0.05914299991327554,0.955206532547525,0.9720336610968217,0.9551705219854951,0.4414220948641674,0.3597883152268393,0.599658818509448,0.22747115362487547,0.5874803100364887,0.027599236239727265,0.045146812910552225,0.04487048350174444,0.028083572081748165,0.6492266255279082,0.6385149755941737,0.8791608626544896,0.17249385092017855,0.35237693469185105,0.1754141220555212,0.7667899352431232,0.5024014046923125,0.8187704545054956,0.9323361855472263,0.864627948309407,0.9547337403421506,0.17207493344737035,0.3532778231604494,0.1338529764253873,0.07442061607888018,0.08998437227351999,0.4429283304165119,0.33466320591318155,0.31318561642848275,0.37360188640355885,0.12374234598156342,0.11219720744227324,0.5077174243688525,0.6847878917854154,0.463712990447295,0.7930410949612631,0.9168747030394637,0.7342952998704395,0.9599407638456001,0.3177468078349257,0.3323764274772927,0.498035671836524,0.07082839917056435,0.07671730242658413,0.3106748916184502,0.8720026643282122,0.683234965915573,0.9099717435991053,0.3864912763308882,0.5360725649790505,0.2172528828439415,0.9767539060601906,0.9138719856993438,0.9504873311211407,0.9038665603449061,0.8842687823106017,0.9130018743477246,0.28763726411245527,0.40262107348567344,0.1514019615713298,0.42202988367642236,0.39684147658950764,0.6367526276193727,0.5669707967746642,0.34191785197300284,0.4018997287153318,0.8944829906493128,0.8187017998975703,0.8038352314005691,0.5725196421698369,0.8298803526404326,0.6918781960208796,0.8249127597075567,0.6373845420933728,0.7612867607094811,0.4181600430829193,0.518902627477754,0.6309805636582542,0.35273831314301485,0.29049962289983355,0.32971989092935694,0.8574027619051265,0.9096474218190043,0.7965454692827993,0
0.09028403212473979,0.09474288929381958,0.24948690947492524,0.3088426007648679,0.6407274564076262,0.06277798196962969,0.9499312778419389,0.9744061891686868,0.9534134383954183,0.4264029946569865,0.3529203942678567,0.6024958359089552,0.27133316010020403,0.6006478881664452,0.034885840229592846,0.050431646160825516,0.046046371677695985,0.025775953557996778,0.6551878075174096,0.644347518845795,0.8790483480157014,0.19138047709409012,0.4237139138330628,0.168180608990403,0.7763697850135565,0.5213536265199482,0.8103506553126709,0.935722620022871,0.9081961382356147,0.9548552278881995,0.18643350092577826,0.3491948158657818,0.13820420796419697,0.07749437229324196,0.07595560228111786,0.39671461996288804,0.33351195370224884,0.3097206154883354,0.37433466743369737,0.12668233629837466,0.1274375825003924,0.5181012370461415,0.6867202277442997,0.5068818683781905,0.768682964133436,0.9186026803870606,0.7376844426798481,0.9586927720950436,0.32210161782051117,0.32383350827155155,0.49332219155511403,0.07058687297689667,0.07025029405017738,0.2820737803061826,0.8653480427626237,0.673819668911948,0.9041626127421643,0.4289056287924541,0.5466860474395341,0.2309700191877514,0.9681983834728837,0.8694751947872825,0.9508261342749448,0.9014141247055549,0.8896860885271822,0.9099312889385947,0.3219273707367062,0.4079499936229811,0.14990808272017486,0.4218613576653136,0.34065959154586906,0.6231229655363064,0.517544105443577,0.3443688138791652,0.3927334991954974,0.8472071533940637,0.9969149399477342,0.36718207700235894,0.5161061339565431,0.7695513579220732,0.7407880929390511,0.8235557069106352,0.6304388219974211,0.7778424092220064,0.37136454388029083,0.3429035943121477,0.6036906857737023,0.31542216666937706,0.6084882710941777,0.2888190062873618,0.8346123554610121,0.9222628737023317,0.805959175824912,0
0.08269769627187484,0.08675818795713441,0.24813351078940427,0.2757060198091583,0.645258702090292,0.06773020795907692,0.9541112137203289,0.9768982219112905,0.9487778187931496,0.4219151308706883,0.3416317202367951,0.5995193002786623,0.23820854313043238,0.5953180031068905,0.03602131303273426,0.046237749391443816,0.05040902500297703,0.02326785602807513,0.6348647881732701,0.6388568229804537,0.8629001202797333,0.17816969516754666,0.44581351589810625,0.15484489194639517,0.7717956835214177,0.5418841121295012,0.8199418087184254,0.9287898175296343,0.9415460195409655,0.9398844598712955,0.16952736268910318,0.4231155442815444,0.10912625867857884,0.07227313480494446,0.07688007169126304,0.392534092822465,0.33394460010779436,0.31300471530963625,0.36341155406798054,0.1243602363051135,0.13466226720021357,0.5220766934496508,0.6744953076416355,0.536090864304942,0.776947927906138,0.9152182734492176,0.7503035811447805,0.9548626211925133,0.31403777552962353,0.3349145769895081,0.5117705446950449,0.059792467909949604,0.06938436872091522,0.2861852008776925,0.8568565266050467,0.6746071017794972,0.8838125823933238,0.40652077747763504,0.5556448576696817,0.24299133686213714,0.9866282194705499,0.8874959636634914,0.9531282624590443,0.9006384160155563,0.8993171824443404,0.8946577271809462,0.30222194417905446,0.42958219581992774,0.16107962606490744,0.4447001598129384,0.3694982253052222,0.6026020465611105,0.553354151308185,0.31670528251082164,0.4321772727107391,0.7875200318389073,0.7928677047718358,0.3386724416913479,0.569558047385424,0.8481453322959789,0.7798866496047546,0.81617101441865,0.6316726157496291,0.7737897609285305,0.4457412051036602,0.5436848874594684,0.6527352571587464,0.3702069854772778,0.368565466354724,0.37686249208316924,0.8589670511159126,0.9856655338123899,0.729651676133928,0
0.1278660125272082,0.07660275098629432,0.2986305669010747,0.21063109987231154,0.4235996537226756,0.08589025123857263,0.9617444857980006,0.9436115954057913,0.9306735308842694,0.4695576496586624,0.33469253512297037,0.6721354585583539,0.18330660438645774,0.41312602301709145,0.055725917038284445,0.03848290240917879,0.068826612651845,0.05647184813912903,0.6120293972446009,0.5660458808027728,0.8755434377817817,0.21120994803818727,0.352521626620228,0.222171083682547,0.7447307129681515,0.480671292195193,0.8081384804370727,0.984007645807611,0.9236579028053042,0.9801700584858558,0.158833162231657,0.2750371421337494,0.17071267238741683,0.10829533906235228,0.08208923385298014,0.5464698511261395,0.3486308111293419,0.3147706397167296,0.3839112725840841,0.18625807766373814,0.17862629515739847,0.554162517020476,0.6600369083676428,0.4256857561449743,0.7646997459816341,0.9482324583547614,0.7585550214820946,0.9728537551634493,0.2923629244757322,0.22028986582300902,0.5235084261966083,0.10840286507436903,0.08645722023399623,0.3796458312064124,0.8559899835662894,0.6567809619694471,0.9017911816252775,0.3119908173619129,0.35126386938864673,0.2482409634733208,0.9784447645272709,0.8771112328647372,0.9557617878170236,0.8787437455483327,0.8302826140998234,0.898628495217866,0.22349101120860837,0.24816615654909313,0.1612477909327158,0.416627997862184,0.34564792505832403,0.7171360584005815,0.7771981680697451,0.5672388478611587,0.6128385565753447,0.8166121721449517,0.8166538511432355,0.6997481463270564,0.6878520163462725,0.7579606015215212,0.844683047230265,0.8653409380174577,0.6355199979487933,0.8797933557149566,0.4165901441051765,0.15110022910558385,0.5830589221561246,0.4787426900176932,0.049027504988334414,0.5545204055589369,0.8686847771310888,0.8828568652623785,0.8440623578521786,0
0.11395623332671523,0.10528297007665977,0.25903048957623964,0.2181892700059458,0.6107330442512919,0.052203000656625864,0.9534164158344678,0.9428059026256499,0.9443815033117835,0.4508297236424843,0.3721241404301199,0.6273045539938855,0.18304661844247283,0.5798512988578461,0.02972550979321631,0.04693813568897498,0.05505998499131334,0.057256516137053015,0.6305285027573269,0.636437286948992,0.8587928605499904,0.1580111088059799,0.3563974410750159,0.1571841702541512,0.7701808641324389,0.5080556565291674,0.8186631474298762,0.9299439034284718,0.9000291217642036,0.947487719633887,0.14108200574742558,0.3381615718646547,0.11545598237900379,0.088865348527222,0.08785127954548966,0.35155131368066783,0.33707982026814154,0.3159567934627212,0.3725503979228644,0.12750993855439585,0.139209094152962,0.5259556456165813,0.6751923203002892,0.4420290664709434,0.768726461119303,0.9176171759220304,0.7456112568049744,0.9533981840173986,0.2867218578301234,0.2565261844800766,0.49054944935299716,0.0753097178373619,0.0653982158700877,0.29426569402213565,0.8710840626689338,0.6674559177859307,0.9131939870469259,0.3457801356161748,0.5269663324571947,0.22166415941392736,0.9885607319156505,0.8735257920154864,0.9676116676828553,0.9056562188486723,0.8908198900336917,0.9223477003281892,0.24815626705121918,0.3928627840421406,0.14127785599405684,0.44748790046111164,0.32863235318314404,0.699905627405975,0.6327482348186722,0.3693261763316391,0.422206876845358,0.9543886250356426,0.864795630899736,0.9049522367646782,0.6541311286855664,0.7704834379490615,0.7569460186302956,0.8489985832071536,0.6155343882857114,0.8538993430212558,0.5109864140974958,0.3321843919443719,0.5661528005065082,0.44667862851783924,0.6479664876281959,0.38436353797683387,0.8751093024082706,0.8752878028969251,0.8258882139296895,0
0.06209386088505875,0.04161448797014078,0.17370835735462586,0.03814484031694976,0.07726067324952868,0.11890008961498566,0.9966417351751806,0.9587252991555564,0.9762133040717179,0.3821285757920565,0.3017065173661022,0.48870881598975746,0.04596637778575419,0.07508243048015428,0.13365737169008574,0.003267173368877496,0.023867684106047227,0.04092236686599815,0.4954304160478755,0.4082078723662854,0.7936571853274572,0.03915392967252229,0.04583325830788887,0.10547376249660312,0.8807198005929463,0.8605349829132269,0.7855345897317854,0.757636936662816,0.6383764547228874,0.8285306168863967,0.03470591655334321,0.029446188094452985,0.06695309385300874,0.14049625296631868,0.23490327598145522,0.13027835733170456,0.3067376052738,0.2759540435122627,0.3531870745055574,0.03967189881543831,0.01911139538887774,0.4936621328386215,0.8626368932227917,0.8312536985308827,0.7735110157705762,0.7908291824106899,0.6242134708428249,0.8372295644323997,0.36330541935978644,0.32026798309219373,0.547249123991298,0.15853816522346234,0.25356220204889873,0.15141748970787305,0.7044229816064163,0.5333328398078678,0.7711866883591336,0.0188622406622605,0.023580739858790167,0.04850396775346644,0.8770197102776303,0.7700016348606005,0.919263373108377,0.7346982062978091,0.6554798142254445,0.8003842832194119,0.030769667277232404,0.0,0.06572752885057676,0.044340153741381116,0.0790007369035089,0.33820243945463413,0.7454999222870096,0.3608288954187975,0.4679935542775698,0.8093882687985783,0.5229272600301211,0.9567833288084463,0.7686443769958513,0.8635805727668409,0.7021878992430979,0.9560640939929268,0.9702015676007214,0.8147449514249987,0.8491354051083246,0.8192762945601118,0.7917722562308014,0.7132051828356842,0.8243106818393819,0.5206640205227558,0.8096651019287706,0.6530807911775947,0.9797946338574968,0
0.06786315327479153,0.015521351837743502,0.15762577648627119,0.004393760631138832,0.020492337666519367,0.11579921838112073,0.9889452289691563,0.938394587997172,0.9732463775676811,0.39169887549297844,0.2698734672537966,0.48157952242073376,0.010901931939417242,0.0,0.12351775369461304,0.01123714009187643,0.027142677294415135,0.0614746466733348,0.4860011690027717,0.3630585063783873,0.8213671637912043,0.034420818196666314,0.07218198000293263,0.07307341352136021,0.9074327107693132,0.9131117005630459,0.7853513103450224,0.7549435543978205,0.634376019665575,0.8526470987077556,0.02501155066769467,0.052974953542475944,0.0541549746299097,0.16897977953009202,0.2187374600525103,0.22893235331514195,0.30881226585709864,0.2819101574077343,0.3522826344431693,0.04683001768393247,0.043948640360252256,0.4986203348459526,0.8834000783856937,0.921785688983449,0.7414672786856388,0.7861946870884411,0.6003399786291772,0.8423821730937662,0.36268257925652136,0.28104596980677954,0.5351737228237692,0.17545152132373565,0.22835093725682126,0.1609961634769781,0.7364499737533734,0.6005650347078277,0.7877622802674085,0.017888397317666116,0.06558862040134472,0.04505137586068064,0.837013523301751,0.7607012065739542,0.7987035231691296,0.7667530549375152,0.7419320154418267,0.7988431695591811,0.025533474701897263,0.0259158361818963,0.04233781333614001,0.0,0.034876352313814474,0.1461775701666701,0.7153883129135168,0.34319717809609784,0.3992014817849895,0.7761051119658333,0.48132596916091774,0.8440566209512382,0.7587693683588086,0.917789798002552,0.6032097523984767,0.8603522132501169,0.9761357549150445,0.5327692353802271,0.9194361100362709,0.871458276978041,0.8957494991430255,0.8229034415037759,0.7817437988326041,0.6361245881052674,0.775108685065375,0.5934100004754184,0.9392852395845348,0
0.04645049457888728,0.006619540478604247,0.13310725309946925,0.012594951017910638,0.0,0.10454407171401381,1.0000000000000002,0.95772313600369,0.9848477773024722,0.3692569818733529,0.27138189186463535,0.46288914088238453,0.02379709593485302,0.004124582862798487,0.13889193105822328,0.0,0.014863386507725507,0.04219389809691648,0.4749251120407165,0.32402084685947763,0.8051454053617186,0.032305400651321925,0.054173301059530665,0.05016061442526354,0.9181879200202558,0.8211351235228338,0.78238077772382,0.7430758960866188,0.5951016361877843,0.8367547765127142,0.031163910936666817,0.018851006301025208,0.058984704578629366,0.15434927275233373,0.2223914200048781,0.2555811207206069,0.31160021901950197,0.27743356754906356,0.3569094298643649,0.03855870609382972,0.03315611257732254,0.49542187787745107,0.8886682703198254,0.780473492156422,0.7382015762916226,0.7828460306058351,0.5971819283990363,0.8308995878022847,0.3897422277106095,0.3311920401257602,0.4607887435376785,0.15342157259364755,0.2421524743588443,0.17022050614692286,0.6859574890190667,0.5108576901138018,0.7608579170233483,0.01841465191234648,0.0,0.05172696790849585,0.8734050593927872,0.7594556619918716,0.8698668538146981,0.7408028952629657,0.7140098621747093,0.7943417556928634,0.02803885469774281,0.004092718956113295,0.04466052514357399,0.028796019631922243,0.04676636851262922,0.35044039128147875,0.7789270709920595,0.4666248989483721,0.478381988477164,0.7790811251067291,0.49678246000198634,0.9535186508888317,0.7445598604020047,0.7857646904004918,0.7422130715436239,0.9185314630622843,1.0,0.6883829768768972,0.9303354112640716,0.7577360540747744,1.0000000000000002,0.8622560196612734,0.6679413661540927,0.6513724491684765,0.8108865623545412,0.6901853257625445,0.9285941361948162,0
0.046645812368399486,0.0,0.16853003391203458,0.06601346350260151,0.07055800110934807,0.10783504785660458,0.9938559306394992,0.9440726856571267,0.9891725689264734,0.35698820854670155,0.24893519475305803,0.49423210948264007,0.0738819424075281,0.06776383644777662,0.13405096079820011,0.006124071796594577,0.010802974667547427,0.0556353690783003,0.49800080110736333,0.38192061013562917,0.8338746713700951,0.007447491142023921,0.043290217282261345,0.057208484103033364,0.8452248495295966,0.8365034267695529,0.7450950548242056,0.7518464417840169,0.6244812349227953,0.8375418188042804,0.02261049868462628,0.003038250426357969,0.06674589235116057,0.10169129684892675,0.210063520661194,0.09399727958444015,0.31101451706629746,0.2718612745038249,0.35834653590227106,0.029051455127457437,0.0015059050942927144,0.49237886397457986,0.8179281414310402,0.8105929480676135,0.7047900908973048,0.7860180224192967,0.6037218645187901,0.8392244118237384,0.41018448099574556,0.4394682867305377,0.5438530591802628,0.1164030002774116,0.22918288316113675,0.07338763890777178,0.6759769408573622,0.5344039199428967,0.7520925451134557,0.06296540718076271,0.06282237671118929,0.06516671604697788,0.8917194443947859,0.7425618151785375,0.9386625241248218,0.7113256271094437,0.6410583762122943,0.7711842415088219,0.0687785509784159,0.027049811682364977,0.06717739171341208,0.0868927231877128,0.030210510904275345,0.47130054759511286,0.6704799389774649,0.32271850966829607,0.4451845136693932,0.8451697092981725,0.7775756356545873,0.9795663034856031,0.6629918235467487,0.8280808909442934,0.7344157752069125,0.9978239336079118,0.978541797509771,0.8464170448344299,0.7954356654002952,0.9347161783827431,0.903482570808382,0.6527839572115086,0.8925837013043356,0.5056107681691091,0.828687199505906,0.7193052796601336,0.7640748886467574,0
0.0,0.01211799894308907,0.0876455165832013,0.025747051869796422,0.06341802939338215,0.0682816636175545,0.996404694462178,0.9559895305192805,0.9828990669813075,0.3191155829667043,0.2618070127815497,0.4186972914317981,0.038119659390357885,0.07555281441858197,0.08989110115442855,0.003678884929256554,0.017023934940160274,0.04394016870512668,0.4559962332725318,0.31774805665409733,0.783151962905033,0.01721100886133664,0.045453522380304534,0.05334315422131297,0.8810627809359255,0.8593237901288976,0.7761267614792465,0.731358086949911,0.5808538168971769,0.8313391681649221,0.006139160305334457,0.006979377158662814,0.057887020357749286,0.10229814343641896,0.15906227124336614,0.15547466151110245,0.29855777747086965,0.27038270091073047,0.3248717940829935,0.01587555936503726,0.0,0.4794427625168911,0.8394407398542552,0.8451597585009871,0.7338986048178813,0.7732762877528587,0.5938988978835273,0.823896672650172,0.3263363662565091,0.2758546937221311,0.4722136027683881,0.10097313745320499,0.17665764015544774,0.03446180924827169,0.6139092349869455,0.4489925846500076,0.6943033836380008,0.05894766847838906,0.0910917543243488,0.08410035886150147,0.9113876802291703,0.7943228774561244,0.897375589989461,0.6675125761035894,0.6084280336350201,0.7176485992965531,0.05939248982658807,0.08027423203506712,0.07606548075380681,0.10283975734363515,0.11716487375529516,0.41151019085273877,0.715348162110873,0.35408907457651395,0.3868514694073338,0.8184453820993083,0.6353542242983892,0.8793553401585094,0.6428478902512491,0.7029372550761552,0.6310355080177947,0.9828005628861947,0.9884098016470313,0.6770303812307705,0.8504568788851272,0.6630259946346122,0.9155688343319892,0.7905245821308755,0.7995443411679162,0.5553170128732712,0.8932583965842542,0.7729910896078316,1.0,0
0.04644172023225224,0.08897132226371474,0.143804497470994,0.0284863810600422,0.07775140786486157,0.07969773181855055,0.9850221469753628,0.9615678342367976,0.9296313905074212,0.3594101443493267,0.3514905761793301,0.46742788458893525,0.03762662697830077,0.08656786489195678,0.09516108489437158,0.015224291150172153,0.070556390628744,0.03814526710126803,0.4947174089185422,0.3995447015568452,0.8245058467994337,0.010048084522048306,0.05163251079723308,0.06580014016218749,0.884972617395021,0.8792781506851822,0.7752375498182138,0.767057865403105,0.6488396753807866,0.8575407484004963,0.0,0.0039850762667734685,0.06384990871443597,0.10714095117468891,0.25424429284851513,0.21928492729073823,0.315370365266991,0.2885805297488089,0.3604435140265121,0.021736127616685863,0.022064982237722575,0.4711978032440536,0.8527709220150046,0.8924757830481727,0.7256306693932689,0.7851394399555593,0.6028494214944797,0.831386452785166,0.32442522553581554,0.31050482347312425,0.5389145657882093,0.11072095624796546,0.26575050847585896,0.13194716893495395,0.7011648880278432,0.5883171612830833,0.6877650052388635,0.07942394854097756,0.1695287163955821,0.030296044010087453,0.8777325577963062,0.8120976529847556,0.854554278446054,0.7294872810538393,0.734318296116288,0.7085139550840038,0.07594508547877066,0.12317737456500266,0.04283688326641072,0.09572250853146302,0.12312857553214895,0.30735990143495595,0.613568564257607,0.38830711572511767,0.38731845595787817,0.7886249927898898,0.6456457697511162,0.9577817144874406,0.5930678328325623,0.9836560895955984,0.6724547376679457,0.8487479895765779,0.9608262846454929,0.5823063003964803,0.7849519867901473,0.9601949649746633,0.9201797286191566,0.7532944935943,0.7255702987938193,0.5849658854031126,0.8757323061186484,0.7948590845975572,0.9577043875353377,0
0.08904909188813814,0.10195448330628665,0.14162176210282462,0.0,0.04710823952324983,0.06891020743597887,0.9686600488020648,0.9370972667454873,0.9493398585808097,0.40995202174526346,0.35640780286348006,0.48857545944739744,0.0027599062955339093,0.034019679993909424,0.09209052197947054,0.0315943690962473,0.05129102638691066,0.06289477886489092,0.4977632489266126,0.36428522098629523,0.8322524004443534,0.03217996788190014,0.0891688123943748,0.06382699981407036,0.9019003307956954,0.8804579098903812,0.8014715973967891,0.7708533058789917,0.6204172642679335,0.8584930575339845,0.019254555942142204,0.030399224195173602,0.07074399448215152,0.1441215336664342,0.20733076559761643,0.23014323715874685,0.32630551705352673,0.2973322154003242,0.3741120951938548,0.03368889898155736,0.03846192235168999,0.48353156282242304,0.8713633163587132,0.873772399228645,0.767666857506976,0.7905341805184272,0.6029273124336192,0.8419706889349916,0.36322139044034074,0.3224414204241306,0.487040877986642,0.13998015062719454,0.22232781193161594,0.15187576049428253,0.765160213078552,0.596546828293659,0.8224041505409774,0.03285406475427188,0.09653152618327843,0.03927334524271342,0.855965081350748,0.7749697638597202,0.8014775541542567,0.7878124732085732,0.7457916538265721,0.8502788863673096,0.04216677378203315,0.06529900484222773,0.03776181602068723,0.07115191108188201,0.1188594880628624,0.1978430496646748,0.7038834169597414,0.3557531243543073,0.44725422413377175,0.7988623443529663,0.5691475308839475,0.9276692564706265,0.674999168912837,0.7942329732977766,0.7127612110118092,0.8508533641600113,0.9388969706632535,0.544821380434996,0.8902002972273961,0.9050890593296383,0.9576497472832457,0.8263309203356464,0.8216383437798207,0.6323672128047365,0.794245941871186,0.688026461950451,0.9018800755012699,0
0.08672372637028092,0.09585938766767788,0.11632014279833225,0.008034527600303765,0.03107978285278712,0.08546516509943669,0.9943731516882847,0.9569408748546417,0.9891565572826819,0.4069092968697525,0.3441294208880419,0.471771434808566,0.015553057752688115,0.038172698879960665,0.10742413708528775,0.0056446130185681676,0.011139828452575329,0.042904650764633456,0.49022766146442764,0.3327937149645148,0.8118213267536041,0.03592941661092164,0.08464413502522161,0.0329827371672935,0.9109308148593753,0.9009675466974495,0.7750656281394118,0.7659026074576949,0.6168565016992309,0.8493185588424931,0.03490164107907123,0.046522015372782555,0.05313307617235141,0.13298264767807666,0.20279667088553008,0.10382917124445945,0.3247312947979779,0.2928426361443286,0.36926488096153687,0.032875607894490955,0.0177997067207194,0.4908203313484836,0.8830106692703584,0.8693801278003439,0.7227735853932267,0.7912026741405394,0.6055327079051076,0.8299082933726529,0.4006654846581732,0.30589337793949056,0.5039812803608932,0.13258941482167708,0.20972915637282952,0.019052189557279497,0.7160071302847886,0.5282104351024404,0.7962613674019712,0.019706713382364738,0.04883469505219251,0.037327241776631936,0.8922749753640232,0.7877078060837432,0.8634737722587905,0.7516871824088012,0.6647870349928655,0.8068859777434199,0.0356035743104256,0.04413266344308586,0.05250417426220033,0.047459583139293104,0.051508910520336904,0.3598062978676172,0.6592491186146414,0.2806743840096235,0.39916444035257104,0.7967070956842548,0.6370550624974811,0.9613228288202212,0.7027467225267514,0.7642603095806857,0.565634204376453,0.9227415732443927,0.964680369943987,0.5746208908463386,0.9171090663509056,0.8545253577662102,0.846349622285683,0.8168988801856729,0.8320873352625107,0.5787881852637486,0.8078216213110117,0.7242689789315087,0.9735157424968803,0
0.06790516357565801,0.0527483411519416,0.11712336201188434,0.012466267038225176,0.04032061937148068,0.09114105619038537,0.9947190717798579,0.9651611201191228,1.0,0.391330477817998,0.2965729067936116,0.4678462192209909,0.02331316313828724,0.03339522039164211,0.11291504992267454,0.00514830000895955,0.0,0.03434105571588236,0.4797700495712216,0.3316548310816536,0.8006573390446394,0.02751796493250458,0.05595043947761713,0.04974956735651226,0.9035042569494203,0.8584207067966679,0.7644370865549261,0.7528265631872473,0.5951562491106168,0.8338274738941324,0.02992441361087561,0.029664502629806577,0.04700571658462582,0.14445029713033802,0.18074056338385955,0.09624490012595555,0.32149101903672594,0.2879760475513322,0.3624274371429541,0.021306559083209997,0.0104278001475544,0.4888768612418044,0.861916429760597,0.8359551313899509,0.7071942873431857,0.7840673812418817,0.5957195784277896,0.83082493883084,0.3570701626219659,0.29702159961525965,0.5519226825917887,0.13716348201271922,0.1906225609257469,0.013408860862345495,0.6860416839300343,0.4934971526178149,0.7921513197827419,0.025642134645115,0.03668121239428479,0.0682886126153095,0.9140900944582108,0.7854630842655026,0.9163297037622763,0.7237962172294703,0.6640900285528795,0.7979895545767173,0.028238551125807088,0.02851331777358279,0.06629060040710721,0.1028875930943407,0.0159949635506782,0.447327983319297,0.7378416912527495,0.3856721499245417,0.43409653144912536,0.8215659759405396,0.5414309679964129,0.9552409956187574,0.7738831743844614,0.770714771110832,0.6719615610597633,0.9908953481414482,0.9200101975742605,0.7572712769903214,0.9526378821077475,0.9001539744259208,0.9050211271907556,0.8675655946323011,0.9208663520108153,0.6069965179722453,0.8526135161931125,0.7057420253252378,0.9906414840684161,0
0.14053254272643478,0.10079864202017852,0.3073563705109792,0.20945818939845617,0.4474661629462713,0.0756830905744581,0.95500842788882,0.9433630994382778,0.9366925254195728,0.48202859293810896,0.35644818588455784,0.6758065044983628,0.18343929956640714,0.4325538313179633,0.04471245280243297,0.04514623109877436,0.06228378744061139,0.056592617817754376,0.6145857960354952,0.563156942390151,0.8770376638791559,0.21615130815893924,0.35840705119136107,0.21710836825469437,0.7506863391215073,0.4842352487552698,0.8111618351721976,0.9823806400144752,0.9274752691917119,0.9799113228472437,0.1634341498509455,0.2860751632581886,0.18136742510209913,0.1152541447112378,0.10164150388307988,0.543083214118192,0.3496295935332596,0.31569193648311433,0.395575626878482,0.1806311295705365,0.17720231861974067,0.5356073646333779,0.660887198250598,0.4069261794989046,0.7600747322987051,0.9438845244268477,0.756894960762641,0.9644308628853913,0.30688316573912644,0.20010459203543007,0.5036501118714387,0.10579449597266571,0.08935993653536636,0.42187246729417494,0.8452646682128155,0.6484063543221921,0.8701473447129835,0.3083966025716619,0.3706682593440409,0.17511619180688687,1.0,0.8926184726759572,0.9825018818239669,0.8745532390477948,0.836512139842502,0.8942752966528005,0.21141620016439888,0.26370129568193645,0.09905086777877858,0.4823171032545655,0.4192565486799058,0.7259731424601452,0.7841724751844397,0.5821823995658555,0.613787069358755,0.8929391954229091,0.9799759604694733,0.8362858091508972,0.7803702366987035,0.832752405019539,0.8696300329118297,0.8794365898729426,0.6412020150651925,0.9288210760915818,0.47782071074380505,0.3139687353575873,0.5771160834939919,0.5029394569756342,0.029595309350906263,0.46924176398503603,0.9304977406835024,0.9202689157969823,0.8517133981231191,0
0.08846022432972189,0.10051063662370607,0.14338940097443853,0.0007835767473247657,0.01693000169667669,0.07701891826039553,0.9705860995704044,0.937994808837781,0.9491707258774562,0.4086264365425478,0.35001907935781906,0.4872174673303973,0.0,0.022151208950164758,0.08294616658270271,0.02967600350650129,0.05172681895851297,0.06151520465470356,0.49954577887469886,0.36202458203417054,0.8322317991724624,0.028929363291904764,0.06737788644320242,0.07279451937241666,0.904823328871549,0.8735308999818606,0.8120955241973147,0.7735464185890879,0.6327999368643842,0.8562125940119337,0.022820731404558536,0.03187917699719556,0.0685445948827681,0.1353257186673339,0.22124001786401698,0.20009841938610728,0.3274975697250224,0.29668654730889,0.3728641832506314,0.03108462666931633,0.03811674112322727,0.4849193239694718,0.8765914216075728,0.8760561786017866,0.772377818255824,0.7921472346915872,0.6252966870709749,0.8440008482172345,0.36600512700105625,0.303282285991223,0.49031173388933347,0.13269383558883188,0.24012414799259474,0.12431487962386778,0.7654136436537771,0.5919921077485579,0.8291166164947181,0.03705241608543852,0.09258867178696217,0.0444887833217994,0.8552879084835929,0.7689076409130646,0.7999767079331491,0.7879414164608438,0.7379519270125097,0.8460095596365673,0.043724388727275354,0.06547260391310772,0.041711882189803595,0.06118161643962139,0.11836390674161829,0.17257056165897944,0.7044890378441906,0.33554190913183213,0.38781358227236995,0.7669762690301214,0.5664062018390146,0.8672063718466397,0.6529717461276097,0.8124299989207886,0.6726839515725167,0.852268759165494,0.9570413287076018,0.5311237499303785,0.881782842693188,0.9583000503211547,0.9336835598829838,0.8274234860807002,0.8218977708087394,0.6510427786656758,0.8155733083233305,0.721550890008646,0.9166358396233347,0
0.13651159489666398,0.06538562833973094,0.26761286118372496,0.12396741227848107,0.2958460650688066,0.05079352624645361,0.9721544843908072,0.9919579893314008,0.9698935859935489,0.46150560556415465,0.3321844687764739,0.6119326817934652,0.12892660318003202,0.3046567556740629,0.08430878802948283,0.027762986665684497,0.029750039053152433,0.007632436042977364,0.5708468577911727,0.494201805486286,0.8431858123794627,0.12119528893239284,0.43670113978655056,0.11059854975042516,0.9191563171722494,0.8061556079901365,0.8599714840676109,0.8880803841718046,0.8652377669745039,0.8986713968736549,0.07224435170780819,0.04317755134213286,0.06028072175458554,0.0892464513413167,0.17768104897984835,0.27976594134848143,0.3835616694663684,0.36989890922327984,0.08500090751638956,0.05259111990949439,0.33539180564716453,0.4846196642818392,0.9170138395607694,0.8184430960239817,0.8642983580654319,0.8300895212875063,0.7020800589842437,0.8664802515963079,0.3687175599468375,0.3097506728630677,0.5169703436349415,0.1182904444250237,0.1750152274904349,0.27261065207466095,0.8161289253313151,0.686923549268907,0.827483327904569,0.13311341070150395,0.21235055618703602,0.030034288061212777,0.860817276216803,0.7692744357267417,0.8854351892897714,0.801735744140802,0.7779377414012822,0.8215806986623948,0.12196299012125511,0.15961524820404072,0.03499813538756508,0.09421421738725744,0.14744938482729023,0.35758039201954606,0.8477315700416794,0.18668408860490082,0.6854022142156918,0.7119070000320091,0.5938520106573222,0.8419569546870965,0.464665301195508,0.6078215961639959,0.6641487015309823,0.8604554266328734,0.9384473218412657,0.7532230879701933,0.46425193751323146,0.6471500967729309,0.6157843478774925,0.7965243558425041,0.9170483754798404,0.5782569234436277,0.8431446973714265,0.730940969661126,0.8778614118862764,0
0.17117815663186908,0.07139057905318413,0.3282330055020086,0.089019772177787,0.28615810971492395,0.03696046891626392,0.9834550210961757,0.9591093231409649,0.9782177908763043,0.4991139485805558,0.3133148003340347,0.6852977052772,0.10368131438593675,0.3000367515774629,0.06392381975322436,0.016234949487740735,0.02104816894423242,0.04048775008299149,0.5772308524981495,0.5257231958211523,0.8729424479699033,0.13461330380094338,0.591070707408484,0.13918648722092675,0.9522187827082411,0.8619439468718928,0.8977784854309554,0.8792337735747915,0.9508016023277719,0.8880363114235835,0.0962658553896576,0.02555474344459263,0.13716658799190729,0.15110377041606282,0.1837867442275884,0.25624032740568503,0.36976354812386303,0.36232862509922237,0.07928263136684288,0.047345719438319556,0.33678625463395395,0.48344973931982027,0.9581390737381252,0.857087568676373,0.9280815890506084,0.8345022615206676,0.8630590206899615,0.8657004625857709,0.3454551571285762,0.3184716210652816,0.31302045623222874,0.15589759713070747,0.1933168053699679,0.30236741112492505,0.8084860421264017,0.6672003235449053,0.8337894483740038,0.06914287005974862,0.17290679027260114,0.02917620089046513,0.8783508812550325,0.7503744780405894,0.9010059216182605,0.7955698926631187,0.7550471596292039,0.8350282328867975,0.06564222613524473,0.14149633960865415,0.03610519697487874,0.08537681275556164,0.11817253205044592,0.3528467555751702,0.8804942803753366,0.30011997398358936,0.6156287236922457,0.741231889087393,0.7891762862791776,0.7625853792355998,0.6819872828805476,0.5999621972237295,0.697657319546899,0.947691386454522,0.9464487944520181,0.7969107632368797,0.7030522982036183,0.8174405849352908,0.57705831539074,0.8265953791205218,0.8724747593223476,0.5371749404144333,0.8803836837657673,0.9904980978603186,0.5644471950791732,0
0.1607529886048913,0.06253231227653533,0.3170480923222563,0.10128051827249251,0.32389717728261824,0.04682500024090053,0.981859593360859,0.9427890412373243,0.9850544518696676,0.5036213398714877,0.3086128777783035,0.7000089564542473,0.12254401586000885,0.34636685053029215,0.07435521558975222,0.0178975011122936,0.014234381970801596,0.05658367563689104,0.5525376014890822,0.4813613908159309,0.7736734761793829,0.1656771247360087,0.6434183178695174,0.16535591184084408,0.9772092259150478,0.9121484670205716,0.9477684067999947,0.8774643289172817,0.9959918729817256,0.8790445912923638,0.10734322644794503,0.06272506222203056,0.14737186663156887,0.20451597065932897,0.20271872447977798,0.3429085827275762,0.3533924173272567,0.35786217330675685,0.030435484813713387,0.060704665563384275,0.3952491418295603,0.4823296856746908,0.9756042228076991,0.916606112674839,0.9455776611055071,0.843184453462656,0.9750771571839145,0.8665894806059957,0.30777050782981163,0.29912951238599916,0.255836277557302,0.1940173954798657,0.21434623861406005,0.3412719527053584,0.7800408112206849,0.6461597744536673,0.8253389306788439,0.06810764307755446,0.20328104085673182,0.03171520547898221,0.8806316053040499,0.7658306264254419,0.8986854010507184,0.7928029427108345,0.7739164119240964,0.83297525067351,0.07693640558906012,0.1737217768563697,0.033729094963233786,0.10960347750675459,0.12223374917589758,0.4158918766989357,0.9680833645762947,0.3979832621948818,0.8772396855884007,0.7082913600815122,0.7704202277394154,0.6452027461052027,0.7813350660850136,0.7650114663423127,0.7436019063120461,0.9313207682117528,0.9389253395074935,0.8262476607879161,0.765010304330215,0.711549361086492,0.5939546632520385,0.9427119644945625,0.8922685775145354,0.8581152349424979,0.8400634292428761,0.9146726830344711,0.5250669350234969,0
0.1631996199543999,0.0648119093669175,0.3203716473037028,0.09335225495833077,0.26963138271842335,0.0352776068531373,0.9804274497888403,0.9471205743464872,0.9775522816701224,0.49650614839758944,0.30664685091258015,0.6914303457433406,0.11472967581270899,0.2796051856430486,0.0672046303710172,0.01925908238173646,0.02173866340224992,0.05222612076003347,0.5578799892136375,0.49127423613235743,0.8019338255452599,0.15271981340518348,0.5408465313807853,0.16183526652269054,0.9787729266672243,0.9104415444294772,0.9221041420203195,0.8820680073533409,0.9091084048057527,0.8872799146391291,0.10764666252350885,0.07729528832327759,0.14929795374407906,0.1864986984345417,0.2305174992432777,0.40961273236486884,0.3580071135372269,0.3588002612452934,0.06495510101118862,0.053000646565455334,0.3587135802612895,0.47784947109417475,0.993207416325403,0.9335073915383236,0.9719458762958662,0.8418782385452632,0.9498030794497252,0.8685021775361119,0.30666528619763866,0.2818520455408091,0.037309532753017294,0.1865536492469732,0.2464442110313031,0.4853153993022666,0.7752870466911146,0.6546707509795184,0.8242303049864292,0.06377841689046393,0.14435207026378905,0.018756008648574074,0.8724401951820474,0.7757495991957278,0.8873152434725742,0.7782539581019872,0.7437755884745672,0.8233097102678779,0.07786260752443352,0.12072633148070167,0.045520193084103266,0.0782631261171407,0.12644953977757065,0.38449172963285283,0.9681725743180227,0.4057480665314426,0.8191305730862984,0.7537395338689823,0.94756741631182,0.8035048977443903,0.7300318133192689,0.828066098742843,0.6396929942147582,0.9076716227796044,0.9685980645092931,0.7701014561373738,0.7134829472782118,0.7879060049346638,0.572337342017633,0.9311181995147972,0.9018066562523366,0.7564661426879395,0.8533928439944822,0.7137460341886426,0.792821598353322,0
0.1555699164367388,0.05688278466841057,0.30996661887740684,0.055682257362582366,0.2938077695004211,0.04830936029216382,0.9835284777453697,0.956962094057048,0.9889675577047985,0.484117968889342,0.310917517355521,0.6579686365657915,0.07371323637646299,0.30642364100732866,0.0771979538233849,0.016350042743192295,0.010513396975117661,0.0426500497948859,0.5564235562298276,0.4772410000384486,0.8510566075410162,0.12699821158827662,0.6380055535977487,0.12121626453467549,0.9681681007793819,0.9022839080112343,0.9332095338080407,0.8434983854862135,0.9084712027596296,0.875026418068854,0.09838513263297699,0.13777128089007373,0.08693030168780558,0.19040149643967552,0.20251350349510047,0.4155668631019014,0.38155943637937106,0.35958881270730547,0.06100417457538976,0.042838365938369094,0.3606245534477779,0.47729807999747864,0.9607439523647374,0.912371423284345,0.9554794523665592,0.8230480375876923,0.8371571387610146,0.8652880636111693,0.36812568042369165,0.34422030099263523,0.3727124423177077,0.18124682605556897,0.21000758085480611,0.30377652806939626,0.7569417108473062,0.6372587829350325,0.8054035760379279,0.026311266608480488,0.18410304283115764,0.017513525416277598,0.8990322207798551,0.7955181924341175,0.9008028526695666,0.7754691161430196,0.761791871160348,0.8215852052087163,0.038089330521814735,0.15134824070306663,0.03805822206527687,0.11923566481262349,0.10696547355229818,0.3594273540082208,0.944174054601542,0.17015607646461017,0.8191591054616196,0.73868263709464,0.8912104512827899,0.7913376589274265,0.8059610428842576,0.6822108656761001,0.8222319222571609,0.9413884934557553,0.9795516626447434,0.7857446455365447,0.8275963061754044,0.7056967406068075,0.6327721666836434,0.9526059681928025,0.7967916907588872,0.7661680257924501,0.846569471077673,0.801620040203364,0.8354744396022542,0
0.17109870398484928,0.08899328553997066,0.2967038683611052,0.05931776524837895,0.2855093535296469,0.052082275091851926,0.9756403344807671,0.9437658620242313,0.9709628528931316,0.502359438244877,0.3245395525777215,0.6668857000195194,0.07526916702699982,0.3101121670832754,0.07192377865013677,0.02420938493351682,0.02829943802831239,0.05586833465914287,0.5690911416896922,0.5181719401242275,0.8833632051775748,0.11235172217796396,0.296057370028064,0.0995955319727111,0.9622147374433341,0.9098987585924895,0.8940575541362785,0.8471752311995648,0.825300797979414,0.8850332706231402,0.0968284084952149,0.0937663317903219,0.0840830950583249,0.18802572925587158,0.2076082665710725,0.38516234639111824,0.386248829229336,0.35878600458969245,0.3797077797227,0.019646052378467616,0.0369867924512608,0.4715710824947146,0.9613502416234375,0.9266069729698632,0.9204362504650765,0.821981255469032,0.6691647672351038,0.8608859698538911,0.3597028726546334,0.27574218928685923,0.5024016520317414,0.1774818970953968,0.21638035655273896,0.2946949822430691,0.7919987304104863,0.6472608557419872,0.8470198201434125,0.026703982817561478,0.16017293612712424,0.016192206128058273,0.8922648454918797,0.7537963677865922,0.905053800959055,0.7975564419239884,0.779069579048369,0.8470334219245232,0.03816026340130618,0.15088167671915165,0.03946654335210836,0.11562374474975146,0.08533912863850035,0.3745788791699517,0.8623504136674944,0.1355314552137603,0.7478405252678082,0.7397118964122846,0.5486427336768829,0.8687116426443183,0.8018574255810031,0.7410275537361279,0.824950757211788,0.9776547113794405,0.944072474771092,0.7826757669261768,0.8517576968663358,0.9662592256414317,0.6534824700988391,0.8751331859280294,0.850657309491254,0.6258084369311703,0.8611328666345899,0.7168270452871006,0.941896249738412,0
0.18903144779703362,0.11189525312484916,0.3173043432280718,0.057791954747760776,0.3095953117831798,0.03759988767153821,0.9735738504134175,0.9542391642114852,0.9595605260810558,0.5210461019454411,0.34303152099949497,0.6987348073118991,0.07643824447715541,0.30364574742104544,0.061585135176428274,0.026211504595110235,0.03980234687203876,0.045359296157260476,0.5573241496466803,0.4605014113960184,0.8224037247099576,0.15404492068596598,0.6581360592863925,0.13473018778872703,0.9875702908805893,0.9238340604376782,0.9669741269658264,0.8718136905342324,0.955530004570563,0.8814857248302707,0.1151090938895667,0.14610401708299303,0.15986966461171725,0.21602495261879898,0.19805370680544923,0.48933800166557617,0.359152996672798,0.35942787090630013,0.05672884948456147,0.045726558919795934,0.36629051616654174,0.47519333771020733,0.986710168510797,0.8938715745232519,0.9867936017642326,0.8349868265684457,0.9453826477049265,0.8625280642625186,0.3234378970951859,0.306300124743931,0.21382596687589306,0.1914103403738226,0.20921262841313087,0.4481311845812112,0.7951294881535822,0.6460573029820367,0.8553748932425365,0.0249166290389512,0.16631254872754164,0.027330413775144224,0.8936897895014121,0.7613479635416004,0.906288378555245,0.7971975806299862,0.7502087009773639,0.8537625718559425,0.02780429865673284,0.12399447682469988,0.029539248723691014,0.13819229576280734,0.10717108307064149,0.4396181038706356,0.97849370823178,0.28339645356727683,0.9567059434237327,0.706112300102248,0.7740987332656877,0.7460793460209066,0.8717512022364373,0.7007251838426729,0.8717304733430168,0.97340219927217,0.9332310621832471,0.8181814850270215,0.9050352039193306,0.8540964511579805,0.6668342429296301,0.9768252308633394,0.8333520579195266,0.9025965094108785,0.889991595632925,0.9675774835958473,0.6147748128445654,0
0.2097759036975293,0.1057489735033128,0.34620846064707544,0.0314722945733914,0.3230004277086713,0.03528407675227574,0.9791923654025425,0.9534821448624556,0.957535612771671,0.541539458268939,0.3480886845695177,0.7362038145692682,0.05072971921454572,0.3285183177837756,0.05226027773248321,0.020529110602324485,0.041741286682876744,0.045950082937890324,0.5630785711242661,0.490394106667682,0.8162956060656483,0.16912431938890737,0.7361523393790979,0.154254494486477,1.0,0.9551631880109536,1.0,0.8737339351622428,1.0,0.8909375653611208,0.12128510662068326,0.12815684251257586,0.18906774239451618,0.23089068132233176,0.18290339239742087,0.4754646109398666,0.3612159123550507,0.3584115297692434,0.04092883533345848,0.0442799430536045,0.38224703830347107,0.478573144921945,1.0,0.9679706437375049,1.0,0.8450281010176754,0.9372379647210485,0.8666670569880859,0.27379572880934333,0.309682675676914,0.16267359126368497,0.19793296399674026,0.19904547076265733,0.4935590476189523,0.8091125986172276,0.6741255248253699,0.8449095909535467,0.0,0.16861715215004525,0.01775554423560244,0.9154200036629102,0.7821071483149633,0.8929548810902759,0.7983817357204839,0.7574856184119674,0.8401630668750193,0.0,0.12663098524548544,0.02608587324223338,0.186903686555697,0.1623703097343484,0.3923005214512898,0.9928184273856024,0.336624751817598,0.9999999999999999,0.7370056554681028,0.7037858829320696,0.8566081901304442,0.9999999999999998,0.645797489288662,0.811315187295327,1.0,0.9264962693521515,0.775199714652093,1.0,0.6810767585708497,0.6903038182184116,1.0,0.5952871606797245,1.0,0.8507998257315905,0.7224586590104165,0.48365380686071546,0
0.15486442304858228,0.07639686914451893,0.31286694241290736,0.06274886605295471,0.3089652806972316,0.055759380321319885,0.9843431295371343,0.9561699105005556,0.996210681271193,0.48765808441374237,0.3435597395532688,0.6574572164264452,0.07907558760631961,0.33381942694729005,0.08253094427043228,0.015465113603742309,0.0030803861908050845,0.04348833738667546,0.5516704376226329,0.4878386334559619,0.8279472100331364,0.1357956642489775,0.6614559351985947,0.10448204350748691,0.9755423556844408,0.910724710789374,0.9192083898755606,0.8474021015017086,0.9260467182017798,0.878587754339924,0.09378474798953462,0.14406848483979928,0.10528496857914194,0.19012397972562134,0.21147486059437356,0.4492457806144672,0.3780049127320195,0.35677676659367785,0.08638402401995915,0.03974533087470089,0.3071114818921252,0.4793700065264499,0.9722185772223261,0.8962938687093953,0.933495379614486,0.8255318924088668,0.8322732317386059,0.8693968674144612,0.3691910822435034,0.309374833870514,0.4804365617270854,0.1802276926315376,0.22435650680247402,0.31221045462291874,0.7626149600407754,0.6472168280754689,0.8130744412784885,0.02930203519596486,0.18449530790271118,0.02249948421988368,0.9015464697499318,0.7854317822299336,0.9123221698032553,0.7751812861629299,0.7620664841695746,0.8140205916619632,0.0394741451597137,0.15296679933151602,0.036155446578841954,0.11647654232958526,0.10320636969998132,0.3631496869772709,0.9301208784192434,0.28873210506530356,0.7759907533067548,0.6988386813097724,0.4686263791068095,0.6790178040802534,0.7985714672998865,0.6905878528773419,0.7933286539181158,0.9512776806401058,0.9604237187678333,0.8017694357991403,0.8249526566446255,0.9344412833539231,0.6808336117983218,0.9488656941477789,0.9411973833870313,0.7357760917055837,0.8211214234816038,0.6263106039808797,0.6872256635053997,0
0.13424816962152342,0.09149576213810029,0.294524986390015,0.22149580514950573,0.4425811955701897,0.07191237829362573,0.9529055779549302,0.928599864505504,0.9320358108652407,0.4781901282895866,0.34733026120040345,0.6748824712947838,0.19671043502320806,0.4469422325019896,0.04339985814026348,0.04725537364237847,0.06700776961656368,0.07135157011299459,0.6150316606926665,0.5748737797770302,0.8871189755145961,0.2260778860142003,0.3674554413168125,0.2270867718359817,0.7540087628898683,0.458223226184828,0.8078745147945589,0.990018407921565,0.9389193687115336,0.9826691995907951,0.1691615199558809,0.30967271928190243,0.2014949951162528,0.12340081067120534,0.07960947778818092,0.4866819861545323,0.34696324386387145,0.31900993546328804,0.38952818376745446,0.18981303472693156,0.1788558614683753,0.5382842237594296,0.6567507378440421,0.416344329262321,0.7450519362171917,0.9446880157199178,0.7565766238809424,0.9688997381980067,0.31119393833957787,0.22286263208453505,0.5275504963898108,0.10820391627435563,0.10117093274368491,0.415880033338767,0.8429774950499946,0.6520064927171227,0.8909164276669033,0.3201918900701025,0.3718264192001759,0.22394562538894358,0.9952519796363667,0.8677326551843536,0.975086131255578,0.8750034384918817,0.8427203904414378,0.8879549906182469,0.22914676730424577,0.2702654501195374,0.1140562750834625,0.4853121994529088,0.3834003862599417,0.7330762870146273,0.8071135659879343,0.5866639698515739,0.6084735813133763,0.8838038170905946,0.903694937399198,0.7467900253181704,0.7818015717305065,0.8658576097249115,0.9364120113927795,0.8726666005095618,0.6711907522864244,0.9034191048578413,0.4804318780391057,0.28910446526853484,0.6228139161043924,0.5293097581136905,0.035422337833658446,0.565413744556478,0.9071662745515279,0.9621233694341846,0.8650131668112055,0
0.1680929250480414,0.07825133360058523,0.3322088549780431,0.09597574532627595,0.2784321794028932,0.03032606915083247,0.9815388967041796,0.9516833732967234,0.9511632894482681,0.5021734185022595,0.3281377445413276,0.7074588778817166,0.11326390778014517,0.2734475970540733,0.06062259279900917,0.018116605593761104,0.047404497565343234,0.04775292037560647,0.5531969066231528,0.46775382396208043,0.8013561975757055,0.1508090865022531,0.5599002075846866,0.1476949041033193,0.9807132030514034,0.8870708858907115,0.909086725101019,0.8851103840712913,0.9142312508066945,0.8868324902353019,0.10994735307746506,0.0829404149409303,0.18652730686018426,0.18896820974858408,0.2230706683264095,0.3871895676084315,0.36199768856712167,0.3623663260329222,0.05935095658380085,0.0476182856454157,0.3437988400247196,0.4766439237629485,0.9898394366676762,0.8956473989921963,0.9363473851459462,0.8469754955525717,1.0,0.8646332384425373,0.2660459859545803,0.2808914307473387,0.0,0.1916322899196904,0.23804414298005203,0.443660784158335,0.773404061751171,0.6427649686273655,0.8178910048127512,0.06646780028586241,0.14611744759428147,0.01500499810472955,0.8723983205172055,0.7603156467997336,0.8962643413963015,0.7790113937933272,0.7526975654853012,0.8230543393096397,0.07724143049022436,0.12181231452917007,0.041190970812355676,0.07947019937111777,0.13266166022212758,0.40791782194206705,1.0000000000000002,0.4282299695112126,0.8348302266512484,0.7067581019900704,0.8158316759529445,0.8014535978321172,0.7377080243591132,0.7661068327820395,0.6825517502436244,0.9264634794599123,0.9502666503406854,0.7937234152755457,0.6995705057154904,0.8117468237850947,0.6025471275423544,0.9640926908133012,0.8785715160098562,0.735879829061504,0.8411948040187531,0.7597428125798995,0.6801622243923866,0
0.18829566416800292,0.16356510192010631,0.3632661650542697,0.33550649778080777,0.6508358130769245,0.05253971072667962,0.9437299930611356,0.9642307603346398,0.9441354214465183,0.5090236920442819,0.4427058870022602,0.7092182599876016,0.32576514922386224,0.6828687801014,0.04248220466146857,0.0564956829888969,0.05503516891778881,0.03590299013131537,0.7275399504668312,0.7807927324266117,0.880034515053983,0.1909537275059061,0.32285913822773615,0.20910081665927693,0.8118955972838352,0.7662170381847797,0.8542711789693693,0.9315289419492849,0.8834674067768944,0.941774302625915,0.22108549569171387,0.35572944284410823,0.20189085479488078,0.03249226605385647,0.055236052662107876,0.2079229121910311,0.38657031988040513,0.3834439993023744,0.414966021971126,0.11389069259162632,0.10208173392432762,0.5193868807347966,0.7579860543440586,0.7628640525282875,0.8495879658319592,0.9167585816272099,0.7351292005873908,0.9291045178911443,0.5131839030838989,0.4380613631334107,0.6013811086976641,0.03700776318023141,0.049847783396379186,0.1284893949839362,0.8959089135132912,0.7615013512207742,0.8329030561049031,0.397114279907954,0.49885074267900253,0.1792746531789906,0.9394343307715611,0.9339064592408959,0.9130178366984818,0.8956036996151424,0.8800595769486761,0.8590914376996888,0.32406346639525385,0.41798771164693305,0.14060843229277464,0.38352162296403736,0.44962859347221795,0.5293759828118992,0.46526958780676164,0.26215336163499536,0.35257042125184607,0.9381833380791953,0.7463200596914135,0.923608426980221,0.44350588406201763,0.9360628636117783,0.728230993465507,0.8553075562316339,0.7388956975473198,0.8089717723781089,0.32521527919159743,0.6782525940742552,0.45617998233994,0.2728190587701893,1.0,0.1554157430320274,0.8829353248120548,0.9303679312588793,0.8849941058556055,0
0.22278686694423877,0.16895737271851718,0.36158522761695444,0.30299590430803125,0.64085350829579,0.046526834250819826,0.9439401369754448,0.9858715309704817,0.935042144667347,0.5436042216107273,0.44170883669041494,0.7197510061707106,0.2865659266989473,0.6537577694919308,0.03005230638349854,0.05620174181340193,0.06388508294815184,0.01411819647398116,0.7333369294312453,0.8057370227825973,0.9255793315362684,0.17338598307216735,0.2641325429509953,0.20924097884695136,0.8114804806777378,0.7997056866061595,0.820424339682577,0.9412166257243872,0.9044876900164347,0.9670629750942871,0.1885069854320056,0.2990135240360958,0.2000510344555133,0.05259508329805501,0.07446561268803323,0.17851476334916705,0.3927799882695382,0.3934543892361617,0.42362649701750144,0.1078164774623982,0.10451796481147646,0.4784541877981079,0.7556376088831267,0.797614069735449,0.7988102279550928,0.9207030258754154,0.7409618289244051,0.9573640935885863,0.46623653388844843,0.441867969245493,0.5385452902396946,0.04974396732108685,0.06218269415677313,0.1395313035852599,0.9177004608202477,0.7470513152193905,0.940751213918307,0.3687001570632139,0.49295532707867973,0.18455515068511175,0.9603431706778207,0.8841880946309479,0.9248335366422562,0.9044999208226987,0.8880184445676949,0.9131924011116648,0.2895420996132012,0.3640441955986,0.1515038883248232,0.42330104972126814,0.40352709343962434,0.5522264391065532,0.45644893273712395,0.18630043437746302,0.32613432244707835,0.9038637678353565,0.9999999999999991,0.11856022828079682,0.532729609088664,0.8258378154755013,0.6937587299429361,0.8727946300231673,0.7071146082650577,0.8350260526156756,0.37240149697851255,0.6060997704923476,0.40768907255272263,0.28269791800393307,0.7618247673748719,0.12819689740914872,0.890246593525315,0.8913350305916019,0.8889419488227226,0
0.20449812440008053,0.1700478971308894,0.36364529651141275,0.3077288160746332,0.6358915853285649,0.044245437688676725,0.9540636710760111,0.9829569243486829,0.9308396011664313,0.530064342432155,0.441281251761358,0.7083593646330968,0.2863059953745726,0.6523717682629511,0.02934476540006936,0.046150062413233106,0.06808011539954709,0.0171306062115405,0.7371008066693641,0.7877368263479054,0.9331371458364035,0.17290205546792503,0.2665270335968226,0.19779859551767043,0.8108473496210821,0.6904095848190226,0.8154540648027796,0.9381758250575265,0.8988368678150356,0.9653520802115504,0.19464016762315328,0.33101929480105685,0.19645766054992286,0.03767045863614682,0.05917789430286932,0.2960628195097208,0.38996689828543385,0.38609225228387656,0.4166398513518921,0.11322673143368966,0.13186754689266156,0.5055746848877605,0.7520076052713338,0.6785406127726847,0.7870988095978608,0.9178446123638755,0.7381361456209001,0.9558950823343388,0.48084164099768856,0.4797782549943932,0.6043008352704433,0.041600044131948594,0.05054817315545353,0.19834231507659472,0.9324028067253463,0.7471343054226502,0.9496557993957906,0.37687842464799226,0.5116355211705514,0.1885667363239264,0.9498401888890062,0.822337939117557,0.9371207976868808,0.924394892225316,0.8937473498126232,0.9341445867803722,0.2973481822153039,0.3873491896527219,0.14682406086178734,0.37518695934795515,0.31719258142771223,0.5527243043265573,0.4880364749596793,0.2713632853124537,0.3311228738398073,0.9026555786808803,0.7824310794308724,0.822582507273352,0.4469011875580535,0.5526256877455165,0.8537950601785608,0.9072098404201347,0.7170658746911114,0.8719266526737777,0.3401109823692128,0.48133763655664374,0.49738497032807966,0.2672506387519471,0.8210137005233378,0.11767672057144377,0.8734238199490343,0.9339947007244449,0.8290353396304542,0
0.19236669117491934,0.1688313226113074,0.3367280334423488,0.26559107235787716,0.6337886653320088,0.06142673665170317,0.9636203437007087,0.981317916951461,0.9409829619632055,0.5202684099420227,0.45047432773607365,0.6837258145477025,0.24051433612338124,0.6492209209374327,0.04800124066425826,0.03667327689131222,0.058003472018241936,0.01859076052344011,0.729991565104561,0.7855596448067166,0.9392401933984018,0.14085518570349986,0.25369961183978695,0.1855993363749482,0.8274887249084906,0.8341488139597392,0.8581335815197201,0.9377066626775101,0.9016035123339825,0.9735055362750323,0.14213447532095547,0.2819324419221232,0.12112782115527354,0.020491851313455323,0.06188642084744475,0.26662760726008017,0.39499205941301385,0.3868903081829558,0.42203726662216257,0.10092135156526805,0.11880555650283942,0.49895648047537966,0.7706062772378041,0.8178676491970616,0.8281300120209496,0.9161795252163774,0.7387879782834252,0.9552914868519924,0.444481982105863,0.48351068235794514,0.5662291613362154,0.030579355566275,0.05834138561736851,0.17506341589310193,0.9619262468324536,0.8008535133298631,0.949522798198356,0.3728298404796965,0.5254317752605284,0.18657671633881745,0.9360165438220478,0.8707515698418009,0.9224731015322941,0.9535687026478408,0.9457051785500075,0.9361989459939244,0.29541104029254384,0.41337762351046514,0.16182280628715817,0.3135484220138133,0.3717059800385959,0.4063147431246702,0.4492811892695374,0.1448386888064883,0.3035656160589498,0.8881607246166405,0.8692923461052615,0.904223295770204,0.3650025764249851,0.8324134322474386,0.7329307201476358,0.786264308002115,0.6547903634442864,0.7082185814263917,0.356040997128515,0.6499132073436211,0.4670367019508567,0.3481382017675483,0.7279067598590103,0.12474417545580194,0.8396602660574817,0.86998547376513,0.887620947831822,0
0.2089806921297197,0.17292604124550515,0.3532411243955784,0.23925513704209633,0.6268491891917816,0.04314376528857777,0.9411523441983546,1.0,0.9362685899459379,0.5465383558154899,0.46236680351543935,0.7026199719247068,0.22803772916584109,0.660506963313678,0.042589559437093305,0.059085991431426954,0.062707474232437,0.0,0.6955584781186466,0.7610286326341433,0.8948251189723451,0.16139463561551093,0.25445811908210025,0.19657661007737515,0.8218285173484241,0.8818964583941109,0.8194693997680176,0.9283348248449057,0.8994177647069139,0.9560107824027807,0.18219329178868726,0.32246251152480987,0.19998371412320104,0.07980601681256622,0.08720715181712668,0.2460166951809235,0.38264876190352126,0.3733648606071336,0.41997889639854424,0.12202786203203608,0.10963080580270379,0.5064583355372427,0.7511165902696144,0.9050176284816316,0.7993378839294611,0.9160583756250416,0.7424498200122622,0.9557205354746365,0.5237850155636714,0.5869974544326162,0.6178351924134287,0.05344589108119999,0.05265907755442388,0.17856812621121798,0.9012746934249858,0.7496660910601238,0.9044088485047175,0.32000781424155933,0.5126324205974588,0.177028500358839,0.9689780829102567,0.8758802904789875,0.9454712319482504,0.9047030314069973,0.9020063606133593,0.9147340154992647,0.2561143175057592,0.43297234395399276,0.15073163375785525,0.44139335401202184,0.39129159746203057,0.44077475567559277,0.5410391151694971,0.2522851277228453,0.29257661230096105,0.9556690592761594,0.8711058644190155,0.8582374475226863,0.6503389117559168,0.8866161502381598,0.6710131977050476,0.8605096801447103,0.7635834776719026,0.8455507722581983,0.5997430170220239,0.6982652488749821,0.5101496176661298,0.4344721428237974,0.9334415387574069,0.1326029719612731,0.9290272416043428,0.965729618221614,0.8904881225754777,0
0.189435284660862,0.18817046481740984,0.26187258400030977,0.2938144292708671,0.6174599220076777,0.06616779614586688,0.9446261057422292,0.9715693527673963,0.9368555799163996,0.5275808743965413,0.4770865226742025,0.6286304173069501,0.2752563611266714,0.6476953452835628,0.055633164675465085,0.05566970936264215,0.06218058605552443,0.028571440054164787,0.7081376662993475,0.7589338151753635,0.918992946441447,0.16452434471457078,0.25226748328647464,0.1868364822151345,0.815560841536501,0.6554851425773187,0.8580688563142774,0.9312700207965818,0.8917288805289241,0.9517933039348067,0.18037765239271764,0.30061624890723326,0.20076858051249769,0.07186669985146343,0.08469830099150377,0.2767180947596257,0.38174923703009833,0.36445033226719925,0.417341253849254,0.12491007551389188,0.11669163338925514,0.4831915311163555,0.7337530719143354,0.6117374809356125,0.8002165223937249,0.913646875001642,0.7412762954488792,0.938075018922965,0.514885061274942,0.5044624698803375,0.593141818142227,0.05323017664389926,0.05427860580824423,0.19499656002355648,0.9122903036723056,0.7443001705000607,0.9277749845643781,0.38538825242268493,0.5238145582557452,0.20234207189589637,0.9772381880461698,0.8750519004010531,0.9558517515310275,0.9260245869073291,0.9006490064426047,0.9232406224091274,0.3042366307497556,0.42312431038318477,0.14889314540679366,0.4444292347296115,0.37650217592940105,0.5887745125474778,0.4592900656913306,0.3163935070183648,0.2779862381757197,0.8974931489047524,0.8586429140803569,0.7964114402248735,0.5680996426439242,0.8966424251589915,0.7041902016173883,0.8561918291075479,0.7244896026619401,0.8740560445120622,0.4905118677873235,0.6470235371530979,0.5464142936967169,0.35011286609717596,0.7798625302507531,0.12705321885723522,0.8998765453754412,1.0,0.8945563882731915,0
0.17134169187743842,0.16736646757752505,0.33438880733721055,0.3534331596245486,0.6665628413191695,0.07805864481767921,0.9480724921980292,0.9611807262598858,0.9423393036452172,0.5018451609714436,0.4470655256627616,0.6809922254896281,0.33025488854092533,0.6620295934033864,0.059928437360651454,0.05234236676566201,0.057713894325811754,0.038983387236487144,0.7213703409294938,0.7694928176515701,0.8979964470729553,0.17426539293063525,0.26589649832671824,0.19730116277406706,0.8029703951016558,0.6260786330793024,0.8302534023638907,0.9300064962972088,0.9001937297287985,0.9506769318900322,0.1741396649260638,0.2823456630886012,0.19695994278981122,0.04195733339306973,0.09515987977217767,0.2975913137141577,0.3790059727181423,0.3703012637257932,0.41054349464565343,0.10893406675836115,0.13867593471333706,0.47288997372796304,0.7281480861441377,0.6040257469074588,0.7910964998839535,0.9173456645190459,0.7457968726868565,0.946957148745943,0.5134992131585321,0.6136671871542205,0.60185291038127,0.0381488112807038,0.05508633490970441,0.19815835273068605,0.9259201028463488,0.7299674117342692,0.9310825069116146,0.43796959395351853,0.5401939313493689,0.21415331003752236,0.9611207371698738,0.8573058414411568,0.9481724510826081,0.9372400049221457,0.9024253172901293,0.9261658716993773,0.348601821038087,0.4303740712779327,0.1645701653159628,0.41717509600858604,0.36050207384161675,0.555145156262196,0.38863558772803697,0.26172764225883327,0.25097636385566496,0.8985585586959814,0.8483319499937387,0.8711369989001115,0.42555982583128316,0.9256234030920742,0.7606030349655128,0.8655593754835436,0.7103042937692203,0.8413737862049777,0.33026029881994967,0.6604741719704759,0.488669563676762,0.21366881264329507,0.6882965653082636,0.05655127183087036,0.838392838316135,0.9462110589401052,0.8727954104834343,0
0.19015859022294768,0.16673812689158707,0.3274040969745906,0.24979792112666388,0.6416696486006759,0.06923163753147166,0.9471048221575602,0.9544575242185518,0.9289085813798639,0.5186108156737572,0.4428086801468214,0.6808945187160185,0.22341963169204382,0.6482259999963746,0.04881275623516235,0.05315445797187818,0.06994750555680102,0.045813136954557354,0.7001491330488285,0.781887154282686,0.8951661492577994,0.1478395880330421,0.2054368152856414,0.20332356011956687,0.8097967779740237,0.6582759387498786,0.8223595131044419,0.9254137813298691,0.9006789386263052,0.9437717330001439,0.13901329178173327,0.20080781155203908,0.18590529923887722,0.0464182764314135,0.08127219906251362,0.25765061154137103,0.3859526851514188,0.3895711930650556,0.4104022912481584,0.10863819851614487,0.10742455710753074,0.49731720381241384,0.7416546045235695,0.6417237689275308,0.7840813864450719,0.9155220389089498,0.7470850565830096,0.9458719942125091,0.4971084272617823,0.49138228388948946,0.5953402325256452,0.0326747801945389,0.0480025213195316,0.16818063367902747,0.9190601834420993,0.7522894386589409,0.930876086794153,0.3446554179632829,0.5181711812667782,0.20992562813414795,0.9709458465150936,0.8501798395443021,0.9577610086985264,0.9199042361199801,0.9093099538051166,0.9123489258584254,0.2618897378134911,0.4127466018750985,0.16243879219937696,0.4474931113287091,0.3681610982329829,0.6522184449484234,0.5114373666036403,0.2253959716916869,0.2753859384655595,0.9254639592283427,0.9162965706418946,0.8425567586261854,0.5801185649347154,0.798252576561854,0.7506961897007679,0.8767219668172532,0.7174385977851392,0.873166420799605,0.5157046771543317,0.5583359377978923,0.4972659945709979,0.37173930736033745,0.7859385873184728,0.0890355621060808,0.8691714605419576,0.901458247935186,0.8585151534096691,0
0.11415275068241604,0.12435587917753477,0.2733081820678738,0.2283484058663685,0.4423724792191359,0.06399088157193766,0.9520479830800482,0.9318314182975227,0.9305246225970062,0.4550269515128784,0.3837920261457386,0.6449404065702082,0.20285512313432985,0.4330640936635022,0.04761197819697527,0.04812591190557469,0.06854232058157092,0.06853133353571023,0.6055304020781129,0.5428964714461766,0.8869617719629368,0.207919558095099,0.34917892153710417,0.19067606802156778,0.7392332264412913,0.45806215267640304,0.825676833391692,0.9849960132743214,0.929872084227588,0.9939153345630208,0.15551990677159466,0.24462931911661379,0.15018118037938866,0.1038117679785735,0.09077873678080653,0.5226578538314847,0.349175605526276,0.31988275960062973,0.3933659013791173,0.18169180479280111,0.16556680005356483,0.5540649333181631,0.6480026093861103,0.4271950682269944,0.7630561054773345,0.9443006487195891,0.7584476190691207,0.970027340185792,0.31657636666406574,0.32015918759434925,0.5279941714345853,0.10034912575896651,0.08736433557838078,0.4061600054422463,0.8307484383896098,0.6645508710464716,0.8788743128800929,0.34090699582161876,0.3649951764865318,0.22839159657127261,0.9857896540591415,0.8729057677992562,0.9594338068674225,0.8653457311372448,0.8124160756949972,0.8753419185544402,0.24784705799992768,0.26252372264265444,0.1651770625214043,0.4613545823304438,0.3936541888846846,0.7306547744047631,0.7525720243399732,0.49763687697907955,0.5840132698430396,0.8610612887653026,0.674831008004162,0.8450220173951518,0.687250663393731,0.8311749128520622,0.8571916708731436,0.8393774943402836,0.6753572307335753,0.8796826374732489,0.38971905130966844,0.23671546455622128,0.5843751581478438,0.4745538618288285,0.17913264637362047,0.5259825257109805,0.9164910023388866,0.9571363995444626,0.8748897935266542,0
0.20350090404329713,0.16349940307634858,0.3586551472928923,0.3093884159497815,0.6339117486068642,0.05896528417311209,0.9564976125403633,0.983515093289067,0.9507134710747172,0.5294281919302555,0.4408616570557231,0.7081109165533537,0.2882688415291148,0.6503137252414004,0.04115041053061086,0.0437914668217812,0.049023199975174764,0.016525686096362235,0.7382495952109425,0.7883228504386706,0.9340274377247322,0.16965869879835394,0.27067744117790804,0.19991390037042844,0.814442492135803,0.7096527464967123,0.8106227750114712,0.9393809080439008,0.8999931233868996,0.9654284750828496,0.1920799887303879,0.33701410684513977,0.16867089105111255,0.0362366968495379,0.07678746136913597,0.2683211973032624,0.38895069198538135,0.3857808235626399,0.41687395981702036,0.10335489007837761,0.10224101634661853,0.5058011567986589,0.7583222992851162,0.7106229335485272,0.7833163380745769,0.9186097390838619,0.7387450818241894,0.9546805728430336,0.4775005263840626,0.4967899146573522,0.6159461710571446,0.039317630656244384,0.053977664044666585,0.1943152773727096,0.9325961867373529,0.7470481982164512,0.9509383714525776,0.3778294943225956,0.5119742787770296,0.20034153668792176,0.9474984295828343,0.8227699885123967,0.9398155393744042,0.9245270588651444,0.8941872543232319,0.9340880045876643,0.2977995566103475,0.38618146121897845,0.14643586363723093,0.3660556546099631,0.29425650681276727,0.5427628471170585,0.48347300557618156,0.33852347027586127,0.33058106654117764,0.9030136303807419,0.8312325524179514,0.8458123975815891,0.4353250003722573,0.5522744200283434,0.8824775759177576,0.919230966877163,0.7543508997397481,0.8820853505591792,0.3439828810203993,0.5334506723443049,0.48307667279381655,0.2602153032993777,0.6872243102600102,0.12678875144211452,0.8695522061555461,0.8961784769969707,0.8892419467841366,0
0.0718075611391078,0.12873249168785517,0.14971111296169326,0.27955814669204715,0.5525278998271126,0.07050372982802422,0.9413319322218141,0.9326097238922522,0.9314580081583523,0.3964729583266844,0.3880328912148352,0.5424479815959167,0.26275293330471206,0.5549454209619036,0.039037657729719566,0.05905501777037514,0.06853540742180095,0.0675756253967047,0.61555714571662,0.6079983541761229,0.8642580610399839,0.13610298603377569,0.2140729941840278,0.18061671362576703,0.7865105099483328,0.6782078090142524,0.8620634914944384,0.855370200258156,0.7407252257705919,0.9010177482359957,0.14011482555120836,0.24592917436977757,0.16975809426217126,0.06068459920706659,0.06956429931065358,0.25900848860982384,0.3518369236139276,0.32862430718594027,0.3950920283145116,0.12877483759680075,0.12580691310665593,0.5351436261542459,0.6852353536294034,0.625503109281756,0.7572142572341745,0.8685180401187973,0.6871424152770738,0.9085844670493404,0.5402566642793225,0.534865866277972,0.6337421676383972,0.04202821697694489,0.03539865169553809,0.1632194853250215,0.8115796754721276,0.6351719494671486,0.8529097118123843,0.426702095871044,0.6212007278122302,0.21421100318543773,0.9644977487588283,0.9817301807462463,0.8875311781757602,0.8479300535149872,0.8815485097007292,0.8641665599491462,0.3617838737985617,0.5538579470885854,0.16663834574877656,0.4202478036113964,0.5041899376435022,0.4507537679430862,0.3889772269267753,0.17498698717118977,0.17357428232774214,0.9865771763062687,0.9122505238769092,0.827690646385013,0.4266644040473535,0.9098322493323296,0.3891735418227724,0.6990653734500625,0.7145746540593754,0.5348674244049334,0.4814224155905693,0.5079194208143072,0.6659369642204647,0.41923689534023145,0.9613244923347111,0.26592749211031685,0.9101946622891011,0.8889878824812856,0.8577724769702426,0
0.10383643112482677,0.12190668739745325,0.17489306287909123,0.27324826498584587,0.6553117968810838,0.07986897765957557,0.9305400391363915,0.9344953835664151,0.9158291203796733,0.4345429314346969,0.38208665332515324,0.5665621893711315,0.24825136754067012,0.6260483942596844,0.0556781887816149,0.06974823645634715,0.0841130504367085,0.0659632865535591,0.6240820025592826,0.6225942900188763,0.8582678450594183,0.15800152423739489,0.26925753105410344,0.18909652598006232,0.8029949171810593,0.6681596673368847,0.8277076472576609,0.8677167871188689,0.7730506917149733,0.9191549632751904,0.14949484574085936,0.23940840104905625,0.18463709705052267,0.0808416134183157,0.08171940178217968,0.22768807014889592,0.35544058789417576,0.32538931362282053,0.3950649566391746,0.13720266676226966,0.12136779933242714,0.5353705298514373,0.6952244709543722,0.6200916492894721,0.7333610024254532,0.8728589467792685,0.6879256788203407,0.9162383651436139,0.5656904945284111,0.5836309755618139,0.6728717661170176,0.04421317942927874,0.04319329417533696,0.1177308999653649,0.8212792536045637,0.6452589606041998,0.8600756807875249,0.4099501140241132,0.6953661335939332,0.2204004208113466,0.9797393415073907,0.9217516755695077,0.9055669355814459,0.8619205014722875,0.8901397400537476,0.872296745059292,0.33462399002564913,0.5590597663365298,0.1774180754201824,0.4708456576487827,0.45531068117374157,0.5010050270701827,0.42627841619670725,0.24356632664190236,0.17267285748354272,0.940588631116567,0.8281804807563002,0.9527180827463938,0.5448666701905378,0.9267383031711702,0.4618693067714208,0.7508895172388144,0.6980933007286687,0.6525591756502893,0.5805366023110565,0.5783413343962156,0.6182123829013157,0.4470775758973451,0.90129824650489,0.2136470651525618,0.9059429169662967,0.8958649828160059,0.8007176490273373,0
0.10937994351688829,0.11600295873978927,0.06701978055759916,0.2557037477374995,0.585362589854787,0.0825110366843278,0.9238496526333253,0.9447024568350136,0.9052606271223009,0.43637763875413516,0.3777572479424629,0.487834076293586,0.2437903647190307,0.6095502893903499,0.06667096626599234,0.07650430569628575,0.09470305018219274,0.05514458736155714,0.6084874982666593,0.6183711263598046,0.8741271795749481,0.1508354925568458,0.25084049933506014,0.1155474191564525,0.7825865877160723,0.7077593356126262,0.8194819321482594,0.8573809479418353,0.7483050379421359,0.8973968721225375,0.15093708008811735,0.25181220172836305,0.20417611805164526,0.09483965047703713,0.07185373945582607,0.1799766399344611,0.35461909913560374,0.3277426122406695,0.3994465688189677,0.13975895277828165,0.14850486622355863,0.15253520083783823,0.6839873821111786,0.6583316748294648,0.7581611737902798,0.8730552543108987,0.6869519614486617,0.9155967133228837,0.5578082916736982,0.5676788356903657,0.6370647402641012,0.06070766427605895,0.06184902698393145,0.1345810557536674,0.8150965203318834,0.6400633063296981,0.8593098649755466,0.40275518631825247,0.5402537121034532,0.2526140591003885,0.973021203007599,0.9894088546352656,0.8917877917551404,0.8459784704351014,0.88080731642374,0.8638646213455825,0.35265312843807606,0.5512167800598218,0.1990320194188071,0.48129495758527685,0.5221260815485615,0.5105025022092475,0.39964599558575453,0.2832176007392757,0.19031465933334313,0.942672495652424,0.9038744431733976,0.8644339382103182,0.5653966880330186,1.0,0.24664947396117343,0.6427701078944716,0.7286389190058422,0.3164716362694737,0.6062865852223442,0.4858966198360548,0.575052696421275,0.47076690524871956,0.817682909527349,0.27284635675183677,0.8888649574780882,0.8803255438925168,0.8799438818532104,0
0.0661464611682856,0.10498541542964102,0.09762581502024181,0.30362205451329505,0.5462138876754368,0.0862690844817402,0.9370559579689473,0.9430207428598054,0.9195011810219554,0.3954413742997027,0.3689764243059144,0.504385031586355,0.27997846743152444,0.5648828481158357,0.06252861329268455,0.0633767869455798,0.08071203933594101,0.05724666969070907,0.6149508968503299,0.6032711660658521,0.8667894819414002,0.14707742865329276,0.2452470309216297,0.18365966332470407,0.7866916937382095,0.7183732817143396,0.8350611491292609,0.8520417266903686,0.7451144125349427,0.8987030274149234,0.15514446615848687,0.28795352814442143,0.1791841501332101,0.05353410889650684,0.06936151288916373,0.19716045566360973,0.3528342128140669,0.32531454538455806,0.3933938959524772,0.1355078528523972,0.1527027690188616,0.5287076355576876,0.6838585910348534,0.658656927383811,0.7471318454586506,0.8699810564190493,0.68249395498581,0.9084851180505784,0.5709859922300815,0.5490760418714338,0.6717521444293837,0.036050848734075824,0.04385640446819426,0.18660168298856272,0.827497474408676,0.6346521892270145,0.8683931972852508,0.46359541828348727,0.556885308316933,0.24586261124698094,0.9522603325529956,0.9518941211329912,0.8584847020651221,0.8709816618054782,0.8733446506187712,0.8738005545305252,0.3906095094032822,0.48283193087258636,0.192979511723266,0.39775465071386384,0.5186069182683531,0.38873052108225603,0.32577418479947373,0.16332332868622146,0.1999905829164329,0.9517314989273018,0.8147053167517688,0.952220463178936,0.37722717330013245,0.967733849919604,0.3632550424170691,0.6829335887577352,0.7097798413432352,0.40386600165935005,0.4896293951244455,0.5732942633373579,0.6450356393740628,0.3983087965837566,0.7078946445192535,0.3497209748625466,0.8459556320739652,0.8397668837665355,0.7956286888100514,0
0.07818783257406503,0.13672445045495518,0.07997083406565686,0.29126814974421,0.6099874656011932,0.0970885453877186,0.9379264773494567,0.9520154387296369,0.9318591076079781,0.41742857503717756,0.40889255719326334,0.502650956415077,0.27227805351800827,0.6243812049441972,0.07905908541843587,0.06247656517746447,0.06722508463893101,0.04806308343543725,0.6249390735069147,0.6231631852960433,0.873036896877956,0.13931201143703387,0.2501048212636685,0.1352001601853572,0.8023452195917622,0.7280870123733961,0.8113892944411037,0.8676839204165336,0.7644036968795098,0.9165431999316168,0.14358357192105142,0.18054516531235176,0.2116309378447898,0.07092948043484715,0.07479038110961372,0.307435424638558,0.35232058890396845,0.32122351885624845,0.35494627195343664,0.12044928095867036,0.1348381848624305,0.06559006511553189,0.684472501720783,0.6746457537883055,0.7605720093096847,0.8733095314037198,0.6829216294590945,0.920095594594609,0.5493916058992383,0.6103167803455989,0.6155959490381608,0.03279697079735994,0.052867068155554364,0.17371784258222955,0.8277995595791117,0.6412656902135461,0.8840461110351037,0.4473190196086302,0.60400213697745,0.23418930808765126,0.967386534249746,0.9132016180534399,0.9438044927672763,0.8836177319527898,0.8987031490649491,0.8986825737737283,0.3882092646860307,0.555750045113784,0.18899285280277867,0.41903905985695106,0.4077379280187491,0.4398020544514484,0.3367596273285023,0.24417983681513356,0.19606544032196177,0.9631664461385663,0.9647523626925105,0.8908401955866857,0.4139806930345622,0.7532779791172022,0.35396568476807777,0.7189477247857483,0.7048105137950929,0.4857906835167227,0.5953597230893672,0.5396525126088374,0.676636844706598,0.4283229048912698,0.7908788894067875,0.27138644663039957,0.8961903733677263,0.9508761212371084,0.8366649644423432,0
0.05709217326577587,0.13747120184766537,0.10725331354685297,0.3123270953271744,0.5614969940506704,0.09827129801319034,0.9402085862606177,0.9326396922444655,0.9369854141386795,0.3902348632759378,0.4016784652033323,0.5232794090236603,0.29388488173611327,0.573898087105317,0.07401449262429405,0.06043294711851721,0.061732067689816456,0.06740746550863563,0.6167723993035055,0.6243625666907624,0.8655169572238355,0.14284588859256608,0.23139068878502522,0.18890516168709492,0.7829346096398558,0.6085302431974129,0.8318531305721849,0.8442602373457206,0.7579756789424725,0.8838828601758245,0.15535630597076633,0.2250560117708318,0.18766086838391338,0.05273036779487922,0.08147326859773665,0.31457781095182313,0.35372094676234855,0.32291277413766606,0.3921753629296476,0.1270127545781916,0.1228433451138553,0.5205701910719118,0.6758298729225329,0.5894386137381018,0.7697717575606985,0.8725644723242445,0.6848397139935023,0.9205873995829537,0.5710847580132423,0.6134137430967428,0.6673444279313863,0.030486521167824354,0.04083868172855368,0.18162014424557116,0.8369879795514437,0.6539398137902444,0.8811855969586493,0.49677816680779274,0.5707302726509784,0.2563778341126314,0.9307587237377374,0.9207812962060729,0.8829630033653865,0.8934886178224535,0.8830092938010612,0.8970632214620766,0.4389982168804014,0.5596209088522255,0.18819266592754713,0.35048113926455715,0.4460733982857329,0.4404241264258648,0.27489607834960594,0.2378064732243157,0.1801562144545117,0.9532833156617997,0.839455461080421,0.9354545178636787,0.27274115479429994,0.9051271148981179,0.26875550841383283,0.6298347709600618,0.6959924017571719,0.2956210934904251,0.5154949956955077,0.5669389698539433,0.6775920028038529,0.39276049988149575,0.8588402041627958,0.3139642911352929,0.8768819973755915,0.8830650718364534,0.905562562414342,0
0.08502443206647525,0.13266181730259285,0.14447070701059195,0.30056433333707533,0.552363712675682,0.10610001362808519,0.9354345827609056,0.9258305407008103,0.9253635412632342,0.4209085916320303,0.4023692956013387,0.5440429786570111,0.28189805710363647,0.5596211641957161,0.07979150458664486,0.06506632040560106,0.07335498030695006,0.07458287907947664,0.6202941859031501,0.6085180496695504,0.8610338035177463,0.1471188750198129,0.23011386290150426,0.18933108311045643,0.7929539447140805,0.6479955357525264,0.8280118377980479,0.8568705772653002,0.7674986342923313,0.8856538421421475,0.16377276550819442,0.2842450473174063,0.1564310871588681,0.056506215769527135,0.08786931608186327,0.3084809411042091,0.3542904446688082,0.3220744827883357,0.3922064338297502,0.12405517207173133,0.12684204091104512,0.5034576366911265,0.6857967524414914,0.5833982884240076,0.7736120129204044,0.8722120450551032,0.6840869295133767,0.9183457348816164,0.5898476576062883,0.5808332004297441,0.6217656633622415,0.029080317755532048,0.036374759902747356,0.14372646581719417,0.844849485433516,0.6565900455394131,0.8748568860522827,0.47158522621751076,0.5919297458054069,0.24247417908301738,0.9429936704271015,0.9522193696085497,0.8671830316763107,0.8945792457206927,0.8872656317891234,0.8966332218338664,0.40983268895723457,0.5812415963766226,0.19312935642296292,0.3814655297647412,0.47000862169988017,0.4477266530234292,0.3081282935219054,0.3296542721319966,0.1950843611294651,0.9509449220148145,0.784046355594648,0.9625656747782901,0.3555380363705858,0.949887346768536,0.29527233622010585,0.644056047775019,0.7043312029477597,0.29519931306041847,0.5590879910699265,0.6195390222438082,0.680553195462662,0.4299185673065038,0.8801836881072127,0.313262826952595,0.8988806474493969,0.8722136973793218,0.7883780864666785,0
0.06448204270150981,0.1453416941478185,0.06476918258529984,0.28785033014084016,0.5743346481245559,0.09310845615817387,0.933764838063873,0.930211853455428,0.9257863419310474,0.3962732474795416,0.41081884889386133,0.46253308331549015,0.259980322900105,0.5656801896762054,0.07194419498655868,0.06673443965419568,0.07298294070874284,0.0701205298808168,0.6075970178141459,0.602882305552888,0.8702517633896381,0.1384581192129497,0.2198159775901143,0.1920118994836879,0.7857182199747968,0.6250856640502079,0.8248718320032522,0.8455474068519262,0.7507538506341178,0.8826174196286006,0.13538859108424983,0.1793532730460372,0.18208577739060772,0.0679640517890232,0.07801999186675909,0.23512697727780263,0.352199122089059,0.3231583054285698,0.3914127415301034,0.1274026094507681,0.117328763078417,0.5246797171195277,0.6688441277540556,0.5728726254653025,0.7554594089970877,0.8729804341916092,0.6888840760280068,0.9200068574594358,0.5800669720002851,0.5577104482003641,0.6802727013731253,0.032724157608088,0.03452827681062978,0.22258841120176953,0.8282682846761036,0.6421337755321503,0.8823368621007723,0.4639429473117912,0.5846894477466853,0.2533329179726581,0.9528838160910915,0.9056283141335046,0.8735031874813901,0.8830856333810384,0.8735538016472528,0.9021581224426134,0.39074619619720896,0.5567534916926034,0.18087725625361317,0.41598919469212536,0.4520684637828941,0.44527083254485,0.31205762042027874,0.24980880905989267,0.18782745762085712,0.9796040219460496,0.9449991983686266,0.9546667284822762,0.40236378479821133,0.8714071211746477,0.3712400388620476,0.6549331023140321,0.7117738561550206,0.2866711283252237,0.612796927437202,0.6262596545753798,0.707427830014544,0.45140969524479413,0.9790265674735537,0.29624086122895443,0.8687596950132028,0.9143397738792451,0.8665872250833573,0
0.054447179513916755,0.12914769310160246,0.11968972446712334,0.2920958186611555,0.5543755190791637,0.10749599761026674,0.9426070182027875,0.9366232706601452,0.9285885661380228,0.3909807355093995,0.3938018325253485,0.5178925529173499,0.26383885705637633,0.5487810349171709,0.08233056671693673,0.057883470022701666,0.07023531620839285,0.06350599534711887,0.6117624900590961,0.599249903741534,0.8692625853962335,0.12906176177259443,0.21159200991879246,0.0,0.7831018234017024,0.6355734607461198,0.8400669731010345,0.852098065492485,0.7594700731182424,0.8907321310152342,0.13661379475587143,0.1730130749865042,0.17422905118239917,0.05888856586742808,0.09980954931403198,0.3064723655792101,0.3527404089245061,0.3207692067644343,0.39091345369974473,0.11157031111409221,0.12146262020000531,0.0,0.6634172942559596,0.5787471466314229,0.7590595880452927,0.8726428890913771,0.6808143812153502,0.9191668735675127,0.5565323085027423,0.5756938494690687,0.6402657332251831,0.027866786377538144,0.05573186698272847,0.21590427497850206,0.8383500717818313,0.6457919681068258,0.8769648561984555,0.4800748070725177,0.5861428212032371,0.264728101921862,0.9533698900594998,0.9189170933147665,0.8549013170693425,0.895644039359133,0.8910074386085269,0.891294591806423,0.40092516463009886,0.5610974238864763,0.18861345877588642,0.4037430490740121,0.4605940628796692,0.3988143917875552,0.3120071060308909,0.23097689289180146,0.18534913006994486,0.95291057497779,0.8448566155939616,0.8592910140618416,0.381400344081966,0.9399255217208857,0.42229711280619775,0.6631776886027092,0.6827602854246964,0.3604841461357997,0.5796453873061527,0.6063443832577473,0.7639787460215754,0.40519893976386867,0.9042429791409177,0.3288887434703165,0.8897005712237251,0.9164683662674031,0.8382541012413971,0
0.13702467604221935,0.08565544050406304,0.28868965874529495,0.20650701392405724,0.44861181932836725,0.08509748210797574,0.9541965852543116,0.9499808088572236,0.9311480662613433,0.4804579281399417,0.3470097884555958,0.6740803514979175,0.1857398982705507,0.4484947713970313,0.057938452993345546,0.04595739728350107,0.0677719372772426,0.04995725168668991,0.6163754403121584,0.5828401358715802,0.8895521441962255,0.2086021475660207,0.357382632338453,0.22094509360831793,0.7520190756362651,0.4526648977070958,0.8218740607150726,0.9879702105871733,0.9308095804296821,0.9917624876884411,0.16273430137602674,0.2956107791010405,0.14946403743816727,0.11683641172751696,0.08435558833926302,0.5745759694634246,0.35297395354470495,0.31969900715066313,0.3986273430073557,0.18770515003662336,0.16914420839963107,0.5619970634214186,0.6642896898008569,0.43131205029187336,0.7692296749315828,0.9444390999148962,0.7618166037679859,0.9778823147987374,0.3055197901243538,0.287412979055631,0.5174993059071387,0.11144870476112761,0.07345501912846922,0.41843950806182817,0.8498920641066268,0.6590891026460239,0.8930890629387929,0.3070779274308616,0.36617972105820407,0.23495112754959713,0.9814019317121073,0.8459621788805474,0.9624760204936761,0.8808173229637906,0.841691491759073,0.9008666213758763,0.22539031215476513,0.2775160899969229,0.16874811534244605,0.440109793070438,0.3839200071689098,0.6503254717190374,0.7755216048627436,0.5000128115507474,0.6015468460637349,0.8997599529672424,0.7416329555965655,0.8828714978809814,0.7225193102367131,0.8140320402907228,0.7992681175574367,0.8746552498925366,0.6779204996988701,0.8581361294808671,0.43738920714482976,0.08546706627376821,0.5544878057149798,0.5078293717590356,0.246918585101767,0.5424508185763931,0.9232248329662132,0.9539254751838655,0.8744233828876857,0
0.06379564231744261,0.14193834125316362,0.06162031493814357,0.28572741097149956,0.5801378304323512,0.09612053835067091,0.9369105832957376,0.9268408496128417,0.9292609308149931,0.39572560517767474,0.4110071590242339,0.46327952785622273,0.2604570439671323,0.5666662739247785,0.07134427919380593,0.0636169010275554,0.0695797595578233,0.07345301610717891,0.6074055203701914,0.6027241373592362,0.866932423074058,0.13728345823461652,0.21822308022749448,0.1695290264448861,0.7895239714301971,0.5963342786425659,0.8302750346404373,0.8454820487907475,0.7500595742376532,0.8828563451358303,0.1358486280071931,0.19018922185438392,0.18102034243071596,0.0659291451125576,0.07197405072250637,0.21751195728561523,0.3517578487742692,0.3191974896880816,0.3938079695320602,0.12354659446176353,0.12341850853429381,0.5277538196355249,0.6757175640828281,0.5342494142818406,0.7448778767459966,0.873094178601858,0.6893646453833568,0.9206801619077645,0.5700834564102699,0.5591903142335433,0.5859631740639735,0.03259853392686041,0.03813008485484125,0.2064458916802665,0.8285192363776721,0.6410790596625535,0.879994233790973,0.4627635488382932,0.5797848427927612,0.24752575962504175,0.9469951966001802,0.9008953162691005,0.8697499428323842,0.8818591349792604,0.8737408592572322,0.8971492213877184,0.38980808496540664,0.5549390957325482,0.18502684570816275,0.3940740939539436,0.4242668205730594,0.4253108259871864,0.3218264996127169,0.2753379951058017,0.18258330514586973,1.0,0.9738138290219291,0.964810851334961,0.3767498466193382,0.8491481737923703,0.36169233022826364,0.6764186876798535,0.7150652475900978,0.2890107264791968,0.6056061993594839,0.5933695912740635,0.6945424591948115,0.4475739418680409,0.962742429299059,0.3066939598410222,0.8688430236047373,0.8795376109600568,0.7463317990496794,0
0.16301500201743924,0.08442320521358493,0.2955600516612096,0.25394830088422227,0.4133901358460286,0.0857101953221251,0.9875657094461443,0.984801285354024,0.9482540825883077,0.4723435138548835,0.3079831617918747,0.6263730387400757,0.25104246187072166,0.4658500354374029,0.06189719414637951,0.01247612414188587,0.05128098215477844,0.01494667111074105,0.7031666884459082,0.7400542181616809,0.8783799159785051,0.06616077773010876,0.10471129780299782,0.07224216593486732,0.8389870936835728,0.9103906771249541,0.7990550676830532,0.9001609675061486,0.8726798930448214,0.8866933815226637,0.08982200546476182,0.18507292278735576,0.03482194578334896,0.04960182068187402,0.18382605492322868,0.16821654835514765,0.3692778206619707,0.38808026370377435,0.3858356687780522,0.008642505662461275,0.05170274157071564,0.44022426116507596,0.864206739155684,0.8956051282663056,0.8056884625608077,0.8262819418694514,0.6713889325199993,0.8603345188736569,0.19524860898070173,0.3973978095015589,0.23857559442475562,0.12126462908797686,0.1888870692216876,0.1840581422644414,0.8969833173849033,0.7515865544961211,0.8557083845677382,0.25837156845383535,0.34270950179106996,0.0632872464798041,0.8443650481432384,0.7725159607046767,0.8871959455411975,0.8653542469355624,0.857166213042416,0.8593847387561357,0.2280535975312511,0.3545685869712447,0.025773573856996468,0.03276783433041175,0.08277947644389394,0.4374031463383027,0.38966559673619794,0.22750484852393615,0.3539066289468312,0.8636079815285846,0.7140976153495906,0.8830144701269965,0.24560034833756172,0.7099404697958871,0.5564044598198777,0.8020446727073147,0.8622399359520108,0.708211991729242,0.08282447011553318,0.6418221904271828,0.4741404833986668,0.19517331381512903,0.8430137528278081,0.2507928259137375,0.7551594004653288,0.5773115257424664,0.9308289018957177,0
0.11430267323069154,0.06589001975357967,0.24084609467839435,0.13982337769283815,0.331441793827979,0.06919075327521429,0.9816660219719042,0.9848029614363625,0.9395199951697694,0.4343205456564405,0.3040100771833987,0.5904457739509774,0.1412813802855264,0.36002067332877763,0.0920092622563593,0.01842905883319218,0.060132136213800286,0.014689189887980958,0.6043217779743402,0.6121971001647464,0.8676569539593266,0.06540796340856936,0.09248997445705154,0.04754558846665402,0.8990943510062313,0.9810678533993717,0.8399419010141046,0.8318455994156588,0.8158661463414032,0.8597594831153653,0.08705610430588617,0.0934209457748727,0.09060671744044102,0.10620455387008149,0.18127731649125753,0.14912200172911616,0.3466963565309116,0.3369692029309781,0.3743646616194396,0.03923250144911794,0.04304285154628662,0.48200822077924066,0.8956500648493291,0.9747260404241811,0.8513750275560565,0.7986181713740559,0.639009201451771,0.827586124878581,0.31163837604471567,0.2519246294462434,0.5076622408039508,0.13114482531423519,0.19096068590433787,0.17376240648268504,0.821919775728281,0.7164739060098935,0.8109851082427844,0.15642195245919743,0.35751031241071507,0.05463158735836293,0.8663872341095912,0.7874920903414796,0.886456040853485,0.8151649410999646,0.8380829000704861,0.8209556657239223,0.1346287722711953,0.3423414110958727,0.02532936926135604,0.0967204484653158,0.08633426865916832,0.3784033334978726,0.58521851048336,0.32998540481826044,0.39490934041343323,0.8145536491044165,0.7371647448734286,0.8870203866894332,0.5413487607427954,0.728331554628916,0.6003267847372334,0.8727798750577804,0.938510203737553,0.6134824080112768,0.5690909516980711,0.9057963253284562,0.6190544923228496,0.5531414501610343,0.7990425600158133,0.4431592411523657,0.8328651700200616,0.7411286459600879,0.9258753155854804,0
0.1147148337643702,0.05372236470765035,0.21005595346637662,0.15980723023753773,0.32807196101342995,0.06520474477624472,0.9814684945707784,0.9734838410577823,0.9368896707269192,0.42783981671356,0.29614856114432087,0.530309235336667,0.16590719870871729,0.39420711757060767,0.08799481560262379,0.01874254368944267,0.06266029114198868,0.026244396568239126,0.6197300411717865,0.6474102964942965,0.8591944268805396,0.06374213004313178,0.09363336222884744,0.10358042878187623,0.8780885531268211,0.8745722457797966,0.8248812904034347,0.8384746805101617,0.8279311409501076,0.8636253043892356,0.09391833348848344,0.16443479465535393,0.09901692159035624,0.07769481246394827,0.21694485288504647,0.12337003781613398,0.35576996676872286,0.36404100784417004,0.38504797531555424,0.023482527608492454,0.05361953709117806,0.44913287597089857,0.8781817988555146,0.851143790103752,0.840119642347322,0.7827222680121573,0.6184626038021741,0.8206307801494477,0.3315178675508861,0.38771253756844715,0.4908289011194409,0.11313191040897475,0.23702336321418033,0.11270351490751629,0.8183144028282778,0.6935132831080262,0.800677797822084,0.17462865267578975,0.30605522763782345,0.04519330325379778,0.8580635138827193,0.7779104640802392,0.8466648769583407,0.8135169063734711,0.854000471653571,0.8082262997286433,0.16712970798218119,0.3740286472747276,0.025601887710122284,0.08675386088520631,0.08688381672224599,0.3558167693653289,0.5163101743050809,0.21890431746908234,0.39614192417216043,0.8076013469927075,0.6568151878578528,0.9454209805830466,0.43853180264867064,0.7780762533467653,0.5757620882386794,0.8322911244323383,0.9696521335402508,0.5908216742809922,0.46290008004895533,0.9892626654902106,0.6342258059495143,0.4669025987111801,0.8009035515092435,0.4173234233885812,0.8174925495342555,0.6865763330990529,0.9168719195836967,0
0.1487383831073239,0.06784417838534784,0.26476841190588374,0.13236714161034957,0.32790480524869126,0.07307806139796602,0.9958620157709057,0.9814361813212693,0.9396963253401862,0.4613798083419267,0.307509579090147,0.5948095697182936,0.13795082185449692,0.3513412286537232,0.09870014188677767,0.0042104860789674015,0.06008796019284793,0.018401836020631834,0.6132730499243921,0.6374810512499569,0.8634859887580439,0.07839439431354789,0.08636950588671066,0.12645232340279433,0.9245248332267224,0.9760655747479001,0.8237972967205782,0.8232929033479262,0.8047163412480023,0.8420398131105641,0.10597192117914123,0.08070328809397509,0.14535951274591596,0.09002157176880105,0.1886764986220234,0.06406116800825523,0.356515743059465,0.37360785738148605,0.38607777569271207,0.020982100984412,0.039188882336452124,0.45826601964929914,0.9413059607685212,0.9931779689112934,0.8572449309243089,0.7740274215185339,0.6273836159392916,0.8179404897667788,0.3569519022894134,0.31372912640924255,0.48480254192230277,0.11602460344783894,0.20077942794752587,0.028886448516622143,0.7990594587967137,0.6988429685089192,0.8056297627877049,0.10184051534835381,0.2681698205165888,0.03621853242239648,0.8899431780560676,0.790657693654962,0.8776221206503039,0.797551854889371,0.8038727962428749,0.807869281114479,0.10209738844036043,0.2977843748354654,0.03826750024541886,0.08069042599682485,0.04201815350762239,0.28745690162475857,0.6162623951491644,0.24348391727990215,0.4130861258818114,0.773238094342771,0.6240308950400699,0.9174701833351525,0.5818616256318501,0.6549569555682959,0.609128772174198,0.9314614246100117,0.961321194958412,0.7029010843051531,0.6199823630721935,0.8196260752261377,0.559968305973338,0.5900663294441912,0.8137184990946302,0.37776522941544444,0.8238804313314803,0.6866011115781774,0.9501415199733789,0
0.1474056369588448,0.0738972573215535,0.22227807269347943,0.12248988358816026,0.3182211886373356,0.0775838643468636,0.9903120575315386,0.9778528848896821,0.9581653211859578,0.46059160319044956,0.3163417992989763,0.5448778874387159,0.12159959183788827,0.3403807844082678,0.09021749212213326,0.009735646975314538,0.041592886253194294,0.0216904151342161,0.6181013842626393,0.6689984327135554,0.8608217688885926,0.05720080284977591,0.08790227571464948,0.08093794247629393,0.9049195104185668,0.9575306308530654,0.7917708791037587,0.8326904098875461,0.8318018895455941,0.863674337200614,0.06206293131412277,0.08076825697101686,0.04472972499039596,0.07043500975897521,0.1740376086336709,0.14061196293589373,0.3593869288350584,0.3764636239056234,0.38965215973518985,0.0054921668834904125,0.04778971725914438,0.43922920965189194,0.9135188504786749,0.924310936095061,0.8065721632373521,0.7777189747381164,0.6294582886763989,0.8221740744488097,0.30068273921834177,0.32591051323040077,0.2894566840688899,0.09332739142842028,0.18567210851538907,0.12299745530911044,0.8229368073031584,0.7432037647161502,0.8095764533098733,0.11514191763511161,0.2564448588505359,0.03319267863831332,0.8967380090643463,0.7936908852927881,0.8603901411045557,0.8116594707626315,0.829412460720766,0.8193826306939118,0.10553912728830417,0.2763646227419705,0.035667511503995,0.11030988858077895,0.11780621552005605,0.41465698218926117,0.5515393406732543,0.1831070522119882,0.38723653968209665,0.7681774696548036,0.6729308191200225,0.9461373831836787,0.5256402796577373,0.6091060994128092,0.5497814424896355,0.8957637470279431,0.9092614497574889,0.6585615571751424,0.6004616720707943,0.8846737225955419,0.6189370079079397,0.5315338359787467,0.942149109928458,0.32935587394066546,0.8221253638389441,0.7071215011037912,0.8967706401345517,0
0.13999805562386491,0.09173640325186394,0.24995102974544192,0.12395858050077146,0.3046573660772902,0.0605746371694329,0.9864600588916541,0.9847010891518251,0.9608062786039082,0.4553535759702232,0.3313308105822519,0.5688712821087236,0.11962761953754963,0.3462383786164729,0.07093162582452939,0.013625640443013842,0.038664419073389356,0.014876674264283074,0.6217448874293146,0.6453344300633272,0.8590602016706048,0.04351467702105083,0.06324194805495464,0.06982365308428307,0.9008782129551052,0.9198843727300984,0.8020591547416772,0.8438765228994116,0.8241585417765016,0.8689324495315015,0.047008149036864566,0.06800664975564974,0.02164852578550125,0.06731658120301487,0.19571827303099543,0.052536681948818,0.3602088229552636,0.3731446744817428,0.3848840071001618,0.0,0.030012883993322248,0.4368725200624106,0.9071573873055485,0.9247746025776213,0.7928345466619511,0.7820157467947315,0.6323242882009903,0.8225615904329295,0.27457044461367985,0.30840927382714156,0.3356787320874144,0.10072968490801598,0.21655089718552017,0.050639466924378485,0.8529862219299003,0.7356512665941444,0.8228008950895871,0.1421906249264332,0.30400939738693533,0.011189490445232986,0.8803533111781636,0.8091017636168489,0.8446832635403086,0.8328393679490758,0.8298749496147315,0.8230391923067246,0.12243252384090808,0.2750094952099402,0.030355186185013427,0.10433797322512628,0.12009498732702636,0.365947831086742,0.5282947378787308,0.24556314687899317,0.4207889951488282,0.7672601243842712,0.5692374398133895,0.8415146541993416,0.47909566453906804,0.6805118223033979,0.5952744872313922,0.8263428812378728,0.8948319141630003,0.5929053364373271,0.5153434024173591,0.9304146063463978,0.5943754070777998,0.5254377488887383,0.8563317240367212,0.40385923918141886,0.7785606741457713,0.7151004629690112,0.8978858684405062,0
0.15489863705652374,0.08234471533970611,0.2306448681421034,0.13374691440930064,0.39191518717449436,0.06079585265699472,0.9838702110912012,0.9723509099618626,0.943564878387835,0.47409313068193715,0.332576205676125,0.5507407339759238,0.1417643338457628,0.40786569858812305,0.07853623791548925,0.01632838288217825,0.0563750663841594,0.02767337046671625,0.6094811533357296,0.6062595973744807,0.8670454131268135,0.07882379403107631,0.10045671203348094,0.09337662151918646,0.8951665638245687,0.9138267861867193,0.7933141238819305,0.8320809023135407,0.7995778036466974,0.8638661999647795,0.09963283382078014,0.19231504172817182,0.0815499156077153,0.1108000501558124,0.18462251015492084,0.15892076560570323,0.35143768574636614,0.37045713649369594,0.3857775262026131,0.025837960193677567,0.032780156154997186,0.443249571829917,0.886208411220514,0.9201542810875651,0.8036759641375064,0.775559906586319,0.61741373699439,0.8179983061270155,0.36413911011505107,0.33697674619865126,0.41683678746604436,0.1265426739923989,0.20724285027908554,0.1942203787069916,0.8047140750565971,0.7250281309515274,0.8186499023034195,0.12825547976878882,0.37870480383563665,0.01873610282560878,0.9127093391419911,0.8035456766945596,0.869022151168339,0.8043174329016745,0.8155993281636915,0.8251974524493646,0.1306090134405008,0.37771158452529985,0.037548207618991525,0.16659075269138557,0.12323830930278185,0.40612720602663244,0.5062478552154968,0.22553689913685915,0.3186583485345072,0.8386881727817368,0.8018046553999394,0.9733339602658927,0.6180217213910837,0.7475115008821174,0.5521704513043828,0.9029973176585084,0.9249963736228768,0.6032378329301273,0.6287512186450073,0.7004840446306719,0.5955142879738722,0.5181515842637068,0.8963834632884193,0.2909388378225023,0.8112632778912539,0.6552413735625429,0.9070347626495834,0
0.1284514029058066,0.08553454699214802,0.22787513195208975,0.1522053322424326,0.37685221489380694,0.057447748681585864,0.9766000876807741,0.9705470766274675,0.9442622243381777,0.4400884173426758,0.32433914913622397,0.54933894985904,0.15414079846967033,0.39156925157293143,0.07874675603343273,0.02366563657395865,0.05590819559430846,0.028951834399652265,0.6027023029283565,0.6008436122918552,0.855389530433625,0.059626043350641034,0.07060708874695498,0.0865956320885597,0.880658230519334,0.905073307974397,0.8073295812724287,0.8319451459174916,0.7992007437203212,0.860722080383384,0.049575226936087624,0.08182591207226775,0.0,0.0810311095102656,0.1916344167427205,0.10034215524245016,0.3504098356056624,0.35406800202951416,0.381036291426585,0.021366900032480096,0.02734999796218318,0.4497650111044642,0.8634325437281662,0.8948233216069059,0.7983944250886803,0.7750562983424507,0.6292994427653187,0.814878967121702,0.3382689249862807,0.2845682240494938,0.30680174711792674,0.10247393647808414,0.20732275527837746,0.10219804025037937,0.8026555629704553,0.7629016647912699,0.799277473112791,0.1738983231172886,0.3715872039295882,0.03550782706518263,0.9014423809631441,0.8018933194756646,0.9057723122443788,0.7970491688414578,0.8172218033564649,0.7908220178336558,0.16874006859753987,0.35018395788126155,0.04402988309686606,0.15800214176078287,0.10353464993482736,0.42477228211129203,0.4795414867342649,0.32707669414379925,0.3350086085870795,0.8396077025845692,0.8043229783792389,0.8956321562528299,0.48307744993595536,0.6749862014062424,0.5609069112945627,0.8796933322556559,0.9093103086616301,0.6611176064647746,0.5346129187848612,0.9205692024180951,0.6252555001964184,0.47924187766417026,0.939456352372865,0.35885532340798254,0.8013614766552251,0.6637610863324159,0.9033990018057927,0
0.15440254586997337,0.11529134858908874,0.2537207224777003,0.1953657848598267,0.42207789686991704,0.07884260387285402,0.9806020758039988,0.9846965637295114,0.9441865032537996,0.46211587891712336,0.33998638206786547,0.5742110453106362,0.1947578523353135,0.4495352352916653,0.09184025284889019,0.019582219996845562,0.05619361919073329,0.015254456287270957,0.6382948816824565,0.6343067540916452,0.8620093529774382,0.08174513764938096,0.11490693415166797,0.10076745948883703,0.888774565795903,0.9074802975042982,0.8064208654748906,0.8539883312823604,0.8236907167107699,0.8719288139893239,0.10314199888332887,0.17973735376031286,0.11504520741716906,0.07209208202149198,0.1694332565817482,0.013418924603812554,0.3599387412578796,0.3711316347109008,0.3865989054429453,0.01658949747306071,0.03241168559063823,0.4386644331800995,0.8952098209314894,0.9301653307461093,0.8278609799852545,0.774220145101675,0.6164005097260463,0.8184708999830028,0.34445037858149163,0.3416870967303254,0.33887246656105674,0.10616436130752635,0.19050499420545744,0.036243018731365484,0.8349843788691467,0.6996670261610056,0.800450905121153,0.192268681304818,0.39096345633869256,0.0,0.8868781199692461,0.7946334099097658,0.883738563723747,0.819980556322921,0.8277754202372769,0.7901869703478015,0.18333119527416242,0.3750274352455687,0.03444710279865054,0.13164523319513644,0.12279167066672272,0.33757347759186507,0.45885449973421233,0.22813661741272728,0.32709794526597463,0.821580262655484,0.9380296773354013,0.9488520400376935,0.45223393529497313,0.6317027384561502,0.5766844281760993,0.8757284429668024,0.9123435688373647,0.6033391614791885,0.43204036147216796,0.9082435626408891,0.5662714003514191,0.4161407748782109,0.8748040376864665,0.32482516886991897,0.8107682057537793,0.6725257012043198,0.9140342790789155,0
0.08365895054539907,0.15761400897973354,0.06955467360335188,0.853523276631178,0.8630727111591774,0.8653740634132712,0.06306844545922485,0.09412932047934641,0.07063491577393455,0.0705832890927316,0.05185331072747967,0.11844789709276116,0.8600969300854473,0.8504969846486259,0.881903527266896,0.9363960527255977,0.9282076728075263,0.9058761448335899,0.06304258538201069,0.06763749380674922,0.2348789041391124,0.8720625035794876,0.8732508353547335,0.8594299117550306,0.13449842319341054,0.1752011192467353,0.07339663621913572,0.12931793640576417,0.17860148765601824,0.11184882264886875,0.8712682034277446,0.8489148764397054,0.872515043272462,0.6320593271469451,0.6939312021150267,0.5811443218899996,0.002504182286064527,0.0,0.00746239959638606,0.8157017699997278,0.8242761383286741,0.9016023805241931,0.18003912115593768,0.28018763511152756,0.2596743103319369,0.1754293063871779,0.15000988553741035,0.1684589433401502,0.6886875370165306,0.6431631301948322,0.7695965551218613,0.6354006606436969,0.6359232548562253,0.7214238246346399,0.07551290922053555,0.08513957159911589,0.13351541225500152,0.900287447951213,0.9299065123105454,0.9374512932908774,0.1472591664454842,0.2687562203648996,0.07872534374626161,0.03293002997203476,0.0,0.11325088606837497,0.9161499137277642,0.876154862325389,0.943778592250683,0.6720335173279897,0.656323103949281,0.47816580223736393,0.2204778636929281,0.6412925648581069,0.015274518837433707,0.14993329325870963,0.4645986519488998,0.46034450306736263,0.264626192074328,0.48057818746769687,0.06902079038842193,0.26940078238187004,0.8000041345906235,0.03833341316726879,0.24296917634949633,0.8955670353452785,0.026830919606409764,0.23605179181279112,0.7348211818507231,0.016246618239688287,0.08214754145733183,0.40056796124907645,0.09888908224231541,0
0.26972646665865385,0.2604911408737909,0.24009082885072663,0.8623015032216341,0.7287594005136617,0.9143434910749804,0.027103777118231753,0.029218204801842118,0.03535426912240325,0.21792747579765548,0.15607692123302508,0.22315698947825657,0.8597892420131346,0.7377922226230202,0.9190017682440248,0.9719811668113396,0.9621413670491336,0.9705709143744989,0.233393916254391,0.2652179942195714,0.42681556632104045,0.9288605620079515,0.8894187114315626,0.9229482687109369,0.13312867672133843,0.1875154974526161,0.20702637852464134,0.0762179229818003,0.12001628234296535,0.18006336834181236,0.828144843690354,0.8363543861157687,0.8497119939435889,0.6912723794418574,0.8103421462643842,0.7779723230493814,0.2140289173382799,0.20686597365591775,0.23834102927740197,0.9278210202392074,0.9124204523620794,0.9556738985833308,0.21525395043121287,0.2288809930008907,0.3193325958521279,0.08634111000655986,0.07974258254101163,0.1046000416058237,0.772358914102302,0.6817793503672469,0.8505432070537982,0.7213209535200995,0.7936137029329688,0.7366379883406493,0.06661040656405914,0.10706047920803208,0.11457361326838034,0.8825006407036936,0.742600309660616,0.932539165971884,0.0,0.007542993793026143,0.15133819625591016,0.019468252897098193,0.027930663324614358,0.09281632731746958,0.898254924030639,0.7506767507070757,0.939686485297637,0.4840715718410023,0.5661998173671673,0.6657282890415758,0.06463438525594634,0.6739373449236803,0.09126714769207499,0.16600835359182753,0.483346387011081,0.5583596279135731,0.11403927973295169,0.3938746568170215,0.17855654476424204,0.0,0.10301290202191193,0.09664422225771996,0.09677701719925524,0.9058257266821528,0.22096029395940198,0.08540658896892661,0.8154128558241496,0.12938713555009548,0.1691862374400439,0.16514597480882998,0.5181354160849341,0
0.21274241127976756,0.30060181286792087,0.2173086890036675,0.8352159800030794,0.7664231109743012,0.91542520314795,0.05187896327976693,0.05768974844350627,0.04709350890137054,0.174145123404708,0.15800450864552973,0.2460923342214234,0.8404885726961262,0.7699167719517037,0.9202957042676092,0.947421991228443,0.9511601692626717,0.9413743924340707,0.2825876423482807,0.23558624002314943,0.4126929190259083,0.9244247543970214,0.894715079085393,0.921017749109684,0.1892990832205108,0.16687033871247542,0.1128122916792127,0.13809154652951405,0.11392394158232544,0.16424404812264004,0.8459903506171829,0.8473881078292269,0.8391632606744048,0.7527903777286462,0.8046380593292387,0.5433950316425769,0.22262114618968853,0.20493641452398315,0.24251775809612308,0.9358485163874724,0.9170363155605195,0.9523798009508369,0.21828034089310638,0.32494061858364864,0.2534549875171762,0.10655680556485936,0.08801353592933236,0.11334787646546629,0.7658879996998245,0.7037127699951924,0.8554544811179525,0.7479551593558728,0.7605734257312621,0.4979202825158928,0.08677305091473864,0.06365640809049244,0.09427144640778895,0.8354805202764976,0.7962797366583978,0.9105985630357527,0.06389589531388185,0.13476292195997663,0.09434118049812046,0.024151978758418347,0.0340381024732026,0.11562546043446376,0.8678227591740564,0.7929705824727873,0.938070979564162,0.5487721264113016,0.5956566988405857,0.5779236462572757,0.2724449736760155,0.6482331246792743,0.08597247700146039,0.1391432423840424,0.3556256429806206,0.6422881788676201,0.2397983838042761,0.24506768053561778,0.13039139280736423,0.12932394377101497,0.4603706739911262,0.08935560005340304,0.4288966055035175,0.9530205656250885,0.2052995796889142,0.27725230054069283,0.8369292547417331,0.13302549382323112,0.10883190676796284,0.012708359167132421,0.3140029848567807,0
0.284007110167412,0.2765705509134526,0.28015010266092055,0.8598560611188666,0.7625273768944607,0.8878086451618232,0.044930778213844946,0.09489150216197867,0.01772454768116738,0.24242448877558642,0.18401441349924497,0.2498885944726572,0.8606778450433019,0.7576745541322185,0.8866752712736197,0.9541348463390156,0.9806406725865842,0.90483828250111,0.2586132014632381,0.30943183543073216,0.4407420261192432,0.9174137878323911,0.89130485110236,0.9112985025529539,0.10665633604827673,0.12126594645657737,0.12026752474696967,0.11052211842803783,0.37802895961766625,0.20180307219019855,0.8314185189737335,0.8439055849348636,0.8600043455879183,0.6421919730023384,0.7787030707600091,0.5863213074124115,0.21578801937318692,0.21575737453232202,0.23436241590091766,0.9214058526821862,0.9077006189141015,0.9494043616028858,0.16011837271978424,0.1083984451106932,0.2853907388682797,0.15231537863078848,0.5670515199376611,0.1020319706175794,0.7701662027434217,0.780310982040092,0.7509186523166367,0.658531375984002,0.7257304019844072,0.7126758027338072,0.1241192764777872,0.3424596581894579,0.1088647274753225,0.875717674762167,0.7994617702538902,0.9078575199672556,0.09985404734226921,0.1927633661399264,0.25237812645092184,0.06998599860166732,0.26256767745965615,0.1511280323580042,0.8957984080611492,0.7797995550414094,0.9264505683082696,0.6358137179092961,0.8110113170644051,0.6958540427174965,0.10590460109189048,0.5936297999959441,0.10394953129195685,0.1884261146967825,0.4596421144024898,0.5742727298517859,0.11657438023310585,0.33218857289370396,0.1471067081115553,0.13524451067422572,0.7799868565303454,0.12301283107227667,0.09189554022958646,0.9012667507833747,0.20100983594275756,0.08671616264797355,0.8686842789809006,0.08456760961017754,0.09654095329957135,0.24244403042529505,0.44271740966363193,0
0.17484685248523446,0.19910473866279554,0.1848710064623611,0.9318558758949225,0.8801349303255039,0.956871927658268,0.06755915264545553,0.07470570508258573,0.1115805752706911,0.11420993955028358,0.08187733106670114,0.1341951921665574,0.9384693897478509,0.8777452657986466,0.9655388466094956,0.9313539396770345,0.8855084639861112,0.9252736441309419,0.16620726164433552,0.19175087270394142,0.3379901716085947,0.9879470477090431,0.9509275717221817,0.9549533031078816,0.09183307788021777,0.11235773428120102,0.07681539022060158,0.12187268560425335,0.13801531715570348,0.12265278673277191,1.0,0.982967166831477,1.0,0.6922467717388362,0.7739526126098317,0.5524458860259879,0.20054382628372158,0.20473412842173566,0.1816921642881537,0.9908139973396031,0.9712597118610091,0.9822127795357476,0.14771682702791955,0.15803225508597393,0.2387830641955233,0.1199853808165734,0.11690591387358529,0.1467007807587155,0.9986991729364654,0.9824629075349556,0.9953581972820604,0.7351433010058199,0.7232776353101071,0.8483110512161249,0.15060001549503355,0.15652439366500293,0.1718839986711176,0.9393033675905306,0.9270757828995491,0.9779025121879585,0.0931945201401373,0.1831891060200433,0.09793875843168864,0.05750125147353802,0.04953262600572095,0.10597669439569657,0.9472415672615884,0.8712068932631167,0.9739202652037051,0.4716718543110455,0.5786487808017061,0.41147272118594413,0.12141619201734599,0.6238548046602235,0.03115980819421016,0.26958493461854793,0.4419378550192219,0.6263624335178167,0.29591767562492244,0.4904751719486651,0.1251182631696865,0.17682287344120207,0.5933053177250898,0.05106161533810649,0.21018568398141868,0.9235225482258773,0.0741956529433474,0.1424548632108844,0.7688041454331476,0.055127252408572386,0.1936460123620649,0.18387083868316978,0.4871514286146499,0
0.12592420210608735,0.11451594944473964,0.21026938884908253,0.9490869159901076,0.9096463719320809,0.9933489436857226,0.014098242580973364,0.05869130820573054,0.024358218339935678,0.09656115259526876,0.017292355148586847,0.1630970318486673,0.9454168131244498,0.8828988701722205,0.994542753836581,0.9848421760747412,0.9718610836815049,0.9415142856530445,0.0,0.18629388780153322,0.0,0.979429539928625,1.0,0.9589739555771675,0.11078944014109571,0.10626354441038327,0.18937187794132881,0.07735641278227856,0.1188206439309738,0.10665227495280338,0.9713796281976528,0.9716721364728587,0.966830828842288,0.7479595128447711,0.7888626067857105,0.7828588521318076,0.17624987380625878,0.2073258300026879,0.1505040561368105,0.9797344417538509,0.9595393535712109,0.990336622753281,0.14079746155773687,0.12071965551426535,0.24442709600850698,0.10789815012438742,0.11451903232038552,0.1031517051892561,0.9688586645804271,1.0,0.9599331493306771,0.7400777766420037,0.7310800328868912,0.7045556509239947,0.07992336043172932,0.12027501316933709,0.09795862928570576,0.9553925486045162,0.8910416418156779,0.9974766838990738,0.09412741106887568,0.1118387420594868,0.05360473525233078,0.014734370365275806,0.05312583412883298,0.10997350025580932,0.9650589334507136,0.8695294427979634,1.0,0.6377327458104739,0.5604320537996079,0.44592924160167446,0.05267528869159066,0.7109526059593572,0.06310775756546351,0.3746818381530055,0.5859056522296857,0.6659695238755136,0.23065755382519115,0.3826399417778896,0.1516223857478875,0.1347385270281567,0.33953550780295316,0.12013697848569538,0.25492905462488125,0.898043284047441,0.1794974150189207,0.12774404881017398,0.9566153284148378,0.07847696913950566,0.1789057451743985,0.07855983497010932,0.5080701284087268,0
0.20664833196624155,0.24650798231402415,0.14987038670766362,0.9333971486072583,0.8360754566697779,0.9925849449576774,0.08302629356858571,0.11411345133176493,0.12156170547075595,0.132887953295302,0.14660073220679815,0.10774350387493214,0.936872335731691,0.8297386876741282,0.9943375088121507,0.9161674593794684,0.8758045577191335,0.8855779301349751,0.22450854705002543,0.1584203880988273,0.40902319861686176,0.9922723849855366,0.9620698148200546,0.9814090590540481,0.11918289980834817,0.18263947197926625,0.12369878824545111,0.11005528084710758,0.08845078214166668,0.1800184945635418,0.9640471442053951,1.0,0.9547071222896006,0.6196820672763974,0.8075151914896791,0.5102842646671845,0.18863375697973028,0.1927927536904539,0.1881770610620097,0.9955615375864708,0.9742095557808703,0.9960979472663718,0.18751673255655188,0.264479835892734,0.2719616293022513,0.1010802681913503,0.08499707626764641,0.10618797891752041,0.9938261101563199,0.9432186406249805,0.9948637128252038,0.6379635234958569,0.7691838494132207,0.6040785146194743,0.17557218463247937,0.186279498536567,0.16751994982663976,0.9512990193211189,0.8792340203415085,0.996413015686632,0.15166002459505956,0.20648338167614305,0.14630512102205018,0.08800890405278405,0.10535123871251328,0.1712059480402719,0.9471022151904682,0.8434336788701979,0.9904520042287706,0.5793414380311295,0.6695764607203967,0.47675413018132573,0.20590717312194462,0.9598338810488309,0.07453135238164503,0.22321829933624926,0.443693320097692,0.6261241212684779,0.16080454995758386,0.27074758214528494,0.09567282772967733,0.22871295334337116,0.762768171911385,0.07011698302009495,0.22398178209178266,0.8412828477714189,0.1753875907271526,0.16883314250452308,0.9434425973634397,0.09247106589327361,0.12069572671573381,0.25541060613270883,0.5145376653343057,0
0.22309030864004997,0.3324031090067958,0.2360156473610755,0.932548069224433,0.8416491423333621,1.0,0.05265936896485579,0.06208091656227499,0.08610738689258235,0.17368543243795243,0.15851977008024098,0.18330274861917673,0.9372306621663617,0.8631547535967603,1.0000000000000002,0.946498884108826,0.9134564158912275,0.9381611352858858,0.2384983861931489,0.15000868285072277,0.44549077776140256,0.9856133612092561,0.96720702135267,0.9771532773638065,0.1401445665632174,0.21758824411310027,0.11341769031283233,0.1491887449249376,0.10340826175066264,0.23119058123472724,0.9489636358975728,0.9700364494508698,0.9296127629675288,0.6581269417414825,0.767674716438695,0.4502883101488252,0.2103599058321488,0.20673338675882968,0.21588630511623919,0.9967514152906674,1.0,0.9868011565827657,0.17407379020930025,0.25656663494428583,0.20215987984070227,0.1097018159813754,0.09015029564691202,0.11470491426254625,0.9766148384738784,0.9409932781690706,0.984938638561804,0.6489805887203657,0.7766950073477619,0.5547500278774851,0.13698350643953594,0.18895174411899474,0.11160847723088696,0.9632164518226926,0.916535550313669,0.9984449841009269,0.060827935182719006,0.12834511032447177,0.0846229501411021,0.05491942105653469,0.11757233589786131,0.06452485541810171,0.9749493263837323,0.9411767239420543,0.9940685481685518,0.5188747328963663,0.6517632701350269,0.4657808032043077,0.16627319675862107,0.9859576590160781,0.04839250275496876,0.21584649333351713,0.696367797564732,0.4007823130918925,0.07324101246401993,0.32431547479512535,0.03660017315414718,0.1443909638143155,0.4496550143760878,0.038883332626666434,0.28756121194489737,0.8782627130625684,0.28756947922585113,0.2620839582429082,0.9543106561400343,0.1478602615997007,0.011570148879146203,0.0736669806594561,0.4000678712526835,0
0.20808560348790195,0.2802076694614777,0.13399246403977738,0.9118553141429544,0.788867654423268,0.9970406406026089,0.042232201422116034,0.08402975113194244,0.06629255797761824,0.14886464318211123,0.15230769529779664,0.0995200704897159,0.9175492681584831,0.820193926881128,0.9883543053726875,0.9569832210845528,0.9328698705555781,0.916283135301426,0.253345468879556,0.20153142526853474,0.49946896259918305,0.9889832077830683,0.9717230172061209,0.9859257140405324,0.20429438779946013,0.3261384587652005,0.18299313285821905,0.1587502746628342,0.11943030875685134,0.27419947094909924,0.9455533805448129,0.9738648360730133,0.9305830626075062,0.6937647488759773,0.7940953069043123,0.5263486147529106,0.2093750629141078,0.20209997368854982,0.2314049891867116,0.996084431463907,0.9915010559218542,0.9893078919092102,0.23760768458146986,0.46274578276998285,0.2894530975725713,0.11237699404643542,0.1391246671089621,0.13609166161840802,0.980925229139725,0.9156303277340747,0.9880117006817546,0.6897648099765995,0.7621746057556195,0.5690016273638381,0.11689009503766146,0.4062598380405271,0.14526229826916293,0.9461161228657681,0.8535773753462879,0.9961305104477174,0.014294765313433544,0.14413369445746493,0.008764876958712198,0.014179174186641053,0.24015333159749996,0.07830499779742572,0.963569600242252,0.903356913800546,0.9630454134126758,0.46438761682855184,0.5606255427812866,0.4168146498280313,0.14013745346174766,0.9372581980374646,0.06739107088515518,0.13926237783778905,0.08387224281611694,0.46607841792906013,0.12458734415144779,0.3546197496537502,0.10233689203251967,0.088883551252124,0.48213964638810936,0.027977955847596547,0.29154156550128185,0.6962620392501062,0.26099260660482987,0.3050364453308261,0.9716603459513067,0.18852914703304066,0.0,0.0,0.058742834270226085,0
0.2025769521646983,0.2516198871163997,0.13374691701473918,0.7923007751005966,0.683458818140237,0.8367823402038157,0.10373240464650124,0.21209953783705648,0.09486497878239564,0.18153500773259035,0.16219915998997125,0.22849367183595648,0.7992969993266534,0.6985736218838197,0.847391265431573,0.8953226044261042,0.9025049167911318,0.7872328632313865,0.24632148017581512,0.18766838398208074,0.4625151934380194,0.7915836404678616,0.7394419907551506,0.8142985454597462,0.11287421842511647,0.24567328033133773,0.09104832979336175,0.12623940142842205,0.17288528378643875,0.1982669090142558,0.6942224011183606,0.7004127434541463,0.7223177382625794,0.6172073694235934,0.833257039584456,0.6667203107458496,0.22831829592256003,0.22170097425232127,0.23635433746689083,0.698873748221069,0.6707661442924069,0.8428874326656262,0.2018054733280385,0.2661812830522208,0.2655291278524168,0.15963115218648105,0.14929612715929608,0.16753095416571484,0.14318421437435092,0.10342248382594477,0.4052830900832731,0.6776608279849301,0.8019415550810878,0.7759468431215453,0.15858221856703114,0.30135203898747287,0.2512989854211205,0.8618336503377398,0.7525283430426319,0.9223549195863796,0.08814743750417064,0.2632797137865451,0.15030180476240584,0.10564883632818844,0.2543615272083719,0.13976953271746395,0.8673669662797454,0.7420737960420993,0.8934481892084121,0.42765181190134643,0.4471557789567469,0.5179280085948053,0.13734195695619467,0.9501703631734228,0.053445565037387704,0.23462047002259645,0.5277068495307162,0.6622752810705791,0.1635517899526837,0.7228971096297014,0.07563325432161386,0.11135714221153581,0.6605533650697595,0.07737372325884606,0.04052299208081589,1.0,0.10428518124488395,0.05857349414092927,0.5622414891838119,0.039959965635932265,0.22319857481050542,0.253014386798335,0.45124053948143006,0
0.20521390875066015,0.2874502030457142,0.15762727502958018,0.7755343617641541,0.6644982849407499,0.8512215031915873,0.08863557722831406,0.1287078377297533,0.10049386438473495,0.16445512815529062,0.176045569323934,0.19035612138438207,0.7832168280950382,0.6871310114432903,0.8508428431546726,0.9103629957590429,0.8984581452661953,0.8710237437341098,0.26730056820604453,0.20032293280275315,0.5342928771894793,0.7839295871337302,0.7447412522475481,0.8047397703056394,0.12943458313330203,0.2822062631085664,0.11772742561149419,0.15693493119191215,0.12381364963087038,0.260914971961003,0.6893624346828489,0.6950752635777784,0.7212115886106902,0.7010313049327792,0.8293005582575693,0.6935553540483201,0.2340187010410153,0.21397054036368068,0.2547972239227474,0.7006820270092531,0.6836160353731735,0.8417589591877754,0.19220394684208292,0.3782984060531476,0.23200031097654472,0.16900556618542928,0.1456862127232188,0.18363775049715692,0.16061069803792094,0.11833241228054092,0.4206683615234841,0.7473273809289311,0.8420020760779634,0.7718432773382449,0.24603714460813775,0.13066359434076968,0.35858859468139204,0.8275053151726727,0.7052760851429236,0.9109059224378042,0.1187655534464308,0.13795081882710297,0.23229891284733573,0.12612735650481688,0.16535041716465537,0.16479350816980531,0.8450537963093512,0.7462909789396639,0.8982230436213672,0.53079038616721,0.5014356974548253,0.6473598466933775,0.20148781198899934,0.9481730277420883,0.08197934621282472,0.18878731199741505,0.4109969889707017,0.29974579590588857,0.32168927662938795,0.7443985077904545,0.07674822641170725,0.11908178659117707,0.3853562608967973,0.12213309736769307,0.2975901404810286,0.9056632593794696,0.1393643876459002,0.21047016862880197,0.9241286742685979,0.09014032733397795,0.22842342520002168,0.24757382680947604,0.5178220805799638,0
0.041056845201783876,0.15898604529820703,0.04278747894279,0.8396964567745884,0.883168168061877,0.8612501221709676,0.06629288689358392,0.08038980311731214,0.06624100981178005,0.03336608227431581,0.062032207510853254,0.11050173968670851,0.8483995360299112,0.8612793355532311,0.8731988667446002,0.93326257114609,0.9327356374533168,0.9191569244899473,0.05113694288248194,0.0,0.22130599386082062,0.8637135768619641,0.8731376541129805,0.8618312618887569,0.13802035662411494,0.15356823197966307,0.020772843590593282,0.14099778365772142,0.11141020873982166,0.11781085133328217,0.8777103286798491,0.8586315452560775,0.8799863908118635,0.634206918038306,0.7089974144800488,0.5427415272808767,0.0,0.0226943780145894,0.0,0.8221269092065535,0.7949590232452524,0.8935847567348407,0.16752379817704355,0.2665883910008852,0.2558911958719293,0.17218874189582567,0.12256115083781904,0.18063825236511932,0.6946564782160749,0.6753801969940305,0.7287339927669176,0.6314166051179894,0.6578731053610556,0.48825107029003517,0.09568266226365418,0.04260650799043697,0.1592346247015417,0.8875740367717136,0.9568936481011447,0.9624061101654595,0.19119149579807027,0.23627504931168225,0.07666872466328001,0.04851007487941961,0.04259611087099313,0.13086134245758774,0.903204113956573,0.8809430323441878,0.9489727643815582,0.7590189974888019,0.7607965407360351,0.5455876069596178,0.28861603161553284,0.4366604123133575,0.0,0.25350400999401845,0.7523332943020691,0.07874005899234315,0.253549497191923,0.23617079469614044,0.06611561051190418,0.3722087847515163,0.7556284679987195,0.026403461265287698,0.34852608099920745,0.9019824168027029,0.0,0.2933765375373436,0.9860608698341977,0.0,0.04682478413682212,0.4225322284373956,0.4357170489579181,0
0.18834453556359554,0.27318858834002135,0.10941185814446497,0.7696996705423196,0.7011268627763065,0.835316839220253,0.073105612617825,0.17556479784603318,0.06385045584838989,0.1856357197220917,0.16436386268131553,0.19601849298744867,0.7757620279547948,0.7418337632346463,0.8408837272063774,0.926317702553338,0.9330088777681739,0.8239226982960424,0.2852501513123644,0.18773580590794614,0.5176815962499342,0.7889190792551788,0.7589313504322752,0.802625609634005,0.16368328110718167,0.2303959736170009,0.12783741803371373,0.20665502249057388,0.1703427830099351,0.2750046816484525,0.688810667616754,0.7022204069153632,0.6756756320955937,0.6968493389394261,0.8094656850557125,0.7287409068590416,0.25100694013037206,0.23494065508698858,0.270086875467217,0.6972547217099896,0.7052888418296428,0.8348952842675859,0.21796656833432088,0.32049804347826627,0.16761432884513316,0.17369505736907764,0.1383883316470398,0.19086644219525795,0.10100518411929116,0.07156889289454327,0.3674228195957383,0.690769423859068,0.7689230141512149,0.6960947135171389,0.19811303433486227,0.2130113053696605,0.2088296699410095,0.8477714684070313,0.8017603771501352,0.9103223556843298,0.08977964434045116,0.1766582818405364,0.05496194854684422,0.11392246286171281,0.21367968830932504,0.09846177804032608,0.8652433113483116,0.8456225214337718,0.8991690304838558,0.4577261641864562,0.6263500215887898,0.46500932447287413,0.24079896533753864,0.7746763125232521,0.06219811110798566,0.10146439689347098,0.3404318305535501,0.42172229226709146,0.32589317948675744,0.8046329019257081,0.0,0.15367195904046094,0.5056499006932524,0.041180890943151915,0.4039506392012817,0.8239401303920282,0.20265955556075116,0.23617330158683392,0.6046927288192094,0.08312303843996491,0.072881962594741,0.5307320462127798,0.38139858473838717,0
0.21610467896042795,0.278387200337356,0.24577287692271144,0.7353901829048803,0.641363653075061,0.8326385762918118,0.07822295103546917,0.1731510381486398,0.077371185315252,0.19145422077564644,0.1985402077760421,0.2517060724979858,0.7396174667583817,0.6451909360005947,0.8261712554748908,0.9213837968591532,0.9225198473561919,0.8268601879639721,0.29710041666845477,0.2146189321861156,0.5653004853976598,0.7875552497950307,0.7548786902872489,0.7976887541297786,0.2282526167692066,0.3095155623197498,0.15616550964625242,0.2696610235941941,0.17705448046726535,0.36289719997473935,0.710364716610691,0.7214855898075294,0.7187183176205529,0.7176229367003948,0.7799840525265292,0.6512027048563632,0.22220991894298914,0.21547778567526077,0.24137459507849224,0.6884911526885444,0.6696727931482771,0.8353680902588798,0.2674528783083473,0.4104767187041327,0.2232847485369296,0.22725758864735446,0.16745084404427812,0.24052008377517442,0.1190253143486828,0.08617716110511608,0.3741550666964262,0.7176831097187462,0.7657935190137487,0.6281981326242918,0.22675567153273635,0.36640272145526653,0.23771832068904208,0.8025116018619091,0.7338420601702516,0.9079687451588503,0.09842365223335214,0.156733243467493,0.11468305754214758,0.12061803667230553,0.18713567339184856,0.17495038730636114,0.8267476793634265,0.752203543548184,0.8968462235067172,0.4096229881736744,0.43013440586615526,0.36721575930769645,0.3459299132771969,0.8817117321425867,0.07073184653261196,0.013562103708241402,0.16006752546544067,0.4415539952930908,0.4814707261074711,0.6615927286893486,0.06764159328369404,0.1764102847339566,0.4059469608092199,0.04310446260454026,0.4948532582035634,0.7971158403265726,0.22975975106452412,0.34891808821839265,0.7658879388983024,0.15078888072543253,0.06034940029807867,0.13362558394213497,0.4329216616746385,0
0.20475853265260913,0.21821087915557147,0.2340332886410632,0.7675368948037327,0.7250335624569979,0.8355205722143988,0.08320557869255174,0.12971667168932716,0.09331032589664523,0.18635781088738934,0.13964383903025457,0.2398166545596827,0.7701828592481137,0.7105255883424539,0.839186602340334,0.9159725874108271,0.9037524476228168,0.8702115793673141,0.14343484474579782,0.17337274904156086,0.23419731898217022,0.7803089363332951,0.7445656927077842,0.7628141134741626,0.22321168783383555,0.31760341656967706,0.11374074044551885,0.23195763326510255,0.1851284242110316,0.24807658399785748,0.740616743845024,0.7013590915822308,0.7612526741691887,0.7237082358056586,0.8231433979593938,0.7702617409424077,0.17829417576424955,0.1806723787277389,0.17099777581576525,0.6733210871043838,0.6539957430421026,0.8298567700096786,0.2868141467049322,0.43335552210159956,0.2525635179541551,0.2598731981017661,0.22714078327644427,0.28582377609992404,0.10407582188034681,0.06714042160728084,0.2647016126544468,0.7379631548772004,0.7784835857157228,0.8055610137205318,0.2688222684836017,0.2886122635363648,0.3044532951893806,0.8123452856111836,0.7758262313705226,0.8921421538921421,0.14512665069749087,0.15078572662301393,0.18724694293077282,0.15558407145454956,0.18917579602177703,0.18103109529480288,0.8315651779737407,0.753289262901861,0.897581219134383,0.4758818155551266,0.50259270630064,0.550614913097272,0.3704829191318335,1.0,0.04550182649337797,0.1696116621214312,0.4795469641759347,0.5984365856452926,0.4788344569684293,0.6811521916400789,0.11742934589848414,0.19843283428560632,0.42140629176883593,0.10110341544049972,0.4060120665190472,0.8730197296812925,0.08007821778519347,0.27575393702078643,0.9148438382737254,0.011131904144550148,0.22309804932313027,0.29822814715407464,0.600590951611331,0
0.10295172191256396,0.1415563712313168,0.07036238844683051,0.7685452128340104,0.751165351989622,0.8228530603311213,0.0718306129067744,0.09171247679045019,0.07798572153114969,0.10010378216784677,0.06730165188151371,0.15365996590385667,0.7679283269219019,0.7360289625994922,0.8293726992749362,0.9271487736185728,0.9187131453795028,0.9086849608727676,0.10317862890742902,0.18780960558355542,0.059218356050197096,0.7920133297579728,0.77400664168105,0.7670261302364163,0.260782389532129,0.29324324650684425,0.20374742578006722,0.17339992841956042,0.16468688411430055,0.17546982572228464,0.735585064725873,0.7553233873625977,0.7229611110192904,0.7769253928273505,0.7456171955057899,0.9999999999999998,0.16906498153956084,0.16958909625634444,0.12890685805520796,0.6784033231235576,0.6667246127524082,0.8283925826886946,0.3142887782069009,0.3799024993928625,0.3451039056622635,0.25259130759616055,0.19171701625130733,0.26982163469903764,0.12927610632289444,0.14921426160619333,0.35232970227499116,0.7860156166204614,0.7097699943835497,1.0000000000000002,0.20361939512150862,0.32285332007568046,0.18495750809408285,0.8085505756880921,0.8034537961655259,0.8937268598322476,0.15587043342565665,0.1416555488882672,0.21796604636021855,0.12260861863648076,0.20260941274548072,0.102939156992927,0.8245370114542587,0.7803301089613248,0.8853717074077863,0.6035183471665153,0.5646487026776252,0.5520796750464382,0.3801383074856519,0.938584183727313,0.04700357581079105,0.21139980576697415,0.6108278680009889,0.6461030599413559,0.4430927000147451,0.4085079451547551,0.16868087851759367,0.21843848710783975,0.42608922790498927,0.09587513857175067,0.4325121548031641,0.8043304142781267,0.08430568506347719,0.30044253328402415,0.9973885543950622,0.0011407786086065907,0.3144563525477637,0.30395203747025246,0.5922805599174903,0
0.20001912480450823,0.23802748388898198,0.2194695884550506,0.7646221811966067,0.6599430619967486,0.8553647164738774,0.07601162058996092,0.07466494276011243,0.10532627175278986,0.1868945467985399,0.17503642570096378,0.2631102574727522,0.7700823828491932,0.6719962496170768,0.8626972982020915,0.9228209836635861,0.8919519629018146,0.9241740238152716,0.2497645099556407,0.29229864851838494,0.46191839043847405,0.7927263314277586,0.7516420926182681,0.8015537979662177,0.21489292595946924,0.2779515484584848,0.13205397283509324,0.18234558013645663,0.25206971439595116,0.2456389528036209,0.7026104122847334,0.6894234489874886,0.7303558665638459,0.7593259115863725,0.775730826792612,0.7113108503243522,0.23837290379996068,0.23842894189795016,0.25392493147482176,0.6939461507343676,0.6668027983800604,0.8410324787490979,0.26990098601908197,0.3051054461668812,0.28264511457369745,0.19697746558981444,0.5929388880270174,0.18946329768052128,0.10367396409590768,0.030211767963930214,0.34200359658052726,0.7885852001017077,0.821365333994867,0.8658029672464352,0.2666406176539029,0.35423861748451646,0.26060525710529236,0.8104396376966639,0.731623160946119,0.9065457599725504,0.1116107828354641,0.08335502794759586,0.12466632838431668,0.18764481770094754,0.25479586745061766,0.17038563142785312,0.8240765089098465,0.732169771277291,0.8957328331340559,0.5275084207444946,0.5624373641437511,0.5053946410070864,0.3402717863356097,0.9866201179963658,0.07344865508852054,0.18816091745782604,0.39471417327473013,0.6147370428589042,0.4251455480110016,0.4016488827229998,0.16104777188338798,0.14279603856687562,0.2520032017816032,0.08350826553811586,0.43466297486680405,0.8460200971741809,0.11287050523971714,0.28852401559306773,0.8280239200040604,0.09731218160349916,0.21958249656891526,0.35425239283783405,0.5538192392968475,0
0.9641624088360272,0.9321067384668451,0.9209578346306082,0.8255580759926953,0.7913873220573222,0.8226798872860974,0.022958423024502128,0.0,0.023143696295120253,0.9774466027279933,0.9641701105609375,0.9475717336064426,0.8369699029243867,0.7962997369837783,0.8257710411980035,0.9767473105733668,0.9762044080600746,1.0,0.8551679148168492,0.9493402582332648,0.9505807181603381,0.7663268283995532,0.7592998325432081,0.7669557630972981,0.0,0.08036200162541426,0.08104756663776636,0.6621406031756591,0.6966812111392513,0.577795535146621,0.6953918797956691,0.6357524685784712,0.7229655452926762,0.7877592488481394,0.907795010721124,0.6362596306754493,0.8293296167623749,0.8448029975727249,0.8317356943115644,0.6851987566296165,0.6743127774446105,0.8301795302640094,0.0342374137222049,0.16040528912205476,0.13503529613694742,0.8838942829281409,0.7607291946528432,0.873944599851324,0.0699225178401548,0.06220629851753756,0.33650529234465587,0.7945797907324239,0.90372829202602,0.5385851302246742,0.9085397885762769,0.9330257370932702,0.7860465365824594,0.8928212642227481,0.8470889494261278,0.9101091272078241,0.12188908627560113,0.07128271904213257,0.27309557655910877,0.6511513365234014,0.6835898433773013,0.6559946642491552,0.9114552494006898,0.8283318781775773,0.8979762685776618,0.755352999293419,0.7222127904862452,0.827527218126409,0.004962257216353683,0.32081100030198595,0.05488221246340087,0.2992319520414801,0.9739436688114615,0.3696217036765609,0.16459195750920452,0.14492659454649637,0.0484710051636498,0.06984057810530331,0.2602122875527044,0.08428886240434785,0.41792048461416176,0.8840468879799346,0.13593558011666623,0.23062497233530177,0.9652802470554853,0.008134841851279079,0.287440981607642,0.4323262653049502,0.4810058316032648,0
0.9658113162241069,0.9706440759409878,0.8960854409452983,0.8191151978552629,0.8093515429596023,0.8333970687227179,0.004921044193584412,0.004943638379201976,0.030313679294485363,0.9841583324831209,1.0000000000000004,0.9342609461844735,0.8333827716125288,0.8394286874384829,0.8298640434243307,0.9947255277209694,0.9690594249323696,0.9945379685669282,0.8691553555652911,0.9238536769276156,0.8723673555415041,0.7740551405968934,0.7532388484323111,0.7634299689640867,0.019686049431779873,0.0840047496779569,0.058831981398683064,0.6589681784085974,0.6699633385756609,0.5617186832194728,0.6768820456295463,0.6625741051253753,0.6695273104882258,0.7918660485386655,0.8868377000458649,0.5997729977473784,0.8380319197690529,0.846080393914562,0.8253018645616388,0.6844988170428508,0.6643582498729481,0.7967283984333928,0.021681297397108223,0.1818085926045044,0.0,0.8715221807462619,0.7500974846225863,0.8627818341727989,0.07801634186848005,0.025731371552698334,0.36784653380005494,0.7667628041366239,0.8752275515957602,0.41438518699154914,0.8509542826660565,0.9415367136191208,0.6324852177358082,0.9047494884438417,0.8871743436502184,0.9093748610036549,0.12736172067272977,0.09438140982351872,0.0,0.6351912218497884,0.6781510983620267,0.5694163984958651,0.9278781235119007,0.9026477506087174,0.9019030657540337,0.7795024403299393,0.8717916007904682,0.2629002069514823,0.06350363053099684,0.4946765296441402,0.05810715469061668,0.3514241807371148,0.808639022607843,0.37255252684968887,0.09665030741629743,0.19371008744198193,0.022687166711009732,0.09822220660794923,0.3845465713371059,0.0,0.47394831822973993,0.8576131355370595,0.1104342414011506,0.3511751260456728,0.9270915697629398,0.0835698955833816,0.2312143408590539,0.6933150989446633,0.09058289357865079,0
0.7722823988294354,0.8408903873997255,0.8247462163387032,0.6862889317835328,0.7134530019417016,0.7736821021941216,0.036792055254556866,0.053388384816437595,0.04737649527378274,0.7882807843430149,0.96541053875917,0.8630712187753686,0.7070882045589966,0.7194368262588435,0.7874118548336286,0.9631683061257272,0.9502201655382457,0.9472812889922624,0.7310941782261469,0.756563843370484,0.7247771497031035,0.733610119805149,0.7457663141756932,0.755836038844949,0.2572107736642695,0.09514336862988448,0.053819883609046326,0.7617428824242549,0.7101764489693001,0.5889648374545887,0.7412779982354545,0.7097343441726256,0.7524337106362502,0.7760507451205819,0.8107486975479246,0.47360492941417465,0.6263447515005307,0.7015673291945732,0.5771413541375057,0.63320828587457,0.6321811211652646,0.8046229631291206,0.24061729187642855,0.16439682725919055,0.24120543518645754,1.0000000000000002,0.8060430145051307,1.0,0.2605022734492195,0.18490165752413645,0.4142409708952801,0.7465623215992854,0.7904765076992052,0.7315688927543889,0.880531823551074,0.8482549459044142,0.6264500413193212,0.7361925472941556,0.7970661118865081,0.8832614577551485,0.2883295552379558,0.25016908790486425,0.14374607392222527,0.6091382375157359,0.6160484628135854,0.5309390052725342,0.7910116525667976,0.7997398035596863,0.8965549090413172,0.9999999999999999,0.8493239775908652,0.6805046456251992,0.5514415714825835,0.6847076176910081,0.061650008653648655,0.13615066873105786,0.16240735230068282,0.42568190522617566,0.4157822732594072,0.26791319232206057,0.06748379907958074,0.521207623914421,0.8445102217967655,0.08405879474288591,0.6868113516526564,0.8026585290411052,0.11072683153705515,0.5238919786207656,0.9459703255484975,0.006653985616113495,0.13185602106221994,0.5757409928917925,0.3306230325747088,0
0.81920647324971,0.882425807575344,0.7825305387070527,0.7241684469934286,0.7119718922557785,0.7889898835555811,0.05276657328773915,0.062420557887358785,0.05472077201119896,0.8304964622036284,0.9630609811692028,0.8598572380803788,0.7382239955354879,0.723150049757376,0.8054899123016945,0.9472561604524472,0.9441846980525567,0.9385190234683014,0.7898986692758978,0.7856853775873844,0.8773270325135607,0.7653812851165758,0.7522356510622319,0.7627920879875281,0.3515296378421255,0.38250088498921314,0.10630753629689671,0.749107723984304,0.6969118161289036,0.6046582921981246,0.7419948604986661,0.7238192145453848,0.7302937867364436,0.8390638267221522,0.8159108022570151,0.5416096613469343,0.6163390050848023,0.6297229725887283,0.5746458378837334,0.6433208016763663,0.6220373677394448,0.8079686592236786,0.36083318732518865,0.4965072299461155,0.25206178346530994,0.9912263079122325,0.8184539600043732,0.9726998831414262,0.25621738391821935,0.23265546320301667,0.37086334264234466,0.7981111440288042,0.8295768046875193,0.5791896723962205,0.8715183231198078,0.8173494721355525,0.6942104804661196,0.7534054754475589,0.8236082131744789,0.8836830788302639,0.26459965515038397,0.2677868816925177,0.1907351768076868,0.6211724398833283,0.5942594425224992,0.6078410901635989,0.8064019071038586,0.8222802585158255,0.9037785751201364,0.9072658308974166,0.8197828594343053,0.6769480475047419,0.6668980730218093,0.9727816606183355,0.085270151655761,0.0,0.0,0.5080170521558379,0.4525291603272219,0.225292366596467,0.10221967757481676,0.43356351938470716,0.9068288193548488,0.10474821862481298,0.8287775996955333,0.8097081450422081,0.150163718217734,0.6287152198041643,0.8697862536598535,0.10232991644273062,0.22655867045449307,0.30333226075934405,0.49732486942655374,0
0.8450707717329999,0.8538131971788459,0.9023587713914383,0.8154843234070337,0.8272102639120067,0.8624301216478694,0.02934900746173219,0.04839748091528884,0.04575978560937499,0.8536751351648868,0.8519083352930976,0.9372555267594422,0.8289436523391731,0.8361151543384988,0.862178101302346,0.970735126317483,0.9531039141845604,0.9520585570173545,1.0,0.9980418486071629,0.9999999999999998,0.8249307213940225,0.7998499062396305,0.8193192122312962,0.08083919729568989,0.0,0.0,0.6081095519154891,0.6165200553267369,0.5136554737965046,0.6975747577651772,0.7280125733885567,0.7041464890431124,0.9339897617072306,0.9265377227235325,0.7170274295105143,1.0,1.0,1.0,0.8134540628811386,0.7929378415942541,0.8913724996605081,0.0,0.0,0.008794216928690646,0.7373600993029916,0.6468721546826965,0.708731240100549,0.0,0.03644525546543065,0.2518341290450188,0.9141588921503672,0.9172327649129579,0.6328800673027111,0.9005001246785063,1.0,0.7923666348847458,0.8057387866030187,0.8247278107540594,0.914179586848459,0.28868576309140015,0.20776043968416474,0.3599517998225479,0.6666818406571224,0.7159441000507818,0.61094697685225,0.8600020222769078,0.8511805044463776,0.9128720403827899,0.9882626401995598,1.0,1.0,0.27771189060778423,0.23146269224006222,0.10110175029943692,0.5965313468876516,0.9428979044600565,0.6553413726758067,0.2522230662863849,0.12500190135165123,0.0639285904522135,0.4183059953893804,0.7931223673270935,0.19515046619211684,0.7410437451644931,0.8947049112637817,0.13124787120277015,0.5839596354712988,0.9156024565453578,0.21993856614295829,0.25482562009695764,0.6265636404238419,0.15238775449094355,0
0.1975736227331688,0.2559204875923724,0.22409601980474791,0.8985116953924615,0.8707319618492086,0.946688031099566,0.07036979390373055,0.1489346653047942,0.0538175909390638,0.16773119823302274,0.1468935630976067,0.25888796047893026,0.9047461220127149,0.8834757475841841,0.9486535899355844,0.9293883919536177,0.9439869134815574,0.8520848410006563,0.3656530931013462,0.39153388343550777,0.44466165580345707,0.9301755977627755,0.8914122446669772,0.9356192165219754,0.04506295708925101,0.010270421986932232,0.049625723858421567,0.10133260822150847,0.10041793500692964,0.16529283587940946,0.8440004705013511,0.8633890823623824,0.8563259142564714,0.74709152562831,0.8816857858875198,0.6669796306899314,0.42920628930324733,0.48078844374505847,0.42549598077911055,0.9532957614251982,0.9628235658135837,0.9672975856021724,0.018026472769954394,0.0046958085321745086,0.10345068089778842,0.05161849832931642,0.04563135040956423,0.06887922802717594,0.5511267661928159,0.5970734011079841,0.6796012912849161,0.7495837262587713,0.8410367480055704,0.6379213986171768,0.2039313634352009,0.2152142471970353,0.2042080901155119,0.9050509129462322,0.8620976088713164,0.9966585208365326,0.2264724854258049,0.23479430855169348,0.22318556113415622,0.1198985415962992,0.20942416859602186,0.15236908514230496,0.9319778972407649,0.8661499303538107,0.9824624123683308,0.7359281995750413,0.6304302045280901,0.8505775283743062,0.10288674031640355,0.27298708313557984,0.07553285392188934,0.5654155505216476,0.6113104044486297,0.7042461498273996,0.21690080937693157,0.18474346386793528,0.09265158393581702,0.3535266068991696,0.6730986997365456,0.11562270256872687,0.3809603324879469,0.9606772722339922,0.14114170005124443,0.37534522606960974,0.9659093529334193,0.226964181049812,0.15380063391096188,0.2185313033157712,0.495122145196111,0
0.1315376948010072,0.22625745963579558,0.15447926369288556,0.8445185669821309,0.7270597552172811,0.9306757190191632,0.08351095430671274,0.10738485230530076,0.0696737196973034,0.09985328439410956,0.14181221290533363,0.1812480455894523,0.8546436492297071,0.7286761547064677,0.9515105249594444,0.9160929375417237,0.9291707410649966,0.8930067724795709,0.2930014046852971,0.2579047196988098,0.5116425711021202,0.9346450717365054,0.888284648250707,0.9380420200517738,0.26934183112803767,0.17660058332119222,0.1595768189714455,0.15302014690201693,0.09062622254104569,0.2350728197445503,0.8790888545844666,0.8857460194620002,0.8732245270141981,0.8586869039739073,0.8188799447524461,0.6916607344778062,0.2675360185929807,0.28834735422609237,0.28368593165017275,0.9282850603614623,0.908165157989032,0.9508886269865138,0.25302817981633335,0.19819406646627746,0.25827819315084555,0.1060057792564082,0.07687416404315561,0.10064693945620817,0.6726204061015224,0.6441262176132518,0.8032441809613502,0.8527756417253667,0.8421923344573347,0.8716428660238634,0.15405040973052175,0.11166292886064211,0.1648010495516996,0.832883925619127,0.7875694593781011,0.9773682039116518,0.20269295870491777,0.16705514254394144,0.18599923216256076,0.10290072586363097,0.05906389040224247,0.1708334068776658,0.8729775003383171,0.7480997494108399,0.9798135539836588,0.6887078130473299,0.6089614893916415,0.6552605666112045,0.48665256910222143,0.8949267336140414,0.09487787245931627,0.2294156551803299,0.3797127236911386,0.5728098603680755,0.42962671664910035,0.27527556058154135,0.1894934475767741,0.30852835116763133,0.4845631273438702,0.09894475204203856,0.6859404200504251,0.9479554643263128,0.19945379836919086,0.4330098193262468,0.7237870149208838,0.17470610221503194,0.184739030817473,0.1487751652916609,0.4292740210861341,0
0.06685210362382632,0.1669806778554599,0.0009886104286191966,0.850285570327967,0.8904529167653352,0.8732557771381297,0.07390076351937991,0.07229134199555065,0.02210576869057057,0.0,0.0,0.0,0.8621895748404946,0.8897452676113016,0.88899299868389,0.9243235879589808,0.9770199749086401,0.9267314875421689,0.20102780788393027,0.18465681055295224,0.2501691681364877,0.9355212891908717,0.9104922869556047,0.9124017792016472,0.19230946486343747,0.19152983059866854,0.06166504685207086,0.03665801351738418,0.06140738579014826,0.0,0.8788718519366254,0.8853117789529499,0.8337377256289313,0.8115331783488927,0.7798767563654204,0.6255083977686446,0.21591893958360187,0.22294336258429448,0.19646130134773898,0.9698596592069872,0.9476085594963513,0.9704520003687453,0.22587899334224687,0.23035257417245023,0.21943364372161667,0.014334264268934804,0.0,0.013880500535990548,0.8204806512101008,0.7872306229654953,0.9086283454822279,0.8312272377383438,0.7879373239441732,0.8519755904441294,0.11970645567475602,0.0815612522247604,0.08846923387215755,0.8128694907832476,0.868711131554653,0.8698259269520401,0.1129670922062499,0.052253585579066064,0.19426088875619307,0.004977343118379052,0.05243586485177709,0.0482691169259748,0.8404534715148277,0.8594816164736816,0.8650201419541796,0.6697053046202822,0.5837853972527871,0.7389521348130297,0.3944121195870205,0.6529143932668067,0.055651302127275024,0.2815470923150274,0.5467616641517399,0.6018445636930617,0.37781063966004624,0.22855603226008192,0.09794899560095927,0.16933515640117403,0.17228924687081637,0.10619672745077868,0.5389521567825697,0.9154899504706755,0.05289887771379498,0.33352580250672803,0.4962616378350191,0.03949784878418053,0.27308151416539195,0.20757384154706848,0.6312981908301722,0
0.13802234936488178,0.2808528168283768,0.08527246621480611,0.8914486396728454,0.84142124417324,0.8885787008167214,0.032392693150127494,0.09309004886450489,0.0,0.11278952405816378,0.12714712959861618,0.09441049036256954,0.8998122857874997,0.8780808335312149,0.8878686128978786,0.9667452609115925,1.0,0.9060252481639394,0.2039029186010195,0.20809904973351,0.19285262642445877,0.92095620405295,0.8967931767145032,0.8814591169782173,0.05365918533572156,0.2150416312850226,0.04890285799672833,0.038700860761046174,0.019581425021918175,0.0974223954520319,0.8397518563207758,0.8712579598817181,0.8263034647396656,0.6508827577756783,0.7519581918625203,0.5535883419890602,0.21661145449236097,0.2102497116591402,0.21729941580555145,0.9635156361687303,0.955067801079128,0.966942009589542,0.07009483705384906,0.34932172257041616,0.0671314503654995,0.0,0.007042921294027948,0.01454557164188075,0.7881343368496339,0.7702560526768032,0.8341462839266249,0.6300604936543273,0.722719004323868,0.5671958275845936,0.0,0.06008003684297458,0.0,0.9295772348340557,0.9279390981722679,0.8886332183987609,0.08105511501361284,0.1551113264618889,0.07648458293308857,0.0,0.053490130051680795,0.0,0.9358378928111568,0.9228713831292819,0.8879112158020157,0.6478452079687137,0.7379634592823862,0.5841192131898513,0.12489238433554228,0.9805566890947164,0.05250534012681622,0.3931368283332377,0.9884890790796641,0.0,0.024325137341350667,0.277546358433693,0.02587146932506265,0.13624443153867238,0.5989596532173485,0.06199366702595199,0.22220102993001412,0.9480816101791838,0.17339809415659968,0.3003455542020006,0.8550709168402619,0.17483431776103317,0.06654014632537875,0.30793923953486857,0.31267714068065233,0
0.19893037617537335,0.3078791057241457,0.08907448466701195,0.8741758857633095,0.856095328110553,0.9065140871729431,0.06930081363304375,0.1348626132067915,0.06732569763431528,0.13161268005337012,0.1728492640032444,0.1041943713416349,0.8787475890183156,0.8602105489262737,0.9036786993252333,0.9299610630866597,0.930860652120531,0.8644562310054014,0.22791622200025996,0.24088031897495332,0.30505317505217655,0.9302529538711344,0.8970934928502894,0.9213575709034738,0.08444224553236379,0.24110159397721084,0.08104720050614644,0.04441095742903167,0.05947778046312702,0.06789523045366619,0.845036788272612,0.8966646125036419,0.8210085392011939,0.640861715305491,0.792126795263048,0.5640032283296493,0.21415768931196455,0.19899614135695742,0.2108792757096314,0.9691337023426145,0.9418452806240207,0.9813094826099151,0.14019046510874555,0.2725281594032098,0.20301202215918557,0.004625469795829229,0.008450441204596704,0.0,0.8148271381967369,0.7343832098875325,0.8605671782085693,0.6562128175630105,0.7578208833079666,0.5300560485225536,0.05818483279429554,0.0,0.12332416020403669,0.8813500081478157,0.8340711366987499,0.9017070705202015,0.06887709249016527,0.1706594133969267,0.0656442290033632,0.014351608398503135,0.062357118998588756,0.1069338347617208,0.9011349651883196,0.8333768869230149,0.8989436686236572,0.5521018564663343,0.6401502678596733,0.5603339972480087,0.11609399653860963,0.9179012158711402,0.06647768486464069,0.36690570363654285,0.5280807655377853,0.20477871056768138,0.10084672332517197,0.6218290585093529,0.07783546306205627,0.1231073515999479,0.46848832223427195,0.07903118016947008,0.19222631220736242,0.988594258833384,0.1551981222514196,0.16852995526907866,0.8746994673414434,0.07646086088436313,0.08008563268037827,0.21296030170008695,0.33124545353776735,0
0.22395159705086964,0.3116143905677853,0.18831979684890587,0.851654705242145,0.8183238341513388,0.8806433006947572,0.03251164279855001,0.0671870008417288,0.01864663182014825,0.16942129067612743,0.1630325186976629,0.16308778931602852,0.8537315106785552,0.8130996488887519,0.8739471051933483,0.9664151922584439,0.9782508273548708,0.9332674179616867,0.07799930369339503,0.15980381312901626,0.2569796316809525,0.9060609237380817,0.8856454674771133,0.8854237045724336,0.09977259454059406,0.12311127302108744,0.08384200520524743,0.12459313404722105,0.11912847620868794,0.18874348933465213,0.8916579783118301,0.8755516383144393,0.8963025012929942,0.6591916816724241,0.7448376183737698,0.7369005243037433,0.16855064949790632,0.19331343843445437,0.17677773231650518,0.913248387527112,0.9082229654477745,0.9422222442912993,0.15151882095565655,0.16269789591408784,0.26934100946352135,0.12788702252546336,0.10280426732686321,0.16299712692941548,0.8350571252637558,0.7907256783337502,0.8469774750988517,0.6675516968927004,0.690607314735078,0.7441763728571785,0.15411153871078564,0.07888062969693355,0.2393774470914316,0.8588447216426193,0.8441683643755047,0.8894559924146441,0.11614503527165643,0.11691776969890783,0.1868483917677508,0.06643267542035924,0.06843690046031248,0.14865731833704943,0.881757679291324,0.8146960447275589,0.8903206272102271,0.6546099778278414,0.598813836972125,0.6709824423936908,0.1190415792039563,0.8294209374911237,0.04642453685804945,0.3327214242806189,0.49098418246751674,0.527251439074223,0.18931577616816164,0.4098646513028088,0.10857713505386579,0.19284518441082854,0.46214402934786314,0.09374057657902402,0.1294376991386108,0.9487226220623857,0.1415010329582257,0.11701585358653621,0.9269101513637459,0.03699433091104895,0.11639766722877676,0.1646839993714888,0.4279417728818691,0
0.1512911414999243,0.19437824161246375,0.15746008041183357,0.8445093712693454,0.7846403490723886,0.9090233067792153,0.0599022853923169,0.06740593071679024,0.06538950126776477,0.10773933395893476,0.08133248421013084,0.17028178061352328,0.8486893955265118,0.7902810430741174,0.9042281827107972,0.9391918362252398,0.9327789144534919,0.9327172226537392,0.12332264858008335,0.16470812046075034,0.2854770541448961,0.9225335780081076,0.8898203119172132,0.903473161801513,0.16502372601981607,0.17810506498354778,0.058924124523042076,0.11866663444912406,0.09595721300562943,0.16166369642385536,0.9070779263329998,0.9191438439600441,0.8967785810083297,0.739082089389963,0.7568979136471929,0.8268105052093324,0.15361012411102415,0.15098051732967743,0.15095181549422731,0.9177582544754559,0.9032149264680802,0.9475090356679226,0.22225799221420994,0.21835241068865224,0.256021766485408,0.1345918061049589,0.10951046754237748,0.15882263934977825,0.8314896629845876,0.7893113368617719,0.8275818893479894,0.7576537487036458,0.7189479811634524,0.8691624441335706,0.07480004699231912,0.03936248718132562,0.1269722333880161,0.8402641566016243,0.8098953569266198,0.8893917764546839,0.08467869261354577,0.10018108349532634,0.1728743797970007,0.033052398783093295,0.11759426566141062,0.06280272881394366,0.863745425693192,0.7727091536988162,0.8903914334703571,0.5400847163711231,0.5353619901896083,0.4960019299237949,0.2216148917384364,0.8558392953418981,0.058872921305394524,0.213160823054225,0.4000290797481485,0.6128496792030825,0.32902668333182805,0.40486197726552176,0.16583475616755539,0.13522269075569682,0.34304279436590424,0.09113036911702199,0.3463060062957255,0.9854083645049183,0.11028348418233364,0.17611834914802338,0.8529263985283677,0.06192859864587294,0.20609002682807853,0.1898423751937166,0.5208901542192501,0
