valgus_left_mean,valgus_left_max,valgus_left_min,valgus_right_mean,valgus_right_max,valgus_right_min,valgus_asymmetry,torso_angle_mean,torso_angle_max,torso_angle_min,squat_depth_mean,squat_depth_max,squat_depth_min,label
0.5370554602133728,0.5560214801175274,0.534333976582009,0.7460191545706416,0.3390631028519433,0.8237381856053656,0.5182336105618514,0.7056748763311305,0.5361642403635294,0.8859806993978296,0.5341604306770182,0.41654396029620433,0.41150309243665806,0.0
0.5412046933824661,0.5813794464620177,0.5325803461468024,0.7516641384562854,0.2781605928106039,0.8259719318953165,0.4579369752935365,0.6745675416581687,0.542131321811004,0.8909717059726636,0.40510336690736704,0.21731089210276233,0.25215497758952243,0.0
0.522214444241266,0.38261362665918064,0.5453605365758523,0.7542881244123678,0.2777433148145345,0.8312827942100602,0.5206354916136047,0.6874037554878205,0.6031547795866867,0.8883712879336085,0.5109129143932972,0.28045473895781947,0.5251742707470561,0.0
0.5180277238541953,0.5110639775346062,0.5336861676376388,0.7548954444413196,0.31087856097444266,0.8287125577996182,0.4441414329972605,0.6748243432610384,0.4578998173908726,0.8761890598792872,0.6418276945531597,0.40359643214876295,0.08869338897334234,0.0
0.7541942936233328,0.21262839027024683,0.828161494018431,0.5312340119428507,0.6345819008247435,0.5279277796863737,0.5182336105618514,0.7056748763311305,0.5361642403635294,0.8859806993978296,0.5341604306770182,0.41654396029620433,0.41150309243665806,0.0
0.44609625537408926,0.5443254616823356,0.28580118398815396,0.6249216628740273,0.2855052811931529,0.44068047637333346,0.44605159213294604,0.3851391093859098,0.20028009995650464,0.6459743854340274,0.5368512135859245,0.4245944199367009,0.4126975314080906,1.0
0.45997394433350136,0.540994983089341,0.29082224246709537,0.6188475614591806,0.3094318855555027,0.4343059977393347,0.4732270166467087,0.390819058201723,0.2272453788046196,0.6364856446361031,0.43000118856862507,0.6551627596865366,0.355387189574774,1.0
0.4322967021459454,0.620694094453901,0.29308856458922355,0.6159624339749032,0.25322464577353365,0.4377700962697048,0.44493440267161427,0.4457559180814066,0.10731263520808021,0.6746361380872152,0.5129012306069909,0.49661292193724704,0.5955012112711497,1.0
0.4688389333743439,0.45868524947318257,0.28053418123178137,0.6593644991011725,0.3386605779254044,0.4396229409662081,0.39415617296934063,0.4203234551772841,0.21248016238252987,0.6587204725100606,0.4746529144971796,0.426863326301488,0.8655380235001748,1.0
0.6317697732204359,0.1503941568100995,0.44767151298188307,0.44126076543548587,0.6245164877129881,0.2777177690556411,0.44605159213294604,0.3851391093859098,0.20028009995650464,0.6459743854340274,0.5368512135859245,0.4245944199367009,0.4126975314080906,1.0
0.49561472712756904,0.7516441628586588,0.42490203900077655,0.686565949269943,0.8047158797663005,0.6922015221442808,0.4754180908538926,0.6266952841380586,0.7003775421304699,0.8250894980644237,0.5376132500103852,0.4218419512459246,0.4113011245930727,0.0
0.5168044561325096,0.6597636117466674,0.4299506008274077,0.6946536679409521,0.848934591382374,0.6916161905056324,0.514003722185625,0.6306755945522218,0.7348770167376522,0.8401409046923483,0.5430176582705503,0.5023177481463545,0.35804683988995806,0.0
0.47981445358763564,0.6975712859466938,0.4307650435223474,0.6877337512096462,0.9180438294252955,0.6834291556955072,0.5187123537743469,0.6400839618822287,0.579203020808464,0.8335061760000406,0.10183930800229213,0.32008402494173877,0.22526898915116597,0.0
0.5211529654502423,0.791674156764655,0.42789892162648996,0.6700106890386346,0.7531497406830905,0.6879714756632931,0.5174269003003374,0.634588684625645,0.6144077312453629,0.8591146187346788,0.5148465067582594,0.18456797778891276,0.1987683647596172,0.0
0.6940895792863264,0.7537173056200732,0.6975065525312651,0.49024247843106394,0.8029317650738594,0.4177573431022284,0.4754180908538926,0.6266952841380586,0.7003775421304699,0.8250894980644237,0.5376132500103852,0.4218419512459246,0.4113011245930727,0.0
0.937454931548988,0.7513542997690941,0.9057008478076631,0.7357692386249455,0.7938423615346775,0.661058689246093,0.4642875674995351,0.8991168285384283,0.6215512223676036,0.9665897059561088,0.5317686733882946,0.4109675002063156,0.41123775091205594,0.0
0.9353997058708012,0.7010787838356123,0.9005745895188173,0.7273224176465365,0.7638111176652185,0.6529810677348538,0.47389331881781954,0.9287636265055177,0.49014748332432134,0.9832468601485596,0.4492177945345526,0.5313907892785177,0.4953910982175304,0.0
0.9679321397315257,0.7835041650597976,0.9165787711216167,0.7512948598928939,0.7252455570872396,0.6667707982295357,0.5578517839670506,0.8435254499052123,0.6166115630499629,0.9928322147596249,0.5229237562319817,0.46616865688002296,0.39117128363306786,0.0
0.9541184051456475,0.742224937103817,0.9124176929182026,0.7662975748169965,0.8268904789095881,0.668955129273779,0.389464938679908,0.9224353471609152,0.5078307484942357,0.9815286955515712,0.39598093847846094,0.7348081332822938,0.6720775019481102,0.0
0.7438320555105431,0.7410822683612537,0.6665724775517738,0.9272933266603789,0.8026823133686936,0.9018008120033583,0.4642875674995351,0.8991168285384283,0.6215512223676036,0.9665897059561088,0.5317686733882946,0.4109675002063156,0.41123775091205594,0.0
0.7371303519413317,0.7407754958536152,0.5527620978167229,0.9242841284300609,0.7978855707871322,0.8605196214911537,0.4726825961349703,0.40319133069543955,0.7857757357753332,0.380844150005752,0.5343655321855086,0.4198195010646197,0.4107739058824062,0.0
0.7153235869875223,0.6801709461194836,0.5623121101323665,0.9298734764448082,0.7933566409818233,0.8657579212637614,0.4865817185813387,0.32471662373471144,0.7170454125191466,0.3834835617280654,0.45202659646900234,0.49916153903179017,0.47007209471286004,0.0
0.7304621443987225,0.5565028697931229,0.5427431262199756,0.9402118005035129,0.7330296719267793,0.875055317668175,0.41793588279343524,0.43607503203290765,0.8477467441425386,0.36607038559846616,0.5532213375738854,0.4480442400636144,0.41977979542074934,0.0
0.7518741345141557,0.6644042073275962,0.5432066404285139,0.9457114505734072,0.8636122421878998,0.8341450459268973,0.5242478731754152,0.4152196269045323,0.7766286929702702,0.3673303159753918,0.3947603730420257,0.6874445487456842,0.46014460771925736,0.0
0.9344127574710406,0.7457804808865607,0.8646963750700045,0.7291401786159297,0.7935783578450604,0.5464802626883942,0.4726825961349703,0.40319133069543955,0.7857757357753332,0.380844150005752,0.5343655321855086,0.4198195010646197,0.4107739058824062,0.0
0.6058212746674978,0.746090937499611,0.3614229570426541,0.7824208953565157,0.752733009527077,0.5007650071528473,0.44490491527982845,0.41397622545548707,0.685009120729168,0.513436189978697,0.5355064215751758,0.42403467744849743,0.41036906802374135,0.0
0.5940798179913105,0.8170000567841331,0.35834569956959933,0.7665358498234291,0.7849765007885399,0.5105111591823139,0.4802543179244539,0.4744351888418281,0.698626178845041,0.5002908683311882,0.5953538860092114,0.23553529419439867,0.5238609547086848,0.0
0.5258699969995555,0.7862825694146096,0.3618347106761191,0.7779464064155026,0.871513597451635,0.49792667729431667,0.42222971186378155,0.4002594660780723,0.667594486350378,0.5066367245642411,0.5168963359877226,0.4542854193231383,0.32912178923564406,0.0
0.5963832030515546,0.8660475632595599,0.3555251611207105,0.8024682757480628,0.7836703472618378,0.4910905333433752,0.5136952256406025,0.4383367357251453,0.6689825065371195,0.4924073209404065,0.6455873111305462,0.45082274322324817,0.15074598983005227,0.0
0.7909949374277976,0.6933131670237191,0.5073532826628036,0.5992544347916731,0.7981527449610564,0.3538498739678569,0.44490491527982845,0.41397622545548707,0.685009120729168,0.513436189978697,0.5355064215751758,0.42403467744849743,0.41036906802374135,0.0
0.4369957898283614,0.6556945587811533,0.24093116011490417,0.6561607385887109,0.37785863092164895,0.4636944408982758,0.5393765576255103,0.40007408841481595,0.2967263529325095,0.6198241799807733,0.536651121421651,0.42498147252506996,0.4129273067547594,1.0
0.48385988382154554,0.6994654371715114,0.2560118558219758,0.6405791140062598,0.29070862863341596,0.4717653951181408,0.49296601220898034,0.3844681798038767,0.3217728323862925,0.6148896276994451,0.4436720082810975,0.6762704011602918,0.7036511283041139,1.0
0.4634299275494227,0.6622502604036029,0.23334060056951228,0.6723221488754856,0.36156136420702367,0.4473345103054011,0.5690766686055814,0.46876077957537454,0.4264822219940658,0.6050884066540585,0.7231562592296338,0.5024296609989544,0.24441159504199392,1.0
0.4290117924235899,0.7015544510326599,0.2579995054277357,0.6516212813737958,0.3472799861471927,0.4719868882238312,0.5436534483563362,0.4825138110489462,0.26203139164068645,0.6094793572817563,0.4880895005279227,0.4387603878619467,0.46868561357742655,1.0
0.6633511776625798,0.2577088262611209,0.47053120935302933,0.43225894498944806,0.7203590153555659,0.23254494082176796,0.5393765576255103,0.40007408841481595,0.2967263529325095,0.6198241799807733,0.536651121421651,0.42498147252506996,0.4129273067547594,1.0
0.48264665876415913,0.7490587440373186,0.32886399074171896,0.6892482001910167,0.7855852333481597,0.5253530333665792,0.5113876422161505,0.6449380641045943,0.6577731055058393,0.6707373685363036,0.5365099733423533,0.42377771750713067,0.4115201615213279,1.0
0.49223623072763756,0.8282724335028888,0.3204692956889394,0.6922978392220238,0.8289138138647179,0.5269590647194238,0.530919968902167,0.5980856847631024,0.7770906531168738,0.7062677585503576,0.6489370597879377,0.24812432866796988,0.24754573693778079,1.0
0.5208871725519861,0.7645261983803984,0.3365358692193074,0.6730367145856331,0.7997036818359344,0.5205809448128853,0.5150623602207426,0.622696624725827,0.5779620137307138,0.6770655643136203,0.5617410301409309,0.3879546592353693,0.9243340494909995,1.0
0.49825501431144437,0.8141527978632332,0.34157088560841103,0.6706536400792023,0.8632837387728145,0.5430178130020777,0.4810546037135772,0.6789570424948081,0.7699694987716335,0.683838813301241,0.6180645897212997,0.5209374013907363,0.24360452159168466,1.0
0.6968012232519616,0.7314874785181598,0.5317764894076702,0.47741497830452895,0.8007067935035863,0.32107118420519226,0.5113876422161505,0.6449380641045943,0.6577731055058393,0.6707373685363036,0.5365099733423533,0.42377771750713067,0.4115201615213279,1.0
0.5635092166924438,0.7502917644917382,0.32924796015193386,0.7359865417427254,0.8043746843585939,0.5412183843137053,0.4342809951413539,0.7399916959630426,0.8308021918822455,0.6777723495527082,0.5352972141772485,0.42399533636377423,0.41129168530161075,1.0
0.5819553883966546,0.8076874553558486,0.33998540089370327,0.7392370881526,0.7507008430378992,0.5459253661498611,0.435629114860526,0.7270245022010737,0.8658042572544602,0.695817853550273,0.5986059671657097,0.45452922600483636,0.5216250758609773,1.0
0.5545576483541579,0.6967584237235087,0.3302912549611256,0.7420587278154036,0.786464403331447,0.5351511892712606,0.4126432610799329,0.7010727781522368,0.8112553560072673,0.683290809911784,0.6471976605602241,0.5298239723224989,0.7322378109774055,1.0
0.5665320259899986,0.7417886473864659,0.3462542098720173,0.7426896563861725,0.8980004831475785,0.5426560977253774,0.4217216886438116,0.7725847143067286,0.8629520486992934,0.6673429074298627,0.4369330984654469,0.10048725093412975,0.5148280932438165,1.0
0.7440517399119586,0.7533208362715982,0.5475354910816286,0.5574010211745466,0.801767911893382,0.3214577448244533,0.4342809951413539,0.7399916959630426,0.8308021918822455,0.6777723495527082,0.5352972141772485,0.42399533636377423,0.41129168530161075,1.0
0.558074050816419,0.6870770463519502,0.34334617282835916,0.7665295482655083,0.8044854701213282,0.5473367206245825,0.5175834011991736,0.7469630969483374,0.7902360556327022,0.7158081691374696,0.5355692587786309,0.422995641395211,0.4111887140248981,1.0
0.5233649671472933,0.7426125547049782,0.3637306537360298,0.759818107698945,0.8581622343480237,0.5470945902688529,0.524609092530942,0.7854175650094399,0.7861550709031864,0.7431874105118568,0.7381599708767441,0.5174242048737063,0.6248282457732545,1.0
0.5482538762697646,0.6857548984333821,0.33541859391446355,0.7906025569432908,0.8309762627763,0.553930171452133,0.5294075936378512,0.7808498193256623,0.8629865416426661,0.7217439575160174,0.6863638825629185,0.31139922787408586,0.42225893924084096,1.0
0.5014490955712181,0.8072051774126177,0.34304857280610496,0.7820932904202054,0.8601888258589554,0.5516908862439482,0.5374663239958991,0.7539788899508366,0.7316523107739386,0.7061197248902085,0.3562476615528335,0.10848662353947819,0.3453967735511982,1.0
0.7749294473923256,0.7534495694203436,0.5536128147088388,0.5520247701394143,0.7473663002384487,0.33565109897634277,0.5175834011991736,0.7469630969483374,0.7902360556327022,0.7158081691374696,0.5355692587786309,0.422995641395211,0.4111887140248981,1.0
0.43302602163562165,0.5430369279949705,0.2342992664462919,0.6609346471508344,0.36575026378183395,0.4754508945534219,0.5595547241886609,0.4247296359378039,0.3128654244446416,0.6391242906541408,0.5367878442499422,0.4254667751070101,0.4129571815193809,1.0
0.43922235939891774,0.5412470901114954,0.21010950627257058,0.6377976462856978,0.43521593790236857,0.4816568004339376,0.5915129932341922,0.4129985892635606,0.3185955880676321,0.6378438128140267,0.5052165064049655,0.47131628561232947,0.1860608919619216,1.0
0.4134365285942758,0.6394007217128301,0.23168421726165828,0.6669357151352293,0.34679321715776723,0.4823141115778265,0.6130836979005571,0.3797018057230428,0.391084470892773,0.6405476192075008,0.44632358453282145,0.4192734836630391,0.31262317780510296,1.0
0.425450010047705,0.515549094378736,0.2399744158257367,0.6501156968464805,0.425031133062614,0.48947939004743407,0.5886608577379527,0.3967240907000207,0.3539181359449941,0.6194877872526849,0.7095123269710435,0.5552866693103733,0.31934048791634684,1.0
0.668177400385916,0.24363889354053292,0.4822088566643748,0.42833220736224975,0.6234075954909368,0.22586829196586805,0.5595547241886609,0.4247296359378039,0.3128654244446416,0.6391242906541408,0.5367878442499422,0.4254667751070101,0.4129571815193809,1.0
0.4680077158077709,0.7411761565737081,0.2015138971046584,0.676892455215997,0.7418018246846252,0.44864204382123013,0.5163147339450062,0.6636095660087671,0.7117880836810961,0.637668792030804,0.5363133904104721,0.4270043335793224,0.41065483986623735,1.0
0.44703172459937335,0.8117490796030982,0.21586801124170346,0.6885763429954634,0.7114821073887487,0.44679914027923945,0.5463279057886791,0.6294361168734834,0.5292305854476353,0.6221019563758556,0.5686568716394139,0.5675972711611732,0.5773499931196333,1.0
0.43906732267359105,0.667133262888985,0.20463639261099337,0.6722876829681157,0.6848991453812499,0.4544862282678545,0.4809802093493841,0.6902231124875291,0.6538588727323003,0.6494109074949137,0.810696376542539,0.3128207833394587,0.4782947406256653,1.0
0.4769152609891809,0.7912921557752366,0.1915699546022609,0.6789836139791974,0.7319539016762882,0.4357510332442284,0.4476383769044574,0.648433551704521,0.6738986334429065,0.630360974202665,0.7242774704747504,0.5420777567612329,0.31411577056549334,1.0
0.6843100796981632,0.6806111211149943,0.45557971212332476,0.46293471514095375,0.7939231602825512,0.19286167128660797,0.5163147339450062,0.6636095660087671,0.7117880836810961,0.637668792030804,0.5363133904104721,0.4270043335793224,0.41065483986623735,1.0
0.3124328065215711,0.671590770719293,0.25903603159056626,0.45668983244356554,0.2756987729883349,0.3285040703515077,0.3625219600668325,0.3964147964185294,0.5588769270250644,0.5806969312784227,0.537108062178178,0.4226864492303933,0.4115666362414423,0.0
0.28116118938753143,0.6890371597219236,0.2620310709716997,0.4603208414002262,0.2010003414636703,0.3347320665885956,0.4006250750746166,0.358268260451049,0.5439730886097731,0.5783955047209546,0.4384762366364334,0.21124054347414112,0.18772113149557623,0.0
0.2981641889729363,0.79533062142165,0.26931408213784563,0.41400577781576464,0.32977870246439167,0.3284140366177351,0.34288832410415654,0.3727320921813053,0.5472357452400072,0.5786741249299681,0.478193511894372,0.4911566915551637,0.3647424700149272,0.0
0.32575677921824653,0.6392178921935763,0.26897509324869834,0.46753606902650535,0.1883842603494852,0.31021831930929117,0.40600418400364074,0.4261831148803612,0.4945032328682242,0.5912660137521157,0.4793780422459626,0.5550438647481488,0.5950181714152629,0.0
0.4616943994996556,0.1389989860928207,0.33624705245983016,0.30904617039937854,0.7340390502286294,0.25077199262090927,0.3625219600668325,0.3964147964185294,0.5588769270250644,0.5806969312784227,0.537108062178178,0.4226864492303933,0.4115666362414423,0.0
0.48988540077510034,0.6899697300883894,0.3512292696154294,0.253717026652061,0.8045670996880343,0.10923676546961536,0.5555096247457265,0.41006207980067444,0.834720086006346,0.4385458547949783,0.5366250982622974,0.41801522441843747,0.4179655427495546,1.0
0.5070231537279453,0.616421901429117,0.3606211727291954,0.2650138457245039,0.9257173037369952,0.11259162278197266,0.5300624629982089,0.40972255672317015,0.9557592335221479,0.4697594229795494,0.8465521310472713,0.3505878515760239,0.2588659502275459,1.0
0.5115968067605094,0.7479275112320707,0.3565317069276294,0.26297451295972607,0.8969523980974063,0.11349834125908925,0.5453419774395798,0.3705359326755664,0.8426579833348882,0.42273676445555197,0.6286835243945094,0.29106099629151905,0.7098653984042869,1.0
0.5078997753172025,0.6154144302017155,0.34513164370576394,0.2500472136949634,0.9332885292856545,0.12553576826355334,0.5936806649290591,0.34893002822416896,0.7589729742076621,0.4124505740041773,0.2628430487594338,0.43265832733229914,0.6401418880806492,1.0
0.2564973466481466,0.7535444230449748,0.11844954919665951,0.48457525549147684,0.7498556992566048,0.3435873946671864,0.5555096247457265,0.41006207980067444,0.834720086006346,0.4385458547949783,0.5366250982622974,0.41801522441843747,0.4179655427495546,1.0
0.431427340114221,0.7170523824030699,0.524207163953849,0.057107207846748054,0.7757372590030993,0.3077152563862316,0.877374831468907,0.07452966616902135,0.7023281645760502,0.30075735821414984,0.5355398591742034,0.4123595993833891,0.41642277794185256,0.0
0.3890008684743518,0.7217945431427939,0.5290376069698846,0.022030476845319225,0.7684146148981021,0.3014188709234921,0.8933995646362344,0.06495512170934958,0.6552511938699297,0.29141085468320993,0.5151131625315989,0.20370169350465986,0.24598411764463096,0.0
0.46323458248908267,0.7827446697101781,0.5072571030797204,0.0658894544856441,0.7658466062216824,0.3129200941456172,0.9118649542225161,0.05972199688630919,0.7728143922804396,0.31127041540860767,0.5373632421223753,0.5106428237589054,0.4352725290141816,0.0
0.4274805043053518,0.647107005428639,0.5273238304619572,0.050215507800809966,0.8646123024486041,0.30701890377322055,0.9021229343772467,0.09427413211240321,0.7267603246314422,0.30756831645070526,0.0,0.2467551547839743,0.7715223673443755,0.0
0.057733008621697834,0.7200441241113165,0.31559759092757594,0.4267508548552015,0.7731626122218884,0.5177326264878657,0.877374831468907,0.07452966616902135,0.7023281645760502,0.30075735821414984,0.5355398591742034,0.4123595993833891,0.41642277794185256,0.0
0.5715448016547229,0.7508948557478234,0.21360133326401792,0.2272996974503836,0.8019779878154143,0.05247908066382251,0.8041037474964182,0.4299299028278263,0.8022391193344482,0.3800858501561053,0.5364850867045199,0.4218036476153939,0.41785330230514744,1.0
0.5623864350068235,0.7405174702466368,0.22562173646784517,0.23971428883278323,0.6923349725504053,0.05101228701857857,0.7713405310773885,0.4495803736192032,0.8364799652690493,0.3847947645888139,0.7064730176305289,0.5942383784145582,0.5849188675770838,1.0
0.5620078244971025,0.7736233254305844,0.21974506945648503,0.2597258054273657,0.6944468045545484,0.05646484246179695,0.7224308146789215,0.3882461057585891,0.879790615069961,0.39209338972776453,0.537643571735761,0.5474647541888915,0.5537749065363958,1.0
0.5754320862420994,0.8304292059363316,0.22016124166734913,0.2293866209367681,0.8900564888757359,0.06056095772780079,0.8434048086186302,0.45883524582769564,0.8624312991976009,0.3985917627283124,0.34795101147977164,0.2923950015323872,0.22661677656424314,1.0
0.2297905271052345,0.7505358728884417,0.06207232483866293,0.5653495038808263,0.8022869229286513,0.20503067924071733,0.8041037474964182,0.4299299028278263,0.8022391193344482,0.3800858501561053,0.5364850867045199,0.4218036476153939,0.41785330230514744,1.0
0.4241153986553452,0.5159736894157074,0.26288493831509113,0.6789259117675344,0.3538289073754104,0.5151380687897849,0.6217204303474976,0.43168017644339507,0.21935227707588822,0.6939975110924423,0.5363963697991799,0.4240263059121921,0.41246982332296,1.0
0.4147079019797415,0.4901446213570484,0.2675549059086621,0.6599460634529302,0.38352497548922493,0.5099020753585357,0.5985909056730538,0.4439625264825402,0.1419596006049222,0.701203959847639,0.45532297271185407,0.5081800629493716,0.18441965126612836,1.0
0.4143635780489765,0.6552215218667854,0.2661376701898636,0.6690892027165911,0.2548740016846214,0.5283816999381004,0.591451965185287,0.45250647172759084,0.2217457913597478,0.6703229487598521,0.591621683019498,0.32542982659209196,0.360819685523635,1.0
0.3864476116002913,0.4791693210466548,0.2735181961407694,0.6695223962610393,0.3707372995415277,0.49882593362412236,0.597179020897288,0.4741459552061382,0.21005467724687144,0.7003671025828111,0.3909283479505997,0.3091600856786604,0.29559355343883265,1.0
0.6863658195784392,0.2297862674482012,0.5216299982016699,0.41951817167058847,0.6001173896869929,0.2546468736070729,0.6217204303474976,0.43168017644339507,0.21935227707588822,0.6939975110924423,0.5363963697991799,0.4240263059121921,0.41246982332296,1.0
0.4085532684322435,0.726255828242623,0.30981112894121227,0.593771891353124,0.7911775678675017,0.49131659078607254,0.45993468360175993,0.679239082155787,0.7988729225325137,0.7702398066460754,0.5371393218206904,0.42361554595475226,0.41132632353172155,0.0
0.3846956135303281,0.7708202689503416,0.3049727189444184,0.5974809441506359,0.8014348470823904,0.48973988797135787,0.4090330661726039,0.6883513564580896,0.7923055689886542,0.7596060203116262,0.4925341920213941,0.6487924635551687,0.603857805957691,0.0
0.3984316750707837,0.723045067292464,0.296789469978131,0.5841375918222713,0.7532640434753244,0.5118306382503157,0.4850292890346358,0.6058451186210521,0.8543443112962752,0.7533260443327738,0.6668322224007215,0.16183612759173266,0.35270094723445355,0.0
0.41394860919246534,0.6677521248590121,0.30866645491294925,0.5916579242044251,0.8095943401006309,0.4916032286651187,0.41803005711135494,0.7228182051429091,0.7751154183333551,0.7647910110702436,0.5472333677007655,0.7191280024703999,0.6166262976029321,0.0
0.6002786515986904,0.7379857758962949,0.49796820130932545,0.4041247281898892,0.7810829557935133,0.30188974458953116,0.45993468360175993,0.679239082155787,0.7988729225325137,0.7702398066460754,0.5371393218206904,0.42361554595475226,0.41132632353172155,0.0
0.42786998504669116,0.7385007337910814,0.2964138009353932,0.19201882327190356,0.8035201100219105,0.12542802699979172,0.556332943798636,0.2909413954026432,0.8641212611776776,0.33191042016062067,0.5361359145626856,0.4210393725739247,0.41574237566674016,1.0
0.4347619253905557,0.8022619376880069,0.30691854531034596,0.21216350759528568,0.7808968799007161,0.12803506407944382,0.6499830358034083,0.3147889218102229,0.9191835454336008,0.3239282043717928,0.3621973469892099,0.2343196113495647,0.5371922925362025,1.0
0.412155975830681,0.7915611132510669,0.3108263596715038,0.2164508898218207,0.8613854276724151,0.13483729957826157,0.5210327755313243,0.2943638621809015,0.8395425102923912,0.3315352758085679,0.7473807893177895,0.2771359917418736,0.3929844136114637,1.0
0.43799425242935097,0.7708582432062734,0.30445566836925925,0.20805167080084708,0.8070272178631104,0.12233669033096384,0.5293295544892527,0.29694239708921977,0.903494097313958,0.35138541751864727,0.550770731064736,0.7454195660513961,0.5772632553460453,1.0
0.1941230327568264,0.7523278201792518,0.1345322767964397,0.42323205997379665,0.7916207326910634,0.28840200501289753,0.556332943798636,0.2909413954026432,0.8641212611776776,0.33191042016062067,0.5361359145626856,0.4210393725739247,0.41574237566674016,1.0
0.32903249042469396,0.5452610365391664,0.2031333040257659,0.5758453797856169,0.36427032819384486,0.3841314154196234,0.6007824265870935,0.3814714158197354,0.251597502661971,0.6985777076628192,0.5377701810962148,0.4260795921082069,0.4124176675000651,1.0
0.2939153831610941,0.4346172564707782,0.1988688464874449,0.5550173151206819,0.349679389232497,0.3783256202154948,0.5857441371107316,0.4176465310149968,0.2031975864343174,0.7131279295638446,0.6464522304292653,0.19992754811179617,0.23393822381243845,1.0
0.35397867737635336,0.5699409656357926,0.19553508105818457,0.589019331429598,0.3548693025642162,0.368523232410428,0.6065760542076118,0.33466496171457205,0.15647946108045296,0.6973399677196344,0.7111498415426782,0.22329458453562703,0.21523474768316925,1.0
0.3277642009674526,0.48338096106728834,0.19948765826668258,0.5501840241949192,0.39275233627972916,0.38461885479895336,0.5954035321458633,0.32920717312856684,0.34875456773741575,0.6999210907265618,0.4609298178449377,0.4874063192882294,0.5982778434102075,1.0
0.5821556950419411,0.2419192071523213,0.3915015140199813,0.32546592092818916,0.625321629008134,0.19449200673939443,0.6007824265870935,0.3814714158197354,0.251597502661971,0.6985777076628192,0.5377701810962148,0.4260795921082069,0.4124176675000651,1.0
0.9158651447035502,0.7509791249512308,0.8594192771495159,0.7337138937160881,0.7865883280293406,0.6832712061059187,0.419526863422936,0.8919218288265967,0.5519442092474147,0.9540876284257178,0.5316243909620066,0.4109418720062153,0.41084515680938355,0.0
0.8941443355842607,0.6919210095585271,0.8640405394408945,0.7110903069465468,0.770281699720222,0.675090538855377,0.436991453953451,0.874862111580839,0.5156873819947325,0.9471578587734444,0.29589825352126436,0.4508480198469828,0.4245435082768699,0.0
0.9403729512491386,0.5931575686599153,0.86340437589679,0.717447228503941,0.7479172160550416,0.6866457680824067,0.4493855762207679,0.9219477690576268,0.5025820895915238,0.980362795440439,0.6462725504188557,0.30719688710659254,0.00761959483464042,0.0
0.9264267635203769,0.6360683624121712,0.8489026597996185,0.7674386496874166,0.8057446502894265,0.6784812630826094,0.4615730096768815,0.8878300205989653,0.48812819820001785,0.9521816940803209,0.8473806237427843,0.13629986226146312,0.3764686993316804,0.0
0.7417541874126661,0.7326530753747473,0.6886360985547639,0.9059375637409661,0.8023594437056669,0.8552069111924263,0.419526863422936,0.8919218288265967,0.5519442092474147,0.9540876284257178,0.5316243909620066,0.4109418720062153,0.41084515680938355,0.0
0.4637815439616664,0.7005826826764725,0.3613333239330941,0.6096008886982158,0.7997907181253492,0.5703475639368316,0.3699499272936611,0.5712916548811435,0.8610234606644696,0.7722081271441676,0.5379166259824705,0.4228961895982685,0.410250770142159,0.0
0.5002733054553525,0.678962600845221,0.3582106010570271,0.6030078028957497,0.7816193918911054,0.5607297014156782,0.2849567623993738,0.6305057307763589,0.8906230853599713,0.7647108903833488,0.5467135709368071,0.726096537759877,0.27908843100371766,0.0
0.4384541377085345,0.7163155683186364,0.36355457394052687,0.6020918495895846,0.9260481148386059,0.5816161604683436,0.3703916918449491,0.5730223923499933,0.7861703500708543,0.779408024631336,0.6005418700060702,0.45676336910301807,0.5234586120387953,0.0
0.45845388754622807,0.7713668179717015,0.36446180153085567,0.6112797867891349,0.7762345299241229,0.5631831703743115,0.41040618132427475,0.536389767600892,0.8769499844643889,0.7824234777981367,0.6103191310426965,0.3259037067836609,0.32406019269745645,0.0
0.6162811086379039,0.7479942636833652,0.5764694107895332,0.4587543531647924,0.7589890426013071,0.35375963597124555,0.3699499272936611,0.5712916548811435,0.8610234606644696,0.7722081271441676,0.5379166259824705,0.4228961895982685,0.410250770142159,0.0
0.5845679504553498,0.7423523897878948,0.4678200546718346,0.7334005755993624,0.8031999573432209,0.6061639963396668,0.37997460659258797,0.7827379029028556,0.7474595774909982,0.8225851337773034,0.5350885742875203,0.41937484408901105,0.41111867974062144,0.0
0.5085427535104925,0.7007671339876431,0.46845471684952517,0.7459697441663247,0.7526469559186584,0.6019835074695603,0.3420528823950041,0.725391269356785,0.8545993051859746,0.8396907243269298,0.293610076937002,0.6016052263019833,0.21499335835916897,0.0
0.610378738740633,0.6940076438174412,0.4777730089748308,0.7157526400283847,0.7889132075083776,0.6155260202717412,0.37836573214554264,0.7671987320350446,0.7547266008362499,0.8386916034469925,0.7744260736604694,0.42775772784776683,0.28518842765282437,0.0
0.5751054256602761,0.7366390423319018,0.45117438235842516,0.7241182507154376,0.865363359335376,0.6076306454664069,0.3052959365750191,0.831843454210011,0.8327711444876496,0.8169168427600131,0.606614522628967,0.3138924364985685,0.4443373405822059,0.0
0.7414374358463345,0.7519558024994559,0.6120457570092008,0.5782314873965273,0.7949354084490672,0.46096499004986463,0.37997460659258797,0.7827379029028556,0.7474595774909982,0.8225851337773034,0.5350885742875203,0.41937484408901105,0.41111867974062144,0.0
0.290071543625122,0.7403953674903505,0.21283460568853357,0.5234028153098924,0.40562379915850677,0.3123655427466006,0.568537009466394,0.24520729553262566,0.7032883663351797,0.4494783707603547,0.5388469816742635,0.4264316896805674,0.4117257896035468,0.0
0.3264324625172135,0.6284677144622215,0.20971317830059227,0.5003829209720614,0.4170378189882342,0.3163783860090454,0.46829717604007953,0.28424390869415017,0.611508329625007,0.443696181660002,0.6715555065524978,0.3667754545507307,0.2474159087565596,0.0
0.28194302083649303,0.5990135921542592,0.21031559489776847,0.46939830637626523,0.45285976484811563,0.3096280127127155,0.5684575444434491,0.21577738732905605,0.6730227719946686,0.45120841560510283,0.3475854115973358,0.3757669492580733,0.3262786113029503,0.0
0.31787867078914767,0.7981913605295929,0.1987208204283883,0.5160836344868036,0.5103171441718253,0.3070752652069367,0.5474860866204495,0.2449180647122251,0.6843935131586338,0.43937455638504086,0.3776470144669539,0.2622514890401002,0.34902003755379796,0.0
0.529138446586265,0.28997197492167537,0.32021670529710194,0.28692729389476224,0.7932512252372454,0.2042587774212004,0.568537009466394,0.24520729553262566,0.7032883663351797,0.4494783707603547,0.5388469816742635,0.4264316896805674,0.4117257896035468,0.0
0.677160850840592,0.7318216854636432,0.6199552587748449,0.7869001628981183,0.3804568646095525,0.8476065203025691,0.2916387280038874,0.8146425965720212,0.6110123525930433,0.9431087381985741,0.5325605110063724,0.4149295788545331,0.41075839884323767,0.0
0.6864947863770254,0.8102807920824162,0.6341297432601773,0.8119585048227349,0.27615569944706486,0.8555167831365791,0.2911867947178112,0.8132968934490696,0.5368709114404471,0.9284079407160937,0.40427940392902256,0.2938726890193849,0.33955455108883814,0.0
0.7174725730762042,0.6662085902522286,0.6138772939012034,0.8031709564572571,0.30195741654978114,0.8396394631602899,0.31151645054837,0.7765423249236418,0.6405649478963369,0.9368034000889092,0.5420642757003611,0.37272700587530405,0.3453704962549363,0.0
0.6623642841747084,0.654083352403724,0.6042118047155389,0.7863237055078875,0.35529591095322033,0.8579865361759988,0.2918470642768374,0.843781890531246,0.6355505436419655,0.9719419392908357,0.36473019203803053,0.30278458009855846,0.39892501458556734,0.0
0.7955232903511655,0.2607279759746266,0.851869833512551,0.6698207208986577,0.7858728466919462,0.6141268752024964,0.2916387280038874,0.8146425965720212,0.6110123525930433,0.9431087381985741,0.5325605110063724,0.4149295788545331,0.41075839884323767,0.0
0.5167059093679969,0.6904183667804578,0.26608869668159335,0.24140662226747445,0.7929413279481974,0.08775299459381464,0.6455861330979554,0.47597346670746266,0.8516321499667079,0.44250875784444066,0.5349390684838778,0.41949504496980233,0.4162161445828259,0.0
0.5090937527500379,0.6335199042795558,0.2806493992747158,0.26585127839599787,0.8645023405482384,0.08574550478747861,0.650903551659896,0.5056833219981156,0.8913027385078856,0.4353164254394435,0.5416277179137048,0.41307231650626197,0.4499773825882686,0.0
0.5064305261420188,0.6391714909257544,0.26456608856638225,0.24519891315251385,0.7919454583727283,0.06689221287314051,0.5750990167631509,0.4683252836207181,0.824332270513489,0.44120332227808734,0.1405344405321125,0.32382621697936254,0.651302080891737,0.0
0.5365341418836138,0.7538124625202265,0.25196436027223795,0.2605419930808903,0.8018211402646056,0.10028707886069249,0.6231297287612246,0.4923133955123147,0.7318527693023462,0.45827381140939116,0.4342477031076189,0.3192880445684012,0.45506999896636496,0.0
0.24405204054284413,0.7400352665818755,0.0971097892176338,0.5111050414031428,0.7502417890757851,0.25787225246583295,0.6455861330979554,0.47597346670746266,0.8516321499667079,0.44250875784444066,0.5349390684838778,0.41949504496980233,0.4162161445828259,0.0
0.46215973895325346,0.749157122890244,0.4942773436458408,0.07878495270609553,0.799915298147118,0.2428643919038999,0.8976014264773198,0.24249842582624392,0.8505572451785763,0.32644649430495254,0.5370967333531049,0.4146878520276949,0.4184754294570016,0.0
0.4957628852497402,0.8281242117719003,0.49556973030395285,0.08751783463267104,0.8424437997300309,0.2421792639997577,0.8476552608350901,0.25806440469566194,0.7689737955976081,0.3212511194453629,0.4922096010163591,0.3362717282458067,0.505255629503713,0.0
0.48997033372448184,0.8309521618085132,0.49385789856708756,0.07091680621744478,0.7706341395896175,0.24226796683802315,0.900508683673338,0.21824331390067364,0.7496697738882272,0.3181502423271856,0.5119753976526087,0.40637072594352747,0.6606859476154793,0.0
0.4609139862500333,0.9220154599556558,0.4931803668837795,0.08937801602769957,0.8017175733403619,0.24709413978994915,0.9386131351183711,0.2214176020409866,0.7993669978747189,0.3153008212473001,0.5184172328582274,0.34519299582520746,0.4624144133734224,0.0
0.07964830579788362,0.7481390257726197,0.2511814374280011,0.45715012781930175,0.8007914568274028,0.4876008254515311,0.8976014264773198,0.24249842582624392,0.8505572451785763,0.32644649430495254,0.5370967333531049,0.4146878520276949,0.4184754294570016,0.0
0.9343250807201624,0.6908687639271474,0.8298134092712632,0.9691517169437183,0.8026907722696457,0.9550366592348323,0.12436921760152148,0.8211725147243802,0.8296191937093109,0.8224394261415797,0.5320709092538531,0.4141475438299082,0.41035320527124086,0.0
0.8929232327096801,0.6398854603190252,0.8226710440304297,1.0,0.752159936972733,0.9601531533838739,0.06719542624153746,0.7708854329291368,0.8655113399739776,0.8277871289997611,0.43341717782570166,0.44384322975625007,0.4944033781419781,0.0
0.909738540649339,0.6729801290545616,0.8284970648476775,0.9691241165820244,0.8100247482015366,0.9650250364219457,0.08035063035715852,0.8651225331240298,0.7825592931333691,0.8212301785052276,0.5730560484066652,0.7217296226123194,0.4046206788174764,0.0
0.943818307647879,0.627091609954844,0.8295521570793003,0.9844408003437093,0.8979688057325905,0.9658320043233324,0.17808465940446674,0.8082201052394122,0.8318300968987398,0.8059123766071832,0.6265785941358646,0.3805482800535657,0.29859654520398743,0.0
0.9797720207263061,0.7513641290190591,0.9585798423178571,0.9241974020571373,0.7506293939150641,0.8254012487716322,0.12436921760152148,0.8211725147243802,0.8296191937093109,0.8224394261415797,0.5320709092538531,0.4141475438299082,0.41035320527124086,0.0
0.27279313329272714,0.5849497745784173,0.1726932716428194,0.0,0.794570449434369,0.01960547520901268,0.6459056083736654,0.13212638736292615,0.8638277607049627,0.23467606331457858,0.5381895229792921,0.422439268065177,0.4167680467055732,1.0
0.282030609460286,0.5983746990345935,0.16138641740537096,0.0035124757509663596,0.7930878733176314,0.03016826369041259,0.6521714256173108,0.08668941395941498,0.837800414225697,0.2359381399749798,0.3941318917931521,0.4247840677281409,0.5885606999105703,1.0
0.26314393950400516,0.512246206489074,0.16311840764360153,0.00406828316955421,0.758038820420504,0.03846286675049482,0.670367902758169,0.11168984726000009,0.9309010702050475,0.22887267940191713,0.5391999488626765,0.36302471246401186,0.3155564036837207,1.0
0.2837546629708756,0.5755564130181465,0.18474040601000608,0.01898296120468057,0.7941350937528711,0.0239463674284095,0.7421837538487539,0.13669927783120528,0.9436556510269121,0.222526988427443,0.5588578993354058,0.2238286147802415,0.43883421796063915,1.0
0.0,0.7419283071082656,0.02941907908835495,0.26983617403681315,0.6594771449610999,0.16384655047325336,0.6459056083736654,0.13212638736292615,0.8638277607049627,0.23467606331457858,0.5381895229792921,0.422439268065177,0.4167680467055732,1.0
0.5148516374548966,0.7462386764948228,0.28056203637992844,0.733363632753337,0.783483285320326,0.5153296318893241,0.5398194474554129,0.697248014839638,0.7665305623084038,0.759118292015643,0.5358418688865038,0.42449641646689834,0.41115871037863455,1.0
0.5149222394807809,0.8056879767977758,0.28506663470758903,0.7651183618812656,0.8008506998206233,0.5180962337177097,0.47446977158417686,0.6759097684161031,0.7750702259463047,0.7820977840509218,0.5905426799363346,0.5176778887803986,0.37417399063120516,1.0
0.4828460529295904,0.6978497738423428,0.30375305651344936,0.7240592672570991,0.728939604217441,0.5139059962210772,0.5737710245366671,0.7237665987903181,0.7526012879872948,0.7525376142269082,0.3301638313284123,0.5799398031898042,0.6997265880837615,1.0
0.5323027596742813,0.7923789289494607,0.29057777194340556,0.7074945396124557,0.7213802598607586,0.5162350301810683,0.5090627359577544,0.7083423476018069,0.8212681890631544,0.7662295512847366,0.5224545359518613,0.5358779845708243,0.3594789935567082,1.0
0.7414000881676701,0.729045013155794,0.5218202772075595,0.5092708689933927,0.7982798868621881,0.2724432651760172,0.5398194474554129,0.697248014839638,0.7665305623084038,0.759118292015643,0.5358418688865038,0.42449641646689834,0.41115871037863455,1.0
0.37157686764745756,0.580874624728839,0.24941148605671065,0.602450054613584,0.3312193729277464,0.46229965949253476,0.5648852590225606,0.35706287454723373,0.1122160217299708,0.6664252523608358,0.5376707724187553,0.42525770240767446,0.4131806107339963,1.0
0.3916960736821462,0.7305981959048111,0.2533990410359663,0.6086222200355027,0.2766790207069718,0.4471481797404602,0.5432537758056536,0.4144475665070484,0.19185545517691516,0.64945292647306,0.3872424484154632,0.6799964271094987,0.5729366412068754,1.0
0.3772289517652787,0.7575927562658258,0.23848791811756226,0.5893247375700619,0.25629528487947795,0.4500760893240308,0.6561766618627609,0.31345047361254874,0.11898252977257862,0.6412537844280901,0.5987768463569624,0.6173688543916419,0.3850135524574438,1.0
0.37369141770411396,0.5746420035049606,0.25650539929645605,0.6054464974008202,0.24520645307795164,0.4588215620431905,0.6174560424411919,0.356301738787284,0.14688882386186108,0.66615215193856,0.31847755039318865,0.47250195003719536,0.2830226962114848,1.0
0.6090519132100995,0.20351396955293843,0.46914577750338843,0.36754913555313573,0.6559701338397002,0.24108249605504833,0.5648852590225606,0.35706287454723373,0.1122160217299708,0.6664252523608358,0.5376707724187553,0.42525770240767446,0.4131806107339963,1.0
0.6399806941104944,0.7503156331767968,0.5785838127131071,0.46245823983653755,0.2796861448059893,0.5638044042870944,0.4157273210569679,0.6737183337430528,0.7521637922817597,0.8830936222130095,0.5335009026808248,0.41519569099080544,0.4095964380455955,0.0
0.6517436464488693,0.7075182034170524,0.5676565694805016,0.47291279414401943,0.35631828790425857,0.5541311245003844,0.433690291334954,0.6236117776841876,0.7699159057865845,0.8948851487159846,0.4200660789303776,0.4870502094122288,0.4762862981838972,0.0
0.658191789977312,0.7808944868619356,0.5662314970879307,0.45446596562122865,0.26990024657995804,0.5473894140579572,0.3932728198606968,0.6821254435147557,0.7737149105192742,0.8893233427003262,0.6488950856810696,0.35497551026255536,0.3520581222527581,0.0
0.65390142548025,0.7493624625309909,0.576444849540122,0.4438789082611936,0.19409971902917889,0.573688580534816,0.422688177387583,0.6733881036005229,0.7238300880689241,0.8858075847857287,0.4224158830883703,0.25056634134962974,0.16718432110499176,0.0
0.46752601912017067,0.14363231547229383,0.5699701115167453,0.633043580942672,0.8017884529156873,0.5724762348548766,0.4157273210569679,0.6737183337430528,0.7521637922817597,0.8830936222130095,0.5335009026808248,0.41519569099080544,0.4095964380455955,0.0
0.32982882359796184,0.5191624710809695,0.2501834480791923,0.580654231715775,0.3380089768524819,0.4587853206584009,0.6101081072423536,0.3193557165276477,0.058014814395381364,0.6597247050289323,0.5381994849400331,0.42513799457442025,0.41265546959539917,1.0
0.2999243602781969,0.5396139775593642,0.2484018187728922,0.5885336051066972,0.33435933871451873,0.4638500090020044,0.6407141805265214,0.3607207413171425,0.08206357334570491,0.6596437931471306,0.3199573024434048,0.3284422481129382,0.3380726571001108,1.0
0.3352165158512497,0.4106945011260432,0.25353167443819896,0.5911550931263991,0.2909011404183186,0.4737827282954831,0.6538527666568004,0.33704058809408544,0.10332216029108743,0.6779483737703906,0.32776541557301797,0.7639424436417479,0.2697794208965115,1.0
0.33546607945866525,0.4865392485397031,0.238862564141129,0.5488850736266255,0.4480758149496342,0.467329548259993,0.6370089149265741,0.354235720275466,0.14639332503280045,0.661251811894231,0.4912570815801658,0.43593489392949264,0.5402748133146575,1.0
0.5870172440549717,0.2114034949792316,0.4656549961299072,0.32625362219522414,0.6028616060168428,0.24185966764611205,0.6101081072423536,0.3193557165276477,0.058014814395381364,0.6597247050289323,0.5381994849400331,0.42513799457442025,0.41265546959539917,1.0
0.5017784408742205,0.5086617917836467,0.5882832949823016,0.7673463485287066,0.3892793708781106,0.8797580559523341,0.6486208644411575,0.6827545995350217,0.5202259128632782,0.8899875866788662,0.5346702297159495,0.4155956244460786,0.4117901788719027,0.0
0.49705775322670087,0.5475806685222935,0.592132893942585,0.7767546271513561,0.33509512275371023,0.8722908802946769,0.6206730936545967,0.7389899908896016,0.5464261266494788,0.8855245531402811,0.44637577606379264,0.3384158996898891,0.6543682827446953,0.0
0.4588647407877118,0.41250598056714516,0.5947461964856389,0.7626367309565962,0.4774298876900147,0.8890741491995879,0.6007319672087102,0.7061640890587348,0.5204707759635099,0.8921447198726182,0.4216151642832629,0.1748928959136183,0.578861018280284,0.0
0.5211408009089675,0.5227252306106251,0.5839966903124885,0.7588917939352369,0.39086703601831196,0.8718619407383708,0.6514923087773246,0.7058784225254549,0.5713600598773709,0.9061015993172596,0.20627626825462508,0.17386585114599748,0.28377266846470056,0.0
0.7757551984387434,0.27097973562084654,0.8838058496658372,0.4963393801938727,0.5938248833349071,0.5822411738649724,0.6486208644411575,0.6827545995350217,0.5202259128632782,0.8899875866788662,0.5346702297159495,0.4155956244460786,0.4117901788719027,0.0
0.3962911871794246,0.6840093253857056,0.3138168513134128,0.6508427960590897,0.7712587730967773,0.5292325362871397,0.6204205273695227,0.5931543626445617,0.6107175597184629,0.7468834301771956,0.5376708502444546,0.42388172999379037,0.4120635729214986,1.0
0.40986955048841844,0.6800383880904821,0.2969461240742269,0.6153299233847207,0.5756172866311502,0.5340403959872273,0.5949480601676207,0.5757293661994218,0.6424556087494384,0.7519370954270537,0.5975795805913795,0.5376496922732974,0.3016086263586656,1.0
0.3964635796799638,0.7023676376188437,0.3134479339729422,0.648872818556617,0.7729463065866398,0.5412658013612841,0.6612094179582932,0.629297819270338,0.4345438488103177,0.732873773124471,0.3955981608424525,0.5497862437306804,0.30921304582321807,1.0
0.4258772538134723,0.6754062824274047,0.3068796568107625,0.6528033414445105,0.7251218747624879,0.5297350423050176,0.6096926779174595,0.5876266220729311,0.592934588834801,0.7690569643130212,0.5153880505691733,0.3662435161681027,0.38097280857409715,1.0
0.6579749592570812,0.7148401197509866,0.5356299870846513,0.391995562579849,0.7447262668794075,0.30592249949028966,0.6204205273695227,0.5931543626445617,0.6107175597184629,0.7468834301771956,0.5376708502444546,0.42388172999379037,0.4120635729214986,1.0
0.7583967021870701,0.7496862542188705,0.6075285754255437,0.9266125443425675,0.8010411870601235,0.9315902082502001,0.42929715622041886,0.4830853803390758,0.6882744980557209,0.45233426901669893,0.5340217790888144,0.41916151885466885,0.4107190538555601,0.0
0.7757551912566543,0.8747959264790044,0.6149951023988485,0.9312231529972212,0.8914758187496545,0.9191060241549556,0.3918483197602993,0.47806437264845236,0.7889138291289619,0.4548188848612067,0.5387144213673274,0.4321062286774554,0.5239124073994247,0.0
0.7534936016183535,0.627453410646547,0.6054285361824958,0.909440935126649,0.871649567934135,0.9259217977722396,0.486429143457929,0.4830185533923155,0.7178417094545573,0.4611346772726901,0.8077447392303678,0.10568824729267007,0.2546568870282305,0.0
0.767301911430609,0.7221132064922458,0.6067413815069664,0.9160441730193463,0.885360417239438,0.9411451763714638,0.38871878937865334,0.4587527065580952,0.8240008461992954,0.45415064356696266,0.9912353920178046,0.20856368087150517,0.2757689031810374,0.0
0.9367666889802186,0.7494473096290584,0.93529055854805,0.750176010848111,0.8012468190895703,0.6016163306563105,0.42929715622041886,0.4830853803390758,0.6882744980557209,0.45233426901669893,0.5340217790888144,0.41916151885466885,0.4107190538555601,0.0
0.5703071145647396,0.7503098163681088,0.3339799435356116,0.7425318846439151,0.7446914008560324,0.4829084867885947,0.43386617048674603,0.7529107163495103,0.779200617775194,0.7035961678838749,0.5348840227307073,0.42388249010874324,0.4108369960238105,1.0
0.5473759792924993,0.9362688343419983,0.3281779964195815,0.7588195962544217,0.700140496532434,0.4844756988075672,0.4524012629348755,0.750495380927096,0.7227030655454101,0.7101817354915128,0.555712855816248,0.3897978571337445,0.6819174073137299,1.0
0.5717167820051836,0.7547996883202579,0.32795320465334904,0.7328928330520235,0.6855913678003933,0.4668383515812254,0.5014065526590115,0.7397492341883316,0.8791616448810426,0.7101536192468669,0.7577935039250423,0.19647787891004406,0.5642315255760081,1.0
0.5403297729734926,0.7926811238839235,0.32588067876006416,0.7281446712911874,0.6835080925614037,0.4917358852664591,0.42804433011030146,0.7250514497680687,0.7649277408457156,0.7153787904584645,0.601210361091561,1.0,0.3491727370044634,1.0
0.75066880897197,0.6839688110374489,0.48961645886047217,0.56412523278212,0.8017834470598242,0.3262216618930121,0.43386617048674603,0.7529107163495103,0.779200617775194,0.7035961678838749,0.5348840227307073,0.42388249010874324,0.4108369960238105,1.0
0.5474535587527933,0.74437296707009,0.3698933127838427,0.7111412604676333,0.8043197203516659,0.5855211851624931,0.41349285888203036,0.7554776555123013,0.7895446750455708,0.7098177675263431,0.5351232645917656,0.42204651461466136,0.4104786225747287,0.0
0.5532793590828566,0.6646941423132002,0.35235567674322904,0.7273717266481978,0.7569474489858798,0.5827257739601095,0.3794516690586218,0.7276273853404724,0.8020185567472975,0.7114343983858797,0.523710695431394,0.5942015900107779,0.5388973070953885,0.0
0.5513400572318821,0.8393368812935496,0.3769979817226113,0.7358788336180893,0.8595068894447699,0.5816021535681835,0.44183737115252936,0.7186154008236247,0.7753495642955404,0.7043914249688132,0.6421592563091654,0.5341531945726459,0.2898321322554379,0.0
0.5443676907284272,0.7679826944767498,0.3651985156318241,0.6950737217743046,0.9192604647604803,0.5822875874418578,0.43884199667611545,0.7609390675632879,0.8642337200481816,0.7170538228893635,0.63257600317655,0.41278143899879527,0.39056766850116,0.0
0.7189341953471335,0.7532569680496835,0.5915413195731534,0.5415193996037058,0.7966742861006555,0.36237739171684175,0.41349285888203036,0.7554776555123013,0.7895446750455708,0.7098177675263431,0.5351232645917656,0.42204651461466136,0.4104786225747287,0.0
0.3683458634899739,0.7491884726247751,0.2735194138860713,0.5848814221617142,0.7553965179662541,0.3865693353980865,0.5315528215137543,0.5968519310050047,0.5832186624796911,0.7207293827533943,0.5377660396590224,0.424950605694889,0.4121875364400644,1.0
0.3449696272067486,0.7363657599373852,0.27848620579271094,0.6029774730338788,0.663186633691156,0.38234237934562093,0.5937074384592416,0.5806712104995748,0.5765581070032599,0.7150262027535241,0.5457493229994511,0.468358196940026,0.5134218048424081,1.0
0.36338841018085377,0.669478885923219,0.2831655525531283,0.5887307130411581,0.7880668274856628,0.3881549189679981,0.5759881159653897,0.5428382349931606,0.6054835855440377,0.7473543696465828,0.31209385628657227,0.41149243360122956,0.11430069814054516,1.0
0.353301525163666,0.8097477258354964,0.2628379696493998,0.5870575642895028,0.7321965029356328,0.3934467911506478,0.5125833533361441,0.5435325490255218,0.5988826874048208,0.7130663934916666,0.9070639688663227,0.542849096625535,0.35890862311966315,1.0
0.5912907575336184,0.696408166052672,0.3939230920329489,0.3643531540794487,0.8008184359255246,0.2653531157005076,0.5315528215137543,0.5968519310050047,0.5832186624796911,0.7207293827533943,0.5377660396590224,0.424950605694889,0.4121875364400644,1.0
0.5386297490956209,0.6803735461658,0.3969137018254177,0.6684663326614597,0.7985549427946008,0.5927782152225449,0.33476497455958387,0.6115492086008993,0.8613885186242776,0.8310428028780401,0.5371994482158877,0.42220574842546515,0.41063195564187926,0.0
0.520045892395204,0.7598190443581547,0.3854625978377019,0.6279369383175748,0.7088959980521121,0.5785529490770585,0.29097534204308373,0.6020251186385561,0.8727836073137656,0.8271479206737369,0.4197998127025466,0.4902959186471527,0.27882351518953663,0.0
0.5289989958073669,0.5577328925283247,0.40508398023701503,0.6666038659273994,0.8625278605175524,0.6015201679841269,0.3568351756836623,0.6357578915390514,0.8452162786876212,0.8324712027903598,0.5012206954967989,0.5565465938027613,0.4536846509237105,0.0
0.5403324910553788,0.7558922820085385,0.400255936707487,0.6522928174865585,0.7785021495547397,0.587143473814119,0.3450366372024749,0.6816895555351525,0.8249257250679349,0.8478095577169322,0.9053070356888839,0.4644467068233156,0.6263836157311652,0.0
0.6757916207429635,0.7465582917178146,0.598749704010753,0.5327912362163763,0.7415973713467725,0.3895801272543901,0.33476497455958387,0.6115492086008993,0.8613885186242776,0.8310428028780401,0.5371994482158877,0.42220574842546515,0.41063195564187926,0.0
0.5853158278309074,0.5813946268179109,0.519307009953522,0.7828379401323202,0.3049782478037244,0.8140889850604591,0.4929119836585884,0.7180650717990096,0.6825667546632133,0.8874950519864349,0.5338264601585191,0.4174122478243332,0.41112394842214744,0.0
0.5748084093340653,0.7309107506198895,0.5083087208522097,0.7934881085822387,0.29056379464523374,0.8110401522529964,0.4859343219371819,0.7339563097567474,0.6873457456136283,0.9069990417729137,0.44775791641955165,0.4191864966834253,0.4017978279224293,0.0
0.5984633792290586,0.5266168498959818,0.5060367330338993,0.7605504947984629,0.23582325380259483,0.8274720841913603,0.5313061944293156,0.7114576688285403,0.6706519620624842,0.898611866718418,0.4392365734668204,0.3055945394551164,0.33792927125736366,0.0
0.5691426407410942,0.6156079741108176,0.53563671054715,0.7543677330269869,0.2541770224138329,0.8240176122907468,0.5020286873097862,0.6939436091909235,0.6527884279181393,0.8999780053189366,0.4206391230113833,0.25915755765261816,0.7223612279509566,0.0
0.7914165523262491,0.17302176026127647,0.8185769743915845,0.5789712581056841,0.6564176396190788,0.5127994039069821,0.4929119836585884,0.7180650717990096,0.6825667546632133,0.8874950519864349,0.5338264601585191,0.4174122478243332,0.41112394842214744,0.0
0.3399781188575681,0.7340665650955742,0.29770244744413793,0.33960794710375186,0.7952080171186182,0.21960863393891678,0.027801200336108462,0.39413915463401583,0.8624087875288389,0.3647520033273439,0.5365765867883608,0.4167945619787085,0.4174581408801659,0.0
0.3290581831307424,0.7448150946366674,0.2957977251560943,0.32391958027045487,0.7378518595010117,0.21971817371466912,0.010609460490803902,0.42004488322549083,0.8609330782016897,0.34921122666223114,0.5552721491256949,0.4461887121774187,0.5540504786388198,0.0
0.3234489147925528,0.6995878773944888,0.2882031127479265,0.3253671641618774,0.7961826414112831,0.21839620205581572,0.015899789783646166,0.39687741352350603,1.0,0.375840338151586,0.7525349062098654,0.6359026856243338,0.12957781281290365,0.0
0.3216516285702635,0.6512296942702953,0.31363445149593555,0.3519576103511577,0.8720678910401709,0.2248440865430686,0.049794354931657736,0.37501342434630924,0.9432824365877472,0.356853296794575,0.6934443759940313,0.5115092518100184,0.3192270351071802,0.0
0.34332948987374934,0.742669161289399,0.22808156841654864,0.33629290349591345,0.787804755486956,0.2896993479240167,0.027801200336108462,0.39413915463401583,0.8624087875288389,0.3647520033273439,0.5365765867883608,0.4167945619787085,0.4174581408801659,0.0
0.40172747273706966,0.4935288125788855,0.20562402325588253,0.6299412941885238,0.33986224182453384,0.4058343301051866,0.5594757180161832,0.431416831807244,0.07288761638373487,0.6989163461390469,0.5367727285128011,0.42638854802107984,0.4130062338723358,1.0
0.36813396456777925,0.45115012669938714,0.1981937451237632,0.6654648182403204,0.37681717912648516,0.3955543943075482,0.5890509938041738,0.4163691983391944,0.05409925197092491,0.7134448298875873,0.7217214188799642,0.6184779822176556,0.02201948969370643,1.0
0.415238101246858,0.5181884800033387,0.21527299721336918,0.6430046889423044,0.2311113034173662,0.4061810045468523,0.6371088055372358,0.41672367807059274,0.07220197319869825,0.6978633360626325,0.664649261787096,0.4691236443424104,0.5555509556666571,1.0
0.3890518627758679,0.38787659313840095,0.20850888053446653,0.6157272048485507,0.3642456924309787,0.4055618626379272,0.5652925346834412,0.3762102404415142,0.1827729315330302,0.6953693155205669,0.6977660179443966,0.49511791191672694,0.3366557493163568,1.0
0.6368444114120853,0.21355699042325682,0.41305894883496813,0.39737292115973855,0.5808016747830766,0.19699953453297642,0.5594757180161832,0.431416831807244,0.07288761638373487,0.6989163461390469,0.5367727285128011,0.42638854802107984,0.4130062338723358,1.0
0.9284727359662672,0.7484253729517132,0.8290955323450904,0.9845522611129938,0.802091096928411,0.987797480247133,0.17351088862520803,0.832840386254845,0.7338899170459303,0.8540436790615538,0.5324635118946774,0.4144398183011126,0.4117941999791339,0.0
0.9284588467199208,0.7655111944202169,0.8300312839000661,0.9992657670301659,0.820459275096761,0.9895962810580272,0.13909001206333219,0.8786377404143471,0.7243139759259094,0.8396522619269289,0.5776283109705203,0.6217947881116723,0.3105193215236308,0.0
0.9450551174240314,0.7532748727557124,0.8242088688897078,0.9659794399183976,0.7788160748873789,0.986192998999406,0.1826070762154758,0.8206293266585902,0.7604102339803198,0.8331798489783828,0.6428242748615167,0.31840008532241637,0.37019045307213616,0.0
0.9339997885239759,0.6920697714294892,0.8479597142716826,0.9861963242806717,0.8260057298532342,0.9890869633288424,0.18971597480445804,0.8315008622890723,0.7400759112772768,0.8701192863046086,0.395829305935704,0.28209034835356006,0.33767626727655586,0.0
0.9953413294498152,0.7506673057721311,0.9911210596469708,0.9184084941822426,0.8001617241139485,0.8246785272689501,0.17351088862520803,0.832840386254845,0.7338899170459303,0.8540436790615538,0.5324635118946774,0.4144398183011126,0.4117941999791339,0.0
0.2609808942428562,0.7522183487372924,0.22324146361017533,0.4993820015430619,0.38966388547772013,0.3281201628466583,0.5795634555125037,0.1628490117746173,0.7340153876419446,0.36891651216473376,0.5393705703883024,0.42524941304595865,0.41238533882897943,0.0
0.27577776162463197,0.84261250218408,0.22045858202172058,0.5044061172028695,0.46803827324626646,0.3394729180895642,0.6834165757371001,0.15924292879915392,0.790427123653215,0.3525920097092903,0.7464601528995154,0.6235197314413466,0.19559396811197186,0.0
0.24997905003435683,0.7274690278145037,0.2243539555605935,0.4789326652351922,0.47690922079642917,0.32398217239298027,0.5511680047810151,0.12815180223792133,0.706139101733946,0.35221455982744554,0.5003451132362484,0.6266462831743759,0.4135933824230088,0.0
0.25124025335089684,0.7819434990167373,0.22674778444255,0.5160468831474994,0.41014213559064494,0.325942701260367,0.669430808455975,0.13710135678104063,0.7236983558091392,0.4039476005709888,0.51455263385309,0.3597418560998083,0.40679536405884564,0.0
0.5048544043332766,0.2714265419064592,0.3358657183795612,0.25815197453533534,0.803425900587019,0.2147358657926401,0.5795634555125037,0.1628490117746173,0.7340153876419446,0.36891651216473376,0.5393705703883024,0.42524941304595865,0.41238533882897943,0.0
0.937010652564251,0.7521011698933275,0.8889121092217562,0.8106900691217667,0.8022158461191093,0.6675453703657452,0.28951519712181323,0.8720887791264493,0.5897713730991452,0.9311570954385087,0.5310793102802133,0.41171137540594144,0.41108618094576826,0.0
0.9445161998349465,0.6812275324671813,0.8971338129910691,0.8153027289777031,0.8335695466367703,0.6583928212964016,0.2666354509522197,0.8948297190001542,0.45762535701014784,0.9096764061592533,0.6251016390620004,0.060266657682527536,0.0810966293352704,0.0
0.9446793974801966,0.7540521781479441,0.8743345756835175,0.783750905340268,0.8486721916300759,0.6734936723365426,0.30091133182625845,0.8417260807096891,0.5742369242673089,0.9424896714881947,0.5084911959223632,0.7213447095977387,0.12838477358417721,0.0
0.9165369389890166,0.7967705984625848,0.87309529013056,0.8134642891374391,0.8558680792390163,0.6497218380904994,0.28579178741094674,0.8547155311724177,0.6154102742438976,0.9265414552176721,0.28725615699285684,0.41822113218176227,0.4049481242171161,0.0
0.8195738946952811,0.7508122644358224,0.6730156768836835,0.9268538634671546,0.8033250582808105,0.884898774987579,0.28951519712181323,0.8720887791264493,0.5897713730991452,0.9311570954385087,0.5310793102802133,0.41171137540594144,0.41108618094576826,0.0
0.5785415464678985,0.7475494292453586,0.49072744328494794,0.2995321450797328,0.7906935639558856,0.2818370635214778,0.6526360065205661,0.24767773470617716,0.8570305398972575,0.3219098393768094,0.5364030173404449,0.41689172315896866,0.4176429262232364,0.0
0.5805295785539206,0.6146579433502897,0.49700137649650594,0.3240576099121726,0.745969999660705,0.2953999795695726,0.64433247502039,0.3042816705398286,0.9039335522202325,0.31331031726382697,0.49105201162757944,0.37277570871280286,0.2244765752135729,0.0
0.5891999438680084,0.6738817475223513,0.5005499836071319,0.34969149709214564,0.8076120316206268,0.28625993055047655,0.6348455000583135,0.2602544931917379,0.9846593997646771,0.3253114900561884,0.550157958538095,0.3437608347268022,0.18310580447804514,0.0
0.5960378066445546,0.789913480100731,0.47907076455021486,0.31105508270150173,0.7313776306030064,0.28098356195185087,0.558335485400386,0.23068544387968526,0.7613701546889367,0.3283556601046922,0.6266896048639352,0.40558956954786196,0.41373603836045475,0.0
0.30281452318192326,0.7374233629471085,0.2898928658298598,0.5722704070146793,0.7994079004673829,0.4840269686668108,0.6526360065205661,0.24767773470617716,0.8570305398972575,0.3219098393768094,0.5364030173404449,0.41689172315896866,0.4176429262232364,0.0
0.3897496256835691,0.5222121217988303,0.20916003595037164,0.6387344265813897,0.4012991100063559,0.4226107288469006,0.6073457782786827,0.3976587666546605,0.20366526128268347,0.6555650618277138,0.5371731038392512,0.42579700396673986,0.41251956132625045,1.0
0.3993863002418556,0.5028519817916717,0.2251570550437096,0.6451953046786079,0.43287036694517766,0.4148080643458864,0.5636261362501432,0.42164720091880525,0.182834859922421,0.6503656721343196,0.4620000802007781,0.05667672577195376,0.6781249014355852,1.0
0.38751303673971016,0.5718329303069929,0.213180606490519,0.6581679399307694,0.4137445887562965,0.41935534899396004,0.6319793176841658,0.373985356118534,0.1751785912551984,0.6633478340489409,0.5342176544806756,0.6911390425374132,0.32490891578322767,1.0
0.400698368202844,0.4878987849971921,0.20547261608366768,0.644800298039331,0.3759010139851373,0.41784479400905267,0.6767330950628301,0.384242733042079,0.04576320553374735,0.6591855282068904,0.47976334678590693,0.5130998203181852,0.4422988755163168,1.0
0.6457339020279003,0.2849466825180329,0.4297228913304572,0.3855249087735668,0.6054860883987683,0.20055940993068438,0.6073457782786827,0.3976587666546605,0.20366526128268347,0.6555650618277138,0.5371731038392512,0.42579700396673986,0.41251956132625045,1.0
0.9427254518683394,0.7467605740506809,0.8439223319760687,0.7921998200247926,0.8030305661762682,0.6423766245879077,0.34550684786699565,0.9367353531402616,0.5914995448686362,0.984560872062042,0.530374448733291,0.4101158324889131,0.41040185551347264,0.0
0.9723633066435782,0.7864864729655832,0.830837943670145,0.7862377346872584,0.7861548412996662,0.6497245048399103,0.36198496779168543,0.9672690660343379,0.6643565896983556,0.9673791723625331,0.26937652655719607,0.5799362773609826,0.3074531723595755,0.0
0.9416173667309997,0.7509905141106987,0.8359986388225555,0.7726672291565708,0.8744344558823371,0.6418734798439427,0.3602576595468961,1.0,0.6909425568976708,0.9796867809051915,0.31956139495712604,0.618822219661737,0.5504242749872955,0.0
0.932439559702257,0.9401415351789097,0.8364602401580536,0.8061313843071551,0.8335429629006779,0.6406406594504375,0.31448148343002463,0.879271330357108,0.5304835607528293,0.9999999999999998,0.7293131076364788,0.48879880483947635,0.1538226607805373,0.0
0.8008810229758709,0.7517589698221041,0.6480156432779838,0.9325067168252659,0.798729023851056,0.839605385228291,0.34550684786699565,0.9367353531402616,0.5914995448686362,0.984560872062042,0.530374448733291,0.4101158324889131,0.41040185551347264,0.0
0.5743480288106646,0.5035277731472494,0.6240517814679798,0.7965647642880969,0.3196194301287729,0.8873865481183842,0.549906981918786,0.7394439865875055,0.47910452215600685,0.8880883697806043,0.5336108526703063,0.4147720809819325,0.4118724517569061,0.0
0.5713070036062144,0.6534255158719606,0.6223569394492656,0.7779489840739706,0.3248459639342993,0.890666973649894,0.5507100507992434,0.7641322327129227,0.4181932895254601,0.8908413028808864,0.6100978945030066,0.3252304098112573,0.33803371578242575,0.0
0.5711209345794415,0.5590964557117282,0.6331097625326338,0.7992745264360535,0.24233160782212693,0.8861419575088134,0.5235454155558237,0.7531726651465123,0.3631126629876462,0.8754451174714679,0.3786757104481606,0.5141758283295683,0.6070699209276149,0.0
0.5839725750966793,0.435413827982563,0.6212672286312755,0.7770535052766685,0.333049667417578,0.9074084697289162,0.5453217921249154,0.7208470309913206,0.49562170175415154,0.8934196285158069,0.7535082297967771,0.04435212419786749,0.4218696098189341,0.0
0.8052937998264369,0.1900348263406748,0.8913832062093643,0.5681223452701429,0.589406626063413,0.6182510431881405,0.549906981918786,0.7394439865875055,0.47910452215600685,0.8880883697806043,0.5336108526703063,0.4147720809819325,0.4118724517569061,0.0
0.22134583232698857,0.6771866391682408,0.03918539271547222,0.44994252202980034,0.5163439830086212,0.15310793592010336,0.5558290972109111,0.4452248926568174,0.5893591805883247,0.7456740301104643,0.5378349896699512,0.42778854623056906,0.4112362404192114,0.0
0.24480562081206925,0.7785605073409769,0.03142147240714044,0.46180061744568723,0.39460838820762056,0.14736844127489768,0.6298521237471034,0.4316133426452966,0.6072320390763775,0.766912721375568,0.7387333290359617,0.80066389016012,0.5331072959918993,0.0
0.23039326968878537,0.7608582196664067,0.03569837479186516,0.42733658554551956,0.4170353987378146,0.1392726497538757,0.5673663991372752,0.4350336528106231,0.6526091817086748,0.7557488633133926,0.45085350080297354,0.6194657750885619,0.3700411988262702,0.0
0.24163760610217633,0.682157173773474,0.03431438153002825,0.4409984722527236,0.6493970293391129,0.15435509278421627,0.580679950304833,0.39465599598875656,0.5018808882691985,0.7198289453309556,0.5456544582233979,0.2263566072782774,0.42997110604636335,0.0
0.4548731496963634,0.418628920948672,0.16202664061252775,0.21894653950111298,0.7388547683270428,0.029437696586967377,0.5558290972109111,0.4452248926568174,0.5893591805883247,0.7456740301104643,0.5378349896699512,0.42778854623056906,0.4112362404192114,0.0
0.2980928834781862,0.6273518547762755,0.32159215058430674,0.5339744715987078,0.8021140115922716,0.5284415402682892,0.5746532400053692,0.5682650925443005,0.6857383944853481,0.8457379053726737,0.5402898821046194,0.4235562980757227,0.4109377711573431,0.0
0.32212911447549253,0.49680225649314735,0.3208683480962938,0.5958229147209857,0.8131222909621414,0.5162599334338462,0.572200472008154,0.5705736698939976,0.7280070677921202,0.843055732632888,0.6807337378885908,0.38186312594109617,0.5278193883519842,0.0
0.29484044444091584,0.5431847116473563,0.32174583958331665,0.5229319352332302,0.7649623619568882,0.5384553694019281,0.591757678296454,0.5592591180070761,0.6966126468442901,0.8451499969368077,0.49418861028093874,0.4578858435579601,0.4457088767211301,0.0
0.2944425520129097,0.6802383813574551,0.318348228139865,0.5352544644223736,0.8108073733798715,0.516569646802957,0.6799514568238311,0.622904313381131,0.6440110540490487,0.8394164885350388,0.5229149676277528,0.30250796081734643,0.3200163508684888,0.0
0.5398259507854841,0.750693932630659,0.5348442933028557,0.29486168590263295,0.6959677213358013,0.31375027019581064,0.5746532400053692,0.5682650925443005,0.6857383944853481,0.8457379053726737,0.5402898821046194,0.4235562980757227,0.4109377711573431,0.0
0.3681543111897567,0.4406168341028103,0.2207148086642961,0.6266390742961079,0.3450317628951929,0.43030904702626666,0.6288348071322227,0.38949720316608083,0.21217168841375056,0.677211551433373,0.5372889024426118,0.42533263536147486,0.413094538418186,1.0
0.39158451452613674,0.4099081217189937,0.2139292672064313,0.6414382321490515,0.31938739063261856,0.4213843116058413,0.6209651099859782,0.3671927116493512,0.24270208522142767,0.648337705211302,0.10282442038755457,0.43512551098070557,0.4827935329132883,1.0
0.38103729061907154,0.40691611938939687,0.22859799828008548,0.6342868876656058,0.305365088134808,0.4381390300861174,0.6741024460101923,0.3690712177459874,0.17400293495843222,0.6744897671156942,0.9758407606549957,0.3545611285015862,0.368265776093055,1.0
0.36603019945970994,0.37162968552278386,0.22717421095503448,0.6750119854509555,0.3994530544671253,0.4235075118264597,0.5930067078125723,0.4043249117788257,0.11069464768315918,0.6488353959388093,0.3429195537489375,0.5715439423634446,0.3409909358665331,1.0
0.6335060046380891,0.21956397822119733,0.4373696058266952,0.36416367812309103,0.5352664420136399,0.2121921597719149,0.6288348071322227,0.38949720316608083,0.21217168841375056,0.677211551433373,0.5372889024426118,0.42533263536147486,0.413094538418186,1.0
0.611584857118598,0.7487692764036034,0.598770555511897,0.48318631297429304,0.18675734900085317,0.5682562433388896,0.3025150826981918,0.6077874519693633,0.3771044334837601,0.8719474644734648,0.5339414358043638,0.41539463567198515,0.4107096558062236,0.0
0.6200197642347449,0.6442183853619454,0.5963557648182654,0.49560427867096024,0.12269427367446006,0.5658190646192824,0.22630980101563306,0.6148869737066258,0.4569888368581907,0.8631336258113513,0.8143291801231025,0.4665145032073405,0.2885174232648996,0.0
0.6090274830504585,0.7688713916491619,0.5949407227093988,0.4872626395752597,0.28729121605722874,0.5713238565308614,0.2492282033117379,0.5930369010741714,0.38314078095726956,0.8854580357305901,0.366054555083951,0.4229262651438874,0.2892882863503102,0.0
0.5986344254625835,0.7032593618655572,0.5918762207306096,0.45542869707884304,0.17464548509431133,0.5516547557654901,0.32603832564923807,0.5838249596014586,0.30345451916899613,0.8925162959629762,0.6704650513679288,0.4403326769351166,0.6938769908666307,0.0
0.48848123773958996,0.03564897720002058,0.5743921088178601,0.6049555425086393,0.8004576821216265,0.5927992074395816,0.3025150826981918,0.6077874519693633,0.3771044334837601,0.8719474644734648,0.5339414358043638,0.41539463567198515,0.4107096558062236,0.0
0.9190349494279304,0.74245941053052,0.8194186524320193,0.965702013489635,0.7974346201688522,0.9826702581089,0.1514446581024153,0.7418671067761347,0.7944437762285741,0.7661951736868784,0.5319047756643693,0.4141595515917989,0.40987760623583835,0.0
0.9430642112838523,0.7623187404861209,0.8274046518336735,0.9397048502242891,0.8400160766790616,0.998352139926403,0.14170807025193055,0.7369821505268792,0.8178033334838908,0.7707603259616946,0.7869913192561222,0.4062885016751251,0.3861754359456141,0.0
0.906439840147907,0.6730760940766949,0.8024964122285638,0.9783782430280814,0.7732678944170104,0.9906135019983664,0.09122661294874052,0.7439668790442502,0.8301580856036583,0.7697777041974716,0.5335322071680916,0.4856684951513782,0.3260918923539395,0.0
0.9354527545668567,0.7543553940441274,0.8170805463254704,0.9894461399176429,0.8439305225956684,0.9702040385536608,0.07162140577328896,0.7587512697903849,0.8126302410103197,0.748491867526333,0.5037550418957165,0.3013417698605654,0.3441731559006715,0.0
0.9762845142141443,0.7452564758918143,0.9860282065151085,0.9090730091568622,0.7950275088499019,0.8149363431464764,0.1514446581024153,0.7418671067761347,0.7944437762285741,0.7661951736868784,0.5319047756643693,0.4141595515917989,0.40987760623583835,0.0
0.3781310291500599,0.4861346394893129,0.22534998854420524,0.6506608188630301,0.378346235387248,0.4517614209571211,0.6616582335162136,0.413729931441269,0.15252233217363909,0.7001438988270443,0.5370648922097823,0.42561595280242376,0.41284862708993564,1.0
0.36300629262938067,0.5217196954164951,0.22891192188169013,0.6318787376783912,0.3548696361772876,0.44536757869957927,0.6507175878925479,0.4094160429253684,0.014672655137095703,0.7035517279388976,0.689441344580407,0.6415120810199264,0.33124898249703627,1.0
0.369103394573151,0.586643397610727,0.21977028284459282,0.6490995482551569,0.2775586624000326,0.4661068506597333,0.7022851133269847,0.40036665666151094,0.25321688684415555,0.7064930676265821,0.6162526446834786,0.6301750690501903,0.36974491915351826,1.0
0.3839276913483154,0.5955191341861337,0.21162416657747823,0.6543660214066693,0.3113125101433756,0.4431535715625328,0.6975805490471384,0.4768513393952398,0.24570163526944455,0.7174313281403535,0.5306732296507314,0.48097729428083674,0.3723911885535918,1.0
0.6577909878912029,0.258275423057043,0.4586781793220676,0.3740322527875559,0.5744383634409491,0.21685862006040763,0.6616582335162136,0.413729931441269,0.15252233217363909,0.7001438988270443,0.5370648922097823,0.42561595280242376,0.41284862708993564,1.0
0.859600899346435,0.7337033187540118,0.7851270663321723,0.9318503518840804,0.8008171336019707,0.9296746734362309,0.20928014714101395,0.8338034733231456,0.6693987280300444,0.9099199601011392,0.5330044558586231,0.41350237058409567,0.4131258515019325,0.0
0.8414237250064507,0.718288742586406,0.791842559839057,0.9025986916413502,0.7669400043048018,0.9312964080707777,0.1615688410659471,0.845758241305762,0.6559206682629632,0.9050756086889933,0.3137196096877468,0.4926812207993474,0.4588897093570901,0.0
0.8505465199758566,0.7922157448227232,0.7842371701218798,0.9361037510396288,0.7977650614388452,0.9178520519215805,0.2297884523967836,0.8409561649401391,0.6454802144386473,0.9055701345909031,0.4428337433710823,0.7711465119143827,0.5022831202539484,0.0
0.8588442926607347,0.7749814141940305,0.7908775737209757,0.9204069216936261,0.8455105348197254,0.9208994935893124,0.21672969004354384,0.8333985082395143,0.7297455151556598,0.9132627179222188,0.5559726550809103,0.21538424902394376,0.6205718897225903,0.0
0.9420618942503567,0.749186959323719,0.9333878640258508,0.8502831984020083,0.7874921512866955,0.7804133410386271,0.20928014714101395,0.8338034733231456,0.6693987280300444,0.9099199601011392,0.5330044558586231,0.41350237058409567,0.4131258515019325,0.0
0.3723911914335858,0.5443496464364994,0.25938086701852875,0.5994800191251626,0.26613355504506586,0.46548826855082953,0.5561292058370761,0.3427246924472529,0.19976456363140294,0.6691466870906528,0.5376124532709561,0.424787170708197,0.41317362534899854,1.0
0.3970647099981006,0.48061200022292994,0.2609742248247881,0.57362973032722,0.3687103390231261,0.47109282893841137,0.5441754845940039,0.3784771365486117,0.1923579320029507,0.6733252920350878,0.3467699854754099,0.43175912649498716,0.3888712188771789,1.0
0.3698533151551886,0.6596265602302971,0.2687491552381586,0.6025272531071484,0.3052498337672578,0.462241941967323,0.4717174259410186,0.34393194308032804,0.2582604379278646,0.6653831159458181,0.36130695041602756,0.2923506556021619,0.23571295741759188,1.0
0.4034504016583891,0.5834207293422597,0.24647643136598257,0.6299332893610505,0.31678194391505166,0.4584026136405754,0.547691825271247,0.34004434664949024,0.141603150848308,0.6806683412678567,0.49983763864760333,0.21885023428246148,0.563547995267351,1.0
0.6060493310330837,0.12788419486081004,0.4723130125462646,0.36835463242259037,0.6245373007394903,0.25111915516310684,0.5561292058370761,0.3427246924472529,0.19976456363140294,0.6691466870906528,0.5376124532709561,0.424787170708197,0.41317362534899854,1.0
0.4288273623045624,0.5594657657104403,0.31526141446254935,0.6512239460014446,0.7630135876011614,0.5125531715689817,0.546665883859907,0.632242954051951,0.602408461190274,0.6668945823422019,0.5370731027853201,0.42384345717873073,0.4119401661716263,1.0
0.4303433275934805,0.39633186912745444,0.31840305749810366,0.6752249726816317,0.6820355544344423,0.5013086902759474,0.5355494736864814,0.6467469706616811,0.6138063870730317,0.6786120232630748,0.5561231436511889,0.64223039081517,0.024585210408124558,1.0
0.44368811238983863,0.5399257990853368,0.29470869503564706,0.6346111241308847,0.7437094253620717,0.5115384920834689,0.5405572196474553,0.6107149753064505,0.5406820612491252,0.6648491051566141,0.7710089423282199,0.5322980881625664,0.36726005579456983,1.0
0.4020226081815603,0.4557489114581905,0.3136671797447506,0.6493447483031121,0.7682574084676848,0.4991039460162883,0.5171392100923693,0.6552352693100936,0.5880624138864192,0.6486934668182136,0.5814062523675597,0.39303179966086216,0.3125486229768346,1.0
0.6583602859739326,0.7052592073246853,0.5190624281702596,0.42417905967740266,0.6375459998948365,0.307376811241789,0.546665883859907,0.632242954051951,0.602408461190274,0.6668945823422019,0.5370731027853201,0.42384345717873073,0.4119401661716263,1.0
0.40249476645365156,0.3694813363221119,0.2679340475312552,0.6404087877303315,0.25849652160464665,0.5016168999423531,0.5819912953610791,0.40372709072960955,0.19193372167142186,0.6638660715385603,0.5370232057741247,0.4243756403639806,0.4134442664867207,1.0
0.40641502621825376,0.4184476542809321,0.2673546618261126,0.6267396538912458,0.20669057788882483,0.5033192374497202,0.549145180700082,0.4073413801871446,0.19081412330527314,0.6685218738374963,0.18397850528053283,0.394030711022551,0.07956860441779001,1.0
0.3945606033137845,0.5162604437147671,0.2842045240590138,0.6469815478742911,0.2916678902745229,0.4998954010266872,0.6054278402056845,0.4437204174621199,0.2749178777160779,0.6895461297372647,0.7433158144104415,0.3636951797299567,0.4606025225791258,1.0
0.4023875703736439,0.31308579753171095,0.2644519327323403,0.6273944818815913,0.2176304497990298,0.4958905787717565,0.5340152203309003,0.42556476958099854,0.28933871627176444,0.6780628020244206,0.6657579850544982,0.427814514546983,0.24114566074244795,1.0
0.6474266114124516,0.11900995563013517,0.5081994650095158,0.3981318977452042,0.4740483295388138,0.25973005662476295,0.5819912953610791,0.40372709072960955,0.19193372167142186,0.6638660715385603,0.5370232057741247,0.4243756403639806,0.4134442664867207,1.0
0.5244104575542461,0.7442910580007265,0.36933266754641575,0.6846699253110691,0.8044618284025749,0.560505443342584,0.4049629726387316,0.6380801083253225,0.7643057911061213,0.7199950197358913,0.5358037297501779,0.42199382015914444,0.41045314009646744,0.0
0.5230134542091571,0.7742117209472514,0.36561022747333544,0.7032530816956712,0.8109043644097227,0.5375633494163758,0.48364541103415215,0.6283937214038806,0.7310228545330251,0.7087134794836942,0.4651018924969252,0.24893330507075173,0.4194683960513659,0.0
0.5462915024695056,0.6698371406249102,0.3604730438479313,0.6836969198122929,0.794594169761357,0.5443137896859804,0.36910914684730833,0.654162245466062,0.7462068010078333,0.7322991109128107,0.5076249309837177,0.4651606180258861,0.4455127477088906,0.0
0.5078137930989692,0.7778414212276701,0.3854580290800517,0.6921320185351196,0.7705692263799548,0.5726969521615697,0.4017972549351361,0.6204426619003156,0.7543124854203107,0.7181322392560698,0.3684939568113827,0.8419500305806608,0.9999999999999999,0.0
0.692172778033175,0.7534220977234245,0.566693264302957,0.5187260756284764,0.7966037964186068,0.3618129629774685,0.4049629726387316,0.6380801083253225,0.7643057911061213,0.7199950197358913,0.5358037297501779,0.42199382015914444,0.41045314009646744,0.0
0.39698730729434395,0.7467387333774429,0.2912553852991558,0.08379900730753187,0.6984176196809191,0.1207564596313741,0.7364662765463548,0.2270557077189288,0.8134495885366775,0.36445441855608407,0.5364806157230715,0.4203346535661957,0.4159961797067481,1.0
0.41701101325794365,0.6819755832164915,0.3025833868836391,0.10153246022639673,0.780830515818268,0.1219958025771739,0.6988658377504119,0.1496176080158751,0.8135958351282504,0.35669286142024936,0.48092481748990934,0.47131166349459125,0.6040958906722301,1.0
0.3639302539228888,0.7472941096084664,0.29292911089788726,0.10141558304747011,0.8191656987666942,0.12252489888402351,0.791205889985901,0.2120376432089781,0.7753037684917814,0.36762934453782137,0.2507245972794524,0.6949336067983113,0.45758445471208925,1.0
0.3713958891079878,0.7729447858618617,0.2956261597169421,0.05857211012136654,0.6493242918399407,0.12056831679298163,0.7728696456327094,0.20005689514326797,0.8709947923484016,0.3585831431437887,0.4720408409142932,0.42254607640766695,0.48574202735806393,1.0
0.08471730616489914,0.6301986386976779,0.12989202407059391,0.39268413705462635,0.7987102281044507,0.2832087779231835,0.7364662765463548,0.2270557077189288,0.8134495885366775,0.36445441855608407,0.5364806157230715,0.4203346535661957,0.4159961797067481,1.0
0.26208800314399383,0.6232444899243816,0.17034662894316854,0.41877588897006657,0.3521747260221524,0.19068341143257322,0.3900854779306818,0.2668947189122486,0.6551589643069669,0.14411580762932452,0.5387543768191916,0.4269051488497958,0.4122566479317841,0.0
0.29405953994989664,0.6251992739258032,0.16333872965660418,0.43867516616164837,0.4688000802074974,0.1968000331627942,0.31046299150640233,0.3007821976625813,0.6319252886995272,0.16666711476452312,0.6152269165266357,0.31468956339076104,0.1006839852985601,0.0
0.24081149723132844,0.6473238735339013,0.1722340722239596,0.42312160284663536,0.25573486853347127,0.20498764851233514,0.35325800764910353,0.2666487728373905,0.6522240205947867,0.16186392876544486,0.586647516283045,0.3653235306710196,0.2403800920207911,0.0
0.25108383456712025,0.5675663421025607,0.16229023723849628,0.4061573780378325,0.38307721040430387,0.1806753144290661,0.35058906579717597,0.258686276481745,0.701469426676411,0.13532830997733236,0.6408212276160066,0.4281810993314411,0.11764171214305186,0.0
0.42336498176114246,0.22786410733534446,0.19935023865169071,0.25924708285613196,0.692432986480167,0.16148407150740646,0.3900854779306818,0.2668947189122486,0.6551589643069669,0.14411580762932452,0.5387543768191916,0.4269051488497958,0.4122566479317841,0.0
0.7707164062418572,0.752646408423761,0.5996947767694603,0.9455564169538855,0.8036260236535409,0.8370895010377011,0.4449693454918137,0.46768380841870716,0.6823890649537638,0.5350686363009234,0.5337270069145825,0.41920799885685484,0.4097619942476758,0.0
0.7747331226185272,0.8245385132653009,0.6031143941880153,0.960268096134651,0.8014599446469717,0.8299384414155291,0.490895294988701,0.49926570308592666,0.7577606675036677,0.5177391206861239,0.6132920061294996,0.2847023656124782,0.4290452327972934,0.0
0.7949515399762843,0.7182227364516223,0.6041454251756799,0.923096964424901,0.754084564036674,0.826472534525144,0.41298953057197657,0.452615724694466,0.6682581784600323,0.5432567580473437,0.6185971594604861,0.23248910234222964,0.6151481171470058,0.0
0.7937101935209077,0.7562288977405149,0.5913655340430573,0.9543075635274989,0.9269385440821214,0.845760972280976,0.5466267809804172,0.508412037734157,0.829986835214438,0.5508669858167918,0.4451411853451424,0.5795464269762147,0.3258118417837112,0.0
0.9559181551792415,0.7524508919075892,0.8414233123638886,0.7623621746539366,0.8037942821524773,0.5937296657837967,0.4449693454918137,0.46768380841870716,0.6823890649537638,0.5350686363009234,0.5337270069145825,0.41920799885685484,0.4097619942476758,0.0
0.5867216599603378,0.7348568084393001,0.3624783160848916,0.7657602154477501,0.804662874901334,0.6083695203031267,0.45008104987033437,0.7401742537501939,0.7974081181372892,0.65371099090558,0.5348576072136594,0.4227531955407147,0.4108565035491475,1.0
0.5657986853891059,0.739176936864613,0.368062028966113,0.7840446925123721,0.8235512842389383,0.6252349820323546,0.4746098159538901,0.7160805759714073,0.8087610254111421,0.6670874190156331,0.2557036700108386,0.524344675278214,0.6017170870670044,1.0
0.5825083266361855,0.7028792775739632,0.3667671391129181,0.779534704037292,0.8203515288974828,0.5971246218168984,0.4840280099447294,0.7379672808178848,0.7627706660015896,0.6490459772895478,0.2587102186820358,0.14223593614529068,0.48438749445431295,1.0
0.5526522405501013,0.7852116743189264,0.36418114577535593,0.7769524266536911,0.9826171234406367,0.6140008373817811,0.4477506497840569,0.7942027381285639,0.8250462646851862,0.6533618883187886,0.3158341187360949,0.40256701660756805,0.3459473473354177,1.0
0.7741516839562324,0.7536557139227504,0.614236496813694,0.5803618516245339,0.7884848267229483,0.3549123550771767,0.45008104987033437,0.7401742537501939,0.7974081181372892,0.65371099090558,0.5348576072136594,0.4227531955407147,0.4108565035491475,1.0
0.4176486414795737,0.45528129023611186,0.2723857090579778,0.6320996138468273,0.33072277072898615,0.3771086314086924,0.5279577438079469,0.4068969690654711,0.29321083213852006,0.6519901756658706,0.537270776921328,0.42465394515497,0.41351949212353817,1.0
0.42590171473506233,0.4816769355257957,0.2715292779189185,0.5967586782490573,0.358788024416695,0.36669892361364537,0.5061128944008793,0.3847581691051616,0.22831029134642122,0.627255078871414,0.3376011478721731,0.30552403147281204,0.3083177337699121,1.0
0.4012286346568277,0.4383243508216541,0.2752046935133791,0.6299528331707016,0.3229699400910011,0.38832974945969095,0.4914540460861032,0.3736295031432144,0.30754669224752007,0.6459711976322411,0.63018152113882,0.3986491401442807,0.4900451847603564,1.0
0.40250795032458786,0.5168978255696572,0.2670791337046154,0.6066204471098033,0.32837154642459865,0.3731685051459677,0.5223332491545587,0.43021468198052304,0.304882957637572,0.6320859252623658,0.47708566478922676,0.4370212684024354,0.6018657394880453,1.0
0.6390263826927618,0.20293691738357644,0.384525805423749,0.4131215113380029,0.5478864468348341,0.2642117600905341,0.5279577438079469,0.4068969690654711,0.29321083213852006,0.6519901756658706,0.537270776921328,0.42465394515497,0.41351949212353817,1.0
0.4012811888702603,0.4825529898933638,0.2891570180762925,0.6495887340457167,0.43719543235575564,0.4551749675239511,0.6060650038002767,0.4257650285273362,0.43504409774332764,0.682369441496596,0.5368772868479436,0.4241630752445913,0.4129199708116953,1.0
0.3988033005954712,0.46787728784522997,0.29844856140917714,0.6409462943526192,0.5479488470295735,0.4647482029869782,0.6472082268750411,0.44419721475030904,0.34996929968931134,0.6916462631237306,0.5374411949038772,0.27174361112229906,0.9528840704804973,1.0
0.3924643678904527,0.5018277282917349,0.2819140177734815,0.6528862246705978,0.4684866014935771,0.4575508874614069,0.6100462029833268,0.41168308855006774,0.44930127637517536,0.7008867519869111,0.5714402102892905,0.577211037435803,0.41524444058781235,1.0
0.3732572546741779,0.5352368528712184,0.29633268288553244,0.6326957241053228,0.4570838717687167,0.455943485558654,0.6521506176762558,0.42090632800618266,0.4733356502492043,0.6865186417208442,0.4477194711758995,0.4212805947127854,0.17763094295258303,1.0
0.6567071547931596,0.3266582390425974,0.4620688440631178,0.3969314748164945,0.5713560510280082,0.2810962499156711,0.6060650038002767,0.4257650285273362,0.43504409774332764,0.682369441496596,0.5368772868479436,0.4241630752445913,0.4129199708116953,1.0
0.6042044460986995,0.3946385115315092,0.6317996940387454,0.8095596522056141,0.30641942188043814,0.90574145892263,0.511552994360208,0.7591937420289687,0.5461743173094149,0.9231689598662471,0.533200697688279,0.4144059520984149,0.4119548844551456,0.0
0.5997866815718806,0.3449321051328269,0.6423007444424076,0.7852402013154975,0.32853680717375333,0.9093686057169141,0.5199147766825772,0.8097490220587984,0.6511994267721928,0.917819430017264,0.5496043482550079,0.6056701465546247,0.4292982984426947,0.0
0.6108579748609912,0.3424513832400553,0.6396983128882392,0.8173520242985823,0.36345208827747655,0.9120024984227906,0.5424052150419213,0.7695380695560647,0.558640171385159,0.9188366639493839,0.4418803188542289,0.8464497004789071,0.5357896043831197,0.0
0.5747192394088341,0.30862409147242964,0.6245308896900783,0.816014394800662,0.36589285630643786,0.903933617770184,0.5413882126354899,0.7276804587706822,0.5627993602273413,0.9148208834686342,0.47745767417101725,0.49279501987708196,0.4472007239693649,0.0
0.8184310902748391,0.17469640574103984,0.9096150796203877,0.5976551319433501,0.49569820659830377,0.6260512423749949,0.511552994360208,0.7591937420289687,0.5461743173094149,0.9231689598662471,0.533200697688279,0.4144059520984149,0.4119548844551456,0.0
0.6326873229638972,0.7524414625523015,0.3124486455454724,0.5177664702955513,0.8011740125971425,0.1311646904492308,0.27072770930936374,0.480259109916898,0.8400991985304724,0.08807490783923222,0.5351488284012399,0.41652155744874186,0.4179838336321909,0.0
0.6286910043429592,0.6503327878926477,0.30748838908684845,0.5099114629278558,0.6908530465408482,0.13732286145280354,0.25039300628918076,0.49980437950435075,0.8551047542825732,0.08548035141990429,0.5213208990140913,0.5235420900552306,0.4382152288533142,0.0
0.6227212137879814,0.6479659364904489,0.3084984626255051,0.5343423210497531,0.7430046643993897,0.13320565002248214,0.27447427481973885,0.5359297764909465,0.8257886018383473,0.099522882440235,0.4954016675881767,0.5858279364810142,0.6393585804597208,0.0
0.6450444128999893,0.7225505646443775,0.30114903706899593,0.5070111441412553,0.7189188228379493,0.13659319220061256,0.3480964967645681,0.46276518675753575,0.812003301104669,0.05551310845753221,0.5369492463224711,0.18268898817827428,0.46117572773264437,0.0
0.5234403365301565,0.7496016530139151,0.14023048600743865,0.625829266776206,0.8036179088957809,0.30454506041607926,0.27072770930936374,0.480259109916898,0.8400991985304724,0.08807490783923222,0.5351488284012399,0.41652155744874186,0.4179838336321909,0.0
0.5613473146943408,0.48385989540983054,0.6021749181097953,0.7840819475114409,0.38497368564754275,0.8764568158953243,0.5507812467672395,0.7150174313895068,0.5731074760926536,0.8724255417920819,0.5338717054428821,0.41502509654300324,0.41203673460836315,0.0
0.5524435292832806,0.4793080319059069,0.6144808074487575,0.7905207034100972,0.27806556236807545,0.8678273281350926,0.534376898171502,0.7461062952702777,0.44517966630961503,0.8899730690481651,0.18432511585231026,0.3562009980319605,0.3619767317841311,0.0
0.5698152930158296,0.5296945114828517,0.5955325163375635,0.8024389718611538,0.3436387193027084,0.8714993314817499,0.4667068976278408,0.6420287959225579,0.6912751313814169,0.8805301066611795,0.41813597982500395,0.24453597354253884,0.7224075154133556,0.0
0.577076666990795,0.5097974378918995,0.5875037509238352,0.7821982161694745,0.4033318968520856,0.8832808025865444,0.5513367108643328,0.7024528504240131,0.4858940403338412,0.8796781448131143,0.4647534557455965,0.4978033752842258,0.6868802753858323,0.0
0.7926741919737164,0.2659765257899416,0.8805267386169904,0.5552625532564974,0.5724807537628891,0.5962265443029429,0.5507812467672395,0.7150174313895068,0.5731074760926536,0.8724255417920819,0.5338717054428821,0.41502509654300324,0.41203673460836315,0.0
0.5347964540907029,0.7511300495027076,0.337372975107365,0.2841303611306536,0.7973972318427744,0.0982983611424641,0.5880031106464273,0.25548146736231114,0.8630821386932723,0.12163726109627593,0.536640453274764,0.4203034785813041,0.4177754474828327,0.0
0.5226302633010591,0.9566729025851739,0.33193029270060775,0.2500773880794416,0.8391068440510132,0.09273054164514083,0.5880833965289348,0.28650272327123893,0.9414979397389551,0.13670217750072378,0.4478404809306379,0.6169357703289899,0.6340498188076588,0.0
0.5504828381819848,0.8270544239803233,0.34636721532577325,0.2814660166974696,0.708830667209714,0.11645993411414723,0.5657608934913299,0.21859041508429833,0.8373748978153248,0.11485339662291061,0.4654519357435506,0.2750891425604013,0.19607218821018177,0.0
0.5204985442560663,0.5767360767759939,0.34173377711466885,0.29151844499041424,0.8427877127694448,0.0937992649961521,0.5369140591863325,0.2760186096432129,0.7995209679542654,0.1188259779940346,0.7378108229318056,0.36558613684273195,0.23179921861570618,0.0
0.2872439610926696,0.7452130306257114,0.10758446763139895,0.5289994924668311,0.8024893270473985,0.32963759126304976,0.5880031106464273,0.25548146736231114,0.8630821386932723,0.12163726109627593,0.536640453274764,0.4203034785813041,0.4177754474828327,0.0
0.4181944617595974,0.6409292770753723,0.29584105446406855,0.6484057836136783,0.8028009289358362,0.4340059022509461,0.5645221935434047,0.7016190760642829,0.8143002366696823,0.7617217992194611,0.5375519806105034,0.42427478132719293,0.4111376975157187,1.0
0.4184218816695733,0.6492454325805603,0.276588392233518,0.6386457057807857,0.722059028341496,0.4399498872609133,0.57086016712784,0.723526162915749,0.875054089508394,0.749258196186442,0.54417893500769,0.4122067605306128,0.5214382388363734,1.0
0.435818235280637,0.6266158019429753,0.29276236040063136,0.6462039229762189,0.7321689402616816,0.42196201545997775,0.4867644222956811,0.7474435938008757,0.7152181504738611,0.7836095268064944,0.4376939283802612,0.2794941321714578,0.46512448038289345,1.0
0.400792755256389,0.7222932277564116,0.30154749083820426,0.6827680030756049,0.7791325335193697,0.4423015313714958,0.5120885341527546,0.7051586102794882,0.7510387675073478,0.7774532684749151,0.36624623914884263,0.3820304004508294,0.6148034509823095,1.0
0.6555112411761748,0.7514921311570966,0.44104168013934425,0.41366141516291055,0.7076522416014335,0.2878253933747181,0.5645221935434047,0.7016190760642829,0.8143002366696823,0.7617217992194611,0.5375519806105034,0.42427478132719293,0.4111376975157187,1.0
0.30789286116651704,0.7494410401163236,0.1957108938751187,0.05005093918873893,0.8012290284514219,0.07802483484436867,0.6103490383968185,0.02036462664443839,0.8363679009620117,0.2219117577159413,0.538513966514978,0.42144450357198376,0.41809797121436865,0.0
0.32348483050404386,0.6873903160146,0.20722404250056875,0.06306378667928358,0.8241793752071178,0.07689799007297743,0.5927569018901281,0.03892793134131711,0.9630484299009883,0.227075777439669,0.5480294567647954,0.5453045723231691,0.44372188372980836,0.0
0.2997570594264194,0.5951864367680333,0.20211241361008953,0.056015764110110666,0.8722733388771449,0.06347445871069196,0.5809393093950138,0.023976273489940247,0.8924769027894968,0.1989270456371699,0.4284286358795866,0.3492354896402754,0.4185832510403192,0.0
0.31752237284320506,0.7261296682398317,0.19295444818823593,0.03935144920541811,0.7499523329445044,0.07156021742751234,0.6776384675060301,0.0,0.792379067259116,0.21953938134312945,0.39732421514239746,0.5328736334886582,0.34712554001595314,0.0
0.05059941490156561,0.7496655814824944,0.08744683966883599,0.30455543608302227,0.8010357916141402,0.18701950661851896,0.6103490383968185,0.02036462664443839,0.8363679009620117,0.2219117577159413,0.538513966514978,0.42144450357198376,0.41809797121436865,0.0
0.6021751874274148,0.5286278402622475,0.6424694101112904,0.7922903857819192,0.3170737182181611,0.8868145120770021,0.4761580072717254,0.7112502500484759,0.47774181896357426,0.9068880969265247,0.5333450850182191,0.4138994998315022,0.4116234111823874,0.0
0.5751291931365228,0.6078814901201159,0.6261675781412017,0.816119173202833,0.3417287112183818,0.8867207326422213,0.3919184362306242,0.7801815594941388,0.4457406613673456,0.9129794486805298,0.2952071895153426,0.3277161749764211,0.12715841143936385,0.0
0.6205197933341191,0.546986574112605,0.6433943744349673,0.7847624789894265,0.31517024166780594,0.8839245949455001,0.509436704122878,0.7617619159252325,0.3767212382555769,0.9408022007340449,0.6653704077549877,0.6028047458985824,0.4825144091436979,0.0
0.6135379633910532,0.5220514347652383,0.6441514251350127,0.7957732752262912,0.32368693085839695,0.9059635006658437,0.5547963994334273,0.7500641672441741,0.46980722897312965,0.920326470207881,0.5838624137556269,0.49881522372108744,0.6215126765150373,0.0
0.8009725811842681,0.18707670697621204,0.8908150046635084,0.5956478695559833,0.6110073567774759,0.6367929627897375,0.4761580072717254,0.7112502500484759,0.47774181896357426,0.9068880969265247,0.5333450850182191,0.4138994998315022,0.4116234111823874,0.0
0.31849926771551473,0.7535108006934461,0.055720467660126394,0.48657747572898824,0.46321599617415465,0.13357822587506413,0.41791952956853823,0.6292284619227679,0.7053638098615114,0.7694341728485787,0.5363475912025449,0.42794957761051816,0.4096270757895378,0.0
0.29997043683052915,0.7285842169020214,0.06120364629753938,0.4860715747285824,0.3974703066030365,0.14582914337516295,0.430128383697438,0.5724805995025637,0.6913102935128173,0.7639349854908097,0.5609882313371697,0.46343636503952257,0.5462399030588094,0.0
0.3619387496873854,0.5878046889793147,0.04093034637110915,0.48263251255491335,0.4717274889730998,0.12415606320450356,0.35767932439685335,0.6024642370021551,0.7585903073377409,0.7679057244644407,0.4306521633230418,0.4921098816194388,0.4855400004470949,0.0
0.30163347591839385,0.8924284332298811,0.061798562625427544,0.5116413026113875,0.5293868873399887,0.13444956449277967,0.4021478468966072,0.6122578232532669,0.7928267774882176,0.7535715398891942,0.9302100859589582,0.6201525014044362,0.3261248826395962,0.0
0.4919095620428866,0.35689415591307316,0.14262784292331293,0.31504687378497254,0.8045381648107686,0.04608435811803879,0.41791952956853823,0.6292284619227679,0.7053638098615114,0.7694341728485787,0.5363475912025449,0.42794957761051816,0.4096270757895378,0.0
0.5099233671695629,0.7521189519811777,0.3433910162319816,0.7142321345587623,0.7480011472783303,0.5887942845170089,0.506756038578479,0.66258710693638,0.7985827251334907,0.7064341629230402,0.5360208263513062,0.4231869232959198,0.41095252552772216,1.0
0.4982059752181529,0.6856107960545597,0.34587391785884464,0.7443033970042898,0.7400482907069499,0.5942193907872368,0.5084190701020574,0.6110059272050581,0.8281851897401395,0.7223026591814632,0.8277914470290778,0.03973857048356966,0.49885387213266524,1.0
0.5060095210989806,0.6811669196668149,0.3382375137367393,0.6963419055117495,0.7180474291078056,0.6000356400247733,0.5080999014212889,0.6775000753557325,0.7915923685560511,0.707165702734307,0.5311693437595015,0.11411050872290163,0.3312772996282909,1.0
0.508709176497891,0.8351825128719597,0.3595234937972362,0.7167395167888371,0.7524030184892769,0.5812796087174961,0.534885117082062,0.6324313219513593,0.7696499772249883,0.6795633548761291,0.4093625857720292,0.1815574539349245,0.36876101550019613,1.0
0.7220589403185675,0.6878147391420573,0.5947924785534211,0.5043960190205863,0.8033403612714114,0.3356962450046797,0.506756038578479,0.66258710693638,0.7985827251334907,0.7064341629230402,0.5360208263513062,0.4231869232959198,0.41095252552772216,1.0
0.5209459020718303,0.7447282100957491,0.47616438104399267,0.20819309544111464,0.8013893988259451,0.2728203958480659,0.7323401461807196,0.13586222223686129,0.8530530972154242,0.22452915257052553,0.5361416451238717,0.41545827989155293,0.4172229576597978,0.0
0.5377152911032304,0.7951253044665911,0.47377030225126965,0.22380768335558043,0.6629142047760244,0.27036384209655556,0.6245515962710487,0.15849962629301206,0.9200799779587836,0.21403893494743187,0.5323221106138911,0.018174416878219912,0.49221038173402243,0.0
0.5071676841055268,0.7087861293179873,0.48836261507821216,0.2143078251861419,0.8267806870986902,0.2780219658330268,0.7610781049395763,0.17697059666989468,0.8170319287668235,0.22476561662414474,0.3858844530524642,0.3908579910858593,0.5665622225693411,0.0
0.5133998419674688,0.7013066221203861,0.4861910783608275,0.22800307773349848,0.8624365254436608,0.2789417618269558,0.6568169478938094,0.11638731341285968,0.7824118681414234,0.24677529678704158,0.4670421839105794,0.650958177177233,0.2808213882716347,0.0
0.21047454826255185,0.7498519319915165,0.2809366390541413,0.51529907442493,0.7969800027706615,0.46936562792341824,0.7323401461807196,0.13586222223686129,0.8530530972154242,0.22452915257052553,0.5361416451238717,0.41545827989155293,0.4172229576597978,0.0
0.3229843648614561,0.7535518440753215,0.11982649084284036,0.4482090504824976,0.376617567203148,0.14723954840138898,0.31864822237320134,0.3948856238239795,0.7225311024799907,0.4164861616680209,0.537603515986074,0.42903914076452343,0.41093427073194566,0.0
0.31013463690622656,0.8628932157760829,0.12187363563367382,0.48814111087659207,0.5306699669766921,0.136941250893238,0.23992882413926866,0.43522753054746754,0.6865202005310564,0.4311858108432862,0.632778045164158,0.5579563191150072,0.549383078421937,0.0
0.343608749969857,0.725574203488506,0.1151835085418802,0.4613115121566427,0.268353562032269,0.14963872027659741,0.25487207613645524,0.37555894677844837,0.7374264422737244,0.40876997790653125,0.6467717806973499,0.38507685973906647,0.40530947480236,0.0
0.2987642423643151,0.6176180445194017,0.12440384649886216,0.44095272356458315,0.3391268572645334,0.14684605972417503,0.36136473193474067,0.4145126626499618,0.7017855070678216,0.4268764191167136,0.7175024777203977,0.375766291462038,0.5461003073407227,0.0
0.45312068216101364,0.2562667091845867,0.15619759031045372,0.3194833544230158,0.8045734861123162,0.11062299937594666,0.31864822237320134,0.3948856238239795,0.7225311024799907,0.4164861616680209,0.537603515986074,0.42903914076452343,0.41093427073194566,0.0
0.3554070265447149,0.501675800619207,0.28755023523760587,0.5733991317513549,0.3016108702630902,0.5209493875704785,0.5346055169439696,0.3022152478163811,0.18321966114391763,0.6325071259152812,0.5380229774582932,0.42434188715134347,0.4129253683748633,1.0
0.39571903029812683,0.482596260210002,0.2999830932338153,0.5587974429394849,0.33765319848789765,0.5247333630442246,0.48034520882348686,0.2751495928235457,0.256810323096488,0.6221136538578869,0.5516306927298209,0.542372221819122,0.45917197645201513,1.0
0.34796767710706344,0.47801863798855315,0.28538608418382144,0.5413671643386131,0.32756806728698784,0.518050440789035,0.5695364471630388,0.3426440618983815,0.19042569966985212,0.6362941117656455,0.3145739492216552,0.5397105672577839,0.2962570893506195,1.0
0.3627677133044478,0.5111018951800155,0.2956813713752496,0.570953672783856,0.3098272324837943,0.5257186973745267,0.515064950229878,0.2378977780491187,0.15433012862069617,0.6303871882135044,0.8142625407323194,0.3547609482783918,0.5434234835212391,1.0
0.5796826401653683,0.1691088647490684,0.5274023623112356,0.35155456851516975,0.5878128470633506,0.27947862373864557,0.5346055169439696,0.3022152478163811,0.18321966114391763,0.6325071259152812,0.5380229774582932,0.42434188715134347,0.4129253683748633,1.0
0.45116689449917047,0.7519832883416733,0.30044208397009725,0.6735889279778435,0.7837572686818888,0.4616893759602207,0.54728649177919,0.668932000234653,0.7293954766974124,0.7784145492721106,0.5364329820406595,0.42390383495836587,0.4109206350542194,1.0
0.44285685473289416,0.8020390905309718,0.297849053705088,0.6602225218993105,0.7144588831261078,0.4441672874043016,0.5804326110365372,0.659089464336466,0.7336659392329956,0.7918629429203912,0.592372838416785,0.34758083162466424,0.3291197561824226,1.0
0.4290084654208899,0.9133542710756313,0.28178717472423925,0.6777793756793105,0.809236880007445,0.48299430131352056,0.5707613733649604,0.6144063737677588,0.6119194423249787,0.7624637596813388,0.6627249472524916,0.2834074292942895,0.2516052754095385,1.0
0.4437944868130854,0.7390408549654239,0.3142762515188841,0.6404087472149658,0.7551236192589723,0.46985780102694036,0.5098059019119376,0.6452739465266228,0.7954250580853373,0.7917911170734278,0.4381090561534775,0.21946739811842728,0.6343072724406043,1.0
0.6809703512520775,0.729363382050563,0.4685395848487552,0.4462764410315607,0.8032236112351985,0.29245747282629003,0.54728649177919,0.668932000234653,0.7293954766974124,0.7784145492721106,0.5364329820406595,0.42390383495836587,0.4109206350542194,1.0
0.3196959645694144,0.5582253643837323,0.23457681613315534,0.47271830387318436,0.28372576558601814,0.3876300470542557,0.38303268606796836,0.4490263423491401,0.5100508291886818,0.6737475669005988,0.5367197224694561,0.42290709827502465,0.4114954523329188,0.0
0.3115269062020056,0.5550336141796723,0.23773702991347617,0.48763748895183223,0.3705417200307721,0.38898739794529763,0.4347562473967353,0.4745919114078685,0.40740609037098885,0.6764024251524252,0.7262583725810353,0.34176202940687145,0.4921689679408794,0.0
0.3325871921584689,0.5844429946869294,0.2476139728725531,0.483479153450908,0.3131135894809365,0.3847014363988302,0.3393634398801591,0.4728824793797939,0.436331590799659,0.6618942819548046,0.34299416951377215,0.350768364142206,0.5597666087361706,0.0
0.30663276418234053,0.6417787097034324,0.22483743858619237,0.4922502890800846,0.2669643119334708,0.3810212948389505,0.3975641638756564,0.432314552372719,0.3875580758496948,0.6907053092906612,0.399889299203897,0.3420071810104354,0.3677374582935603,0.0
0.4778985165302436,0.14832635818964945,0.3949766934831069,0.31623059896397754,0.6364785296401632,0.2261477146906356,0.38303268606796836,0.4490263423491401,0.5100508291886818,0.6737475669005988,0.5367197224694561,0.42290709827502465,0.4114954523329188,0.0
0.687357458654577,0.7463223818244629,0.5869855125900814,0.4404438905781838,0.7986805448196108,0.37295916494547504,0.5754652363979037,0.5253642979108912,0.8577059693871423,0.35045184199500357,0.5347676946915385,0.4122669475337278,0.41747513263585057,0.0
0.6931172538564114,0.8067557032248995,0.5920545716202392,0.4522805578789466,0.6863401202024857,0.3683814975417496,0.5728667436066168,0.4873529254371727,0.8801368386877577,0.3529529818548236,0.5786426982114353,0.6505182840022634,0.821079179622601,0.0
0.674852598912957,0.72271124321027,0.5904201004579825,0.4186878847445512,0.7460664152733241,0.37048621764138107,0.6187122367116995,0.5286902211516793,0.7253125985389399,0.3738294959516446,0.7068945907871278,0.4450072134737392,0.5792642864327001,0.0
0.6831592862382401,0.6214345186283552,0.5800521529305835,0.47380170321803394,0.7607445685285921,0.3647054253815461,0.6616304055339749,0.5159506462292294,0.907197286305415,0.357554381985441,0.5556248857044268,0.41401368259113036,0.31118866374041104,0.0
0.4452704289161402,0.7467042413756868,0.38040415383483656,0.6799068019061556,0.7983519223781332,0.5809346334170709,0.5754652363979037,0.5253642979108912,0.8577059693871423,0.35045184199500357,0.5347676946915385,0.4122669475337278,0.41747513263585057,0.0
0.5589227613569587,0.7326376988835044,0.4005393127810412,0.21365681284296612,0.8027770089626305,0.1340598897992702,0.8067885471256362,0.34112457474694846,0.842472559540834,0.39832322203341497,0.5366008813696975,0.4185566625168298,0.4178259690865067,1.0
0.584576456203949,0.6770056423387256,0.4057244239238135,0.20156344817960292,0.8584022115729635,0.1341750180169688,0.8055867843314801,0.37224367623779564,0.8311283776233473,0.39436226927979723,0.6231972494074357,0.570999482125871,0.47929574827330135,1.0
0.5299179287099078,0.7456159272564964,0.379982740901243,0.20994207293201583,0.808712867670895,0.13335810332188752,0.8481074184620331,0.34862454864065384,0.9344974976652498,0.40343446724566046,0.37972020321146827,0.32101855052378614,0.4224984021374025,1.0
0.5846930179448688,0.7562335081601166,0.4082155528842442,0.19596635910382476,0.7943798324068236,0.1244300116744424,0.8479713479362752,0.28740413188526315,0.8613811687713469,0.3968967978536371,0.37819354408488615,0.4859695347060273,0.6010684830567012,1.0
0.2159981389923611,0.7514643361282722,0.14310627813808668,0.552864281025776,0.7865750952580832,0.39323020556511007,0.8067885471256362,0.34112457474694846,0.842472559540834,0.39832322203341497,0.5366008813696975,0.4185566625168298,0.4178259690865067,1.0
0.4909162691787916,0.7518220934471707,0.36556350957128964,0.6472370349925285,0.7990187480265956,0.5207588299442474,0.394986504561581,0.6720997555147425,0.8210239872189149,0.735187334424201,0.536303666702463,0.4227883149059023,0.41029252779417524,0.0
0.4975979330874045,0.8554613988323663,0.3552756551900103,0.6172999064735198,0.8957684384648879,0.5218514563732237,0.38998894312987087,0.615638665128639,0.7898809066639139,0.6995558520407961,0.48321582875428576,0.9043712717870889,0.35187596595927173,0.0
0.5012830076259887,0.8390907566266055,0.35534461289704317,0.6353001837199388,0.777989150605201,0.52600004310259,0.3226894144022249,0.7607100822268835,0.8055511032158496,0.7322722205011007,0.5401372673296485,0.44171825476119103,0.5863462691773244,0.0
0.5352955395108911,0.7086300081392114,0.3774138081452261,0.6263912444476873,0.923484591265499,0.5155365530150038,0.39195538357461535,0.6855540549043928,0.9083426713306011,0.695551885432917,0.5175993045643128,0.13415299279822113,0.43868736723522656,0.0
0.6543296849984936,0.7470972337844248,0.5272130820387242,0.48559494972875417,0.8030848893946292,0.35801836892336975,0.394986504561581,0.6720997555147425,0.8210239872189149,0.735187334424201,0.536303666702463,0.4227883149059023,0.41029252779417524,0.0
0.423951254300841,0.731406510219303,0.2638441373891454,0.13440159533653828,0.8046501392859113,0.17052564036763912,0.6809667137235397,0.13184793249565274,0.8597464759593976,0.29571882524268034,0.5367601931043889,0.41959466111592375,0.41594509102384924,0.0
0.4237621944792842,0.6451045773132424,0.26928248963658424,0.13746384385649613,0.8117441814030304,0.1596531986006649,0.626304021906834,0.16672830425844598,0.8160700382335797,0.280979084837943,0.3752055530401597,0.3356877658216665,0.2082490990862711,0.0
0.38669582745880016,0.9090435679828577,0.25387159552536437,0.12933390750462426,0.9593442411597497,0.16640545114730698,0.6731280127565442,0.1296337573685875,0.8408815737458788,0.3017836119767898,0.4557603365375947,0.3007354590177096,0.629041052685173,0.0
0.43227601211880984,0.7482481180910465,0.25768824701190557,0.13799003454998493,0.836736523456894,0.1640801940899943,0.6819917738966106,0.13501486170403787,0.8071252764903765,0.2846524911090216,0.3905679269591885,0.020429916818533955,0.45155018570695515,0.0
0.1358744150678386,0.7536409151270025,0.17932758998704795,0.41935580656969806,0.785515553278703,0.2556125458147977,0.6809667137235397,0.13184793249565274,0.8597464759593976,0.29571882524268034,0.5367601931043889,0.41959466111592375,0.41594509102384924,0.0
0.5754949097094686,0.39670977761475434,0.6276329050630065,0.8124517976583814,0.4141253736954962,0.8807634482215985,0.5841205442222149,0.7612884650662313,0.506918986539711,0.9371437550265738,0.5338412776891872,0.4148178625001077,0.4122583027720677,0.0
0.5251673683966476,0.5154326562275688,0.6336176510601756,0.8263506116598709,0.4552223562648994,0.8741912427393488,0.5894956809487114,0.798485543064781,0.42654533096727754,0.9424201748349865,0.2298117474898863,0.6123009043570253,0.2529671623918034,0.0
0.5795423354631124,0.3499814637062073,0.6243185773560012,0.8094409884604934,0.5019125278053806,0.8830319664094162,0.5889817115793959,0.7678522368380172,0.4781521150723389,0.92207462939968,0.7745614733234081,0.06035410641440048,0.19763742014599256,0.0
0.564176845637244,0.33037508939587923,0.6286846719408774,0.8282528700983169,0.5130885003932768,0.8770322722528674,0.6080433522306942,0.7914774994482974,0.6358599799994735,0.9521859014949603,0.8534842544104373,0.43758455514953737,0.38889330672992317,0.0
0.8213549288699236,0.2998508116280014,0.8848045025482805,0.5692567944774005,0.4974807062504496,0.6218563339162975,0.5841205442222149,0.7612884650662313,0.506918986539711,0.9371437550265738,0.5338412776891872,0.4148178625001077,0.4122583027720677,0.0
0.4172793579774865,0.521266439109672,0.26897675915527536,0.6244318674990876,0.35038633367728167,0.4525861972553698,0.5110221775998139,0.3893224429951596,0.46767236712297766,0.6286995011083083,0.5372504514452533,0.42434503032939186,0.4128812238348368,1.0
0.4473234967643953,0.5934585797419718,0.2682681796283725,0.6491491369519955,0.37779192778793735,0.46234334197425514,0.5356691402670128,0.3325728120863314,0.463482133563776,0.6380739438072303,0.5753419045557372,0.3608010875292696,0.5589821945045422,1.0
0.4103256014180192,0.4434582929843227,0.2620299325713141,0.6147895325445463,0.2903297332990302,0.44903011292416367,0.4633347785740174,0.4506892298281642,0.5078870894021481,0.6241529316034655,0.5592331955442094,0.3180224524819158,0.5848439217868092,1.0
0.39402012755640525,0.43310825157841215,0.28347218959506876,0.620760483429001,0.3437937488996994,0.45318219572941915,0.5206181719994896,0.37059368668371295,0.5123245144523416,0.6214057184526607,0.6738762060995915,0.38092155119019033,0.6172169839681635,1.0
0.6312746104963161,0.22578599393823673,0.45949742694590273,0.4127562307089221,0.6046722484589839,0.2607798049650442,0.5110221775998139,0.3893224429951596,0.46767236712297766,0.6286995011083083,0.5372504514452533,0.42434503032939186,0.4128812238348368,1.0
0.6116371218942653,0.6793473459544828,0.5625160434649721,0.48242959129956864,0.15607838893268422,0.5468398645994981,0.30438993561165373,0.6491708524375834,0.4990590711280962,0.8702860761027627,0.5337595514578186,0.4160995293007168,0.41012857487972176,0.0
0.6460152826423524,0.47765333994972536,0.5743487146015451,0.5091637396097619,0.06873727620595282,0.5489798595354687,0.33180417754846403,0.6313775983643257,0.5651907750752603,0.8909087806301621,0.10530113899930632,0.43054150376191846,0.4321614245340834,0.0
0.6041813169701782,0.5997410568502168,0.5619589356013275,0.48420281630753115,0.33655627596408877,0.5699869847747967,0.31439111298946215,0.5990863278364582,0.5640767678034333,0.8676061083536857,0.4137358913856497,0.575706262069967,0.3661247356095303,0.0
0.6038235589688532,0.6070738460111151,0.5600982701789095,0.4826145492595688,0.0,0.5305047752845848,0.36428227090179766,0.5952795328874725,0.5226567836351332,0.8693446086023664,0.3170943133027049,0.25655501297503014,0.5145050742639636,0.0
0.48771622364385037,0.0,0.5531192892295023,0.6050072407568052,0.7407142392690051,0.5563000326224499,0.30438993561165373,0.6491708524375834,0.4990590711280962,0.8702860761027627,0.5337595514578186,0.4160995293007168,0.41012857487972176,0.0
0.49542460451814785,0.7463871035026752,0.27353304488615365,0.18378280684976644,0.7996959165574804,0.17971454567279893,0.7304051128939503,0.5530707121105873,0.8437408256014027,0.5417599045050026,0.5367361267969594,0.41929731236381773,0.41796470759651433,0.0
0.4769230370498856,0.6935066035720769,0.2834471441058712,0.20472480477070798,0.8390039458983214,0.1824532789378157,0.7838424821259251,0.59540066285874,0.8799943705995599,0.5213065576444329,0.6542569626765123,0.5747059464085936,0.3854455519819534,0.0
0.5091732719971054,0.7410096657193765,0.2880697565676433,0.1922286687166097,0.8922451331976955,0.1679517146238012,0.7338974959706245,0.5620602790566389,0.7901568187763388,0.5367466525501969,0.6129748177503321,0.23950063223849932,0.3080873607136648,0.0
0.4873987988715771,0.847353790075072,0.26311988165685846,0.19448670944684077,0.7970709064225492,0.1978573081274237,0.7261472325871026,0.5719815799237793,0.8024637402272692,0.5393225523297944,0.3568131285768519,0.5443710571476388,0.41121113713502727,0.0
0.18579676318357574,0.7478841041823934,0.1884548998441355,0.4900544166682739,0.7984076208563895,0.26536683868909167,0.7304051128939503,0.5530707121105873,0.8437408256014027,0.5417599045050026,0.5367361267969594,0.41929731236381773,0.41796470759651433,0.0
0.4331203892769806,0.5549113039831131,0.2847630540222644,0.6484537801927894,0.31312512453647656,0.4610447864322275,0.5303931501557572,0.42963546641516004,0.30433523467780965,0.7018959457990843,0.5367280162607759,0.42401467820777783,0.41217789609324085,1.0
0.41592287650558424,0.46172806001485256,0.29391698639492586,0.6168810770247761,0.462016069378242,0.45471018721046214,0.5326521401590714,0.42461726195061633,0.24619775124609333,0.7108024309985337,0.2539761252820756,0.3109315306923715,0.3974729643033726,1.0
0.40788892948686195,0.5630051529235391,0.26249886153455265,0.6328033207177111,0.2299794928635297,0.45680369729830067,0.4719120373345651,0.40373504578050223,0.32338495580478543,0.6953983156935326,0.6861752834139723,0.3955146189503165,0.5820486773332931,1.0
0.44658880429367187,0.6053033892818505,0.28147411828906094,0.6162993885373385,0.27905165924711994,0.4607113760044836,0.5694414992662146,0.4074408561080567,0.3407952588670895,0.7140945026482906,0.5421877275804111,0.7645701937025217,0.35080103984258526,1.0
0.6555597637186015,0.18248843782309443,0.46789931615980446,0.42842555209930344,0.6336265003624746,0.2766726332927087,0.5303931501557572,0.42963546641516004,0.30433523467780965,0.7018959457990843,0.5367280162607759,0.42401467820777783,0.41217789609324085,1.0
0.5358917584773026,0.712949341984082,0.3685146074356959,0.612019454146183,0.8018517452009366,0.5221664158309933,0.21013678917332368,0.5719110118471562,0.7895081399497048,0.7643743604250197,0.5367660481541384,0.4227763995904248,0.41011678994237494,0.0
0.5141346281771972,0.6723256777988578,0.3753128604505535,0.5865034990152247,0.7903056404076505,0.5438637471807348,0.2764704390714427,0.5227141882727082,0.7524319310340957,0.7658033962833428,0.5838012799289527,0.5576865833158212,0.2197449843546487,0.0
0.5383382199159166,0.8589553842089117,0.36388139367510547,0.6223728694012407,1.0,0.535857220276456,0.28425825151326456,0.5735574985895564,0.6938680065908098,0.7654456179382623,0.6082952750931997,0.34280550597746673,0.2986304167703654,0.0
0.5068673216513151,0.7208342204705254,0.35945652153341695,0.6104046643142147,0.8035007731536741,0.5136345531597397,0.19640077326138478,0.5910693637133706,0.7973363556060988,0.769170751815859,0.2574285925766661,0.23561036546730343,0.4937106268614393,0.0
0.6187261775727104,0.7503891788650723,0.528611232537846,0.5300829242289078,0.7696315989065283,0.36098938220624094,0.21013678917332368,0.5719110118471562,0.7895081399497048,0.7643743604250197,0.5367660481541384,0.4227763995904248,0.41011678994237494,0.0
0.48211651887367113,0.7272569104592463,0.22603284099523407,0.20552489327909607,0.7851029033300101,0.1108538036891546,0.6494528001468155,0.32434242179395945,0.8641249074844133,0.314309469300025,0.5367527919203413,0.4207227230651098,0.41713470982187006,1.0
0.48271247481405233,0.6957090520192928,0.21286993331877652,0.24934633171023135,0.7518704317529856,0.1233877317855126,0.6889956821008961,0.3018960869319889,0.7707035727640807,0.30616476841833484,0.6996973278934092,0.5313415744572988,0.4891034343885737,1.0
0.5030112842191752,0.7417431290546119,0.22063416189451074,0.19748340592201385,0.793905720780856,0.10554322153652124,0.5782021477542241,0.3191580051145735,0.8398041914998622,0.31372960754695156,0.7366152480583605,0.5790260267427949,0.9392443514322778,1.0
0.4554759142479119,0.7031428592797955,0.24009259114145304,0.20066593987990577,0.8066715790850605,0.12079762023829294,0.6452072691796727,0.3399182238718197,0.9426817458127825,0.31510397013189695,0.4775396647355903,0.4301722373273502,0.33384477831946835,1.0
0.2077771070071912,0.7309270106345771,0.1200557480190807,0.47689058490053515,0.781944471712368,0.21754608072605247,0.6494528001468155,0.32434242179395945,0.8641249074844133,0.314309469300025,0.5367527919203413,0.4207227230651098,0.41713470982187006,1.0
0.9315405992543075,0.7485892540444095,0.8364864607388407,0.8021543348736522,0.8024373717984741,0.6167946768810066,0.2967625030540099,0.8697807083615308,0.6310492180261278,0.9205662508923098,0.531067482861274,0.41311928291967,0.4113044961368281,0.0
0.9505253993329155,0.6934097402197175,0.8262687028299527,0.8077454842364369,0.7880874666116675,0.6201452934110219,0.25923693590816194,0.8706964216692654,0.6749849026814534,0.9198542318596463,0.41458152479193033,0.38655402499983943,0.3627984309069474,0.0
0.9507585634864659,0.749449816343132,0.8302611510023816,0.8191816334248165,0.8489927860535218,0.6170986702464403,0.30555926141509976,0.8580412377194655,0.7054478689274166,0.911104103819212,0.4678994468924178,0.2825503742322394,0.7198782998837028,0.0
0.9362558087139061,0.6464486813773984,0.8335578180664915,0.8302910371163392,0.8504609741844558,0.610602654200973,0.3017750373819346,0.8421218281842142,0.6589157355300479,0.9027740311873866,0.5118025696807643,0.08452980411406102,0.5889659993683098,0.0
0.8109446228831945,0.7510696774601033,0.6226051775353907,0.921443103162757,0.8003027576552633,0.8321193331789905,0.2967625030540099,0.8697807083615308,0.6310492180261278,0.9205662508923098,0.531067482861274,0.41311928291967,0.4113044961368281,0.0
0.3637078197959842,0.5425848332636605,0.1983317581856217,0.5596761612179262,0.3597224526548253,0.33405759657270634,0.48373761661847353,0.315096309035126,0.1753207550754361,0.6121386975443524,0.5379391870475234,0.426277406888781,0.41266059908475183,1.0
0.35139843765762313,0.617099227563255,0.18186474099505662,0.5836736234627269,0.3842065656155498,0.3278232441839087,0.37908673678407867,0.256240674382469,0.18538825872579245,0.6353579604918604,0.6649598971414193,0.38076507029688,0.5052019211712188,1.0
0.3748523905322707,0.5352568375108095,0.19402671005250355,0.5709037583371224,0.3165389904874605,0.3384438184635053,0.48153812863157514,0.22308240364030585,0.2150441420733955,0.6144806588302267,0.4459143251093392,0.4216845210428461,0.09001631673497296,1.0
0.37213502812254706,0.5398312827309102,0.18586728755660087,0.5377654090613722,0.4564482755886736,0.33089961598187884,0.486932925308718,0.33067391916894007,0.23732929211758425,0.6230863376393709,0.6713244054158332,0.34604908777465426,0.38717574525025217,1.0
0.5658092885168711,0.2366345719808951,0.3417633520555912,0.35976538476760656,0.623018529736509,0.18965805777367495,0.48373761661847353,0.315096309035126,0.1753207550754361,0.6121386975443524,0.5379391870475234,0.426277406888781,0.41266059908475183,1.0
0.5968558287462953,0.7337964119249722,0.5698942306343904,0.44969664868310666,0.2097732305524218,0.5306901566668429,0.3463942152474589,0.6345952414034564,0.5168460160891346,0.8586393640167611,0.533884707170135,0.41572859320371347,0.4103631033813484,0.0
0.6212993612716211,0.580384608735045,0.5674082509293352,0.4675493493470957,0.07960877403354871,0.5441898810554409,0.3029265009699671,0.6402444383163823,0.47549305448416135,0.8465346684608439,0.6391078734723984,0.3215607144843092,0.4814176904647497,0.0
0.6105903339794398,0.7760361260411841,0.5912335298234452,0.4313267441508408,0.28678060337660405,0.527146815134858,0.3848615300296732,0.6712792324124415,0.4865452137116666,0.8476561242809535,0.6192158052440054,0.5328560288702744,0.11216203380067119,0.0
0.579313062911905,0.7052689817767508,0.577005327799226,0.46714428828855237,0.28690505921123766,0.531897554337466,0.31473427781196955,0.6312598885629539,0.40226424054007204,0.8538744010926747,0.7961905415376304,0.576217109571544,0.16991723615761178,0.0
0.45462458198346445,0.06239345076910752,0.5370778366834588,0.5903861704159881,0.78757226583412,0.5637280113242886,0.3463942152474589,0.6345952414034564,0.5168460160891346,0.8586393640167611,0.533884707170135,0.41572859320371347,0.4103631033813484,0.0
0.3679468864586246,0.7162496255726936,0.29235395001609427,0.5051807915570876,0.8042716518578636,0.49187217666340183,0.3476297880978883,0.560410552106541,0.8639016023689781,0.8108617031192054,0.538722497558927,0.4242722852740369,0.4106841475516339,0.0
0.4002629671720066,0.8359901497046529,0.2929221498207086,0.5012616464193891,0.7431118485656611,0.4999806590615506,0.40350381852026695,0.5819063559208448,0.8495628387061203,0.8240198585874035,0.5330160485513562,0.6024373284838426,0.39008280625593567,0.0
0.3528350041848114,0.8258976856211238,0.2987355872168614,0.4831108730320217,0.867282854780445,0.48685982797711475,0.3805373377045789,0.5546868160642813,0.9382332118928165,0.8116769386786604,0.4831101749149497,0.2978622679542196,0.20037106007990604,0.0
0.35230468386573044,0.5641806107897196,0.29773233393270765,0.5250531087831751,0.783390405993778,0.48358794914144504,0.29960393305134403,0.5376931534597524,0.9057561540027077,0.8129217283212797,0.6313553941685377,0.545176762090117,0.5515884066176746,0.0
0.5107167395182421,0.753201112419772,0.49852006296054513,0.36395850178608535,0.772471772072242,0.2843147562797415,0.3476297880978883,0.560410552106541,0.8639016023689781,0.8108617031192054,0.538722497558927,0.4242722852740369,0.4106841475516339,0.0
0.44675531206521457,0.7413955048955092,0.3058133810744991,0.14969779068802325,0.7501072454248021,0.1461909418723848,0.6978053637378123,0.13826314998500067,0.8586602915772321,0.30432348791934505,0.5359045468273045,0.4190307277236558,0.4158674733437558,0.0
0.43668932138008243,0.610089007205751,0.30966023861408604,0.12786548677462495,0.783289047784498,0.13845771280911012,0.6531840216658091,0.06494362280211341,0.8778722329710753,0.28056164293779506,0.5043209962294948,0.4383965674204314,0.610646517072704,0.0
0.4233503701849961,0.7094582443493085,0.3066612313182419,0.1201915248087686,0.7486086794678126,0.12569085715237294,0.7277866990364636,0.1019494247766426,0.825503316658839,0.2938418023437108,0.8032244455968898,0.34408817665896657,0.5629872319435648,0.0
0.39334673625333005,0.7647654726516464,0.3151713922043587,0.12923826891065104,0.7082926682387853,0.14223100114088055,0.6787376239373679,0.09734763849919759,0.8183012683951887,0.3003924489844354,0.4977460220345301,0.5200720029494162,0.3186160410973444,0.0
0.15133823148268277,0.6902620269457422,0.1551560128438743,0.44191267823790836,0.7941119280659237,0.29786501801003334,0.6978053637378123,0.13826314998500067,0.8586602915772321,0.30432348791934505,0.5359045468273045,0.4190307277236558,0.4158674733437558,0.0
0.3873337921951565,0.5045831182006548,0.2107374840632335,0.6054486542899746,0.3622016470306644,0.41527426468717704,0.5356928055321034,0.3515402924663267,0.2347860923832652,0.6291074556714165,0.5375068178849366,0.42582987380253984,0.41246763749031123,1.0
0.3885142440208025,0.5072315280382451,0.21312419369684438,0.5950698976272792,0.34699954461274807,0.41249497199146173,0.5537151306064895,0.35469828680158333,0.26552684428531315,0.633049955426289,0.6672913966570555,0.41834949505664304,0.5288585146672767,1.0
0.3607734781312941,0.4717309980999769,0.2067101516506214,0.6116359584157962,0.4321890576825034,0.4241189251132313,0.5275847368557884,0.3590879621488714,0.22662121189057416,0.6501961855767551,0.7525382385713208,0.4155027016610519,0.46332031759697545,1.0
0.3913817382443381,0.48062999785767957,0.22155450137922633,0.6116226843170103,0.3708109499880159,0.4178135122814069,0.5042824224781376,0.3131092677934557,0.28179086238904993,0.619321518066027,0.40702021743486316,0.4109184268561767,0.3811308457041469,1.0
0.6120833725914556,0.23951539791444532,0.42243560525911056,0.38313526187243463,0.5903148397428684,0.20214750341713877,0.5356928055321034,0.3515402924663267,0.2347860923832652,0.6291074556714165,0.5375068178849366,0.42582987380253984,0.41246763749031123,1.0
0.36294414326462787,0.747702220866433,0.27969834512347963,0.5061996046555342,0.8011461419376555,0.47838010136186154,0.3614689616888968,0.5535316192796795,0.8484446969278352,0.7993685613993569,0.5388399078461341,0.4246354661441562,0.4107299263108814,0.0
0.33711455939350543,0.720658321746555,0.28440708931044073,0.47209633942499174,0.7655550002040137,0.4718265815017733,0.3866157264478456,0.5218659025599033,0.9342842969442415,0.8196765071154115,0.7642339676864208,0.5869133634385234,0.4198046691016469,0.0
0.34440433419987704,0.692937223027803,0.2913285570329009,0.516186198614812,0.713391993643727,0.4767037848700763,0.3328604171131405,0.5834462275103078,0.9591338959726166,0.8096847795974771,0.8308111638672474,0.634430194181661,0.715234873415934,0.0
0.3573495045483659,0.7372329378583107,0.2763589658654401,0.5018808453133388,0.8717781250350747,0.48202951444846714,0.2910936647275146,0.5748313113280084,0.827265523309201,0.7897426738428,0.6987836971342901,0.4016159260855121,0.5157474076107046,0.0
0.5117467171272749,0.7495692672843344,0.4851184282932289,0.35900998615864754,0.7995393905804207,0.271573745318286,0.3614689616888968,0.5535316192796795,0.8484446969278352,0.7993685613993569,0.5388399078461341,0.4246354661441562,0.4107299263108814,0.0
0.6837887208520161,0.7397995073355226,0.6750966695867155,0.4977122123843092,0.7931827374421445,0.4259519922499801,0.43446424270360134,0.3311000914652613,0.8475273213523202,0.3215223213804448,0.5352729265730264,0.4124493545787706,0.4180324168559688,0.0
0.6659217335301837,0.780743862490068,0.6659112737492285,0.5121940154354028,0.785838162621399,0.42421999974440433,0.4369259437206137,0.3806758336568148,0.8168881311312077,0.3254532001662134,0.7045167444834058,0.519998737987342,0.34901036320758294,0.0
0.6745319255428806,0.5778941650730047,0.6830826705733155,0.4889685723104793,0.8374312886796922,0.42681771859560974,0.3896792437176919,0.3055453411533744,0.9566784557444823,0.3213086130245537,0.7406956412062959,0.08094387117085988,0.2606546681727294,0.0
0.6801347918683929,0.678776582463243,0.6584296972412675,0.49663010187126266,0.8515788487416192,0.42790252026140846,0.4836095549026004,0.3590183163080036,0.8304810510429377,0.3331498428882387,0.6227705101579418,0.41954524865624054,0.0007500107987634674,0.0
0.5031663170403831,0.7403157846152908,0.43304175743923384,0.6763767476736313,0.7927384371762134,0.6696404066018651,0.43446424270360134,0.3311000914652613,0.8475273213523202,0.3215223213804448,0.5352729265730264,0.4124493545787706,0.4180324168559688,0.0
0.5326668449156506,0.7465530646908238,0.29492615240626313,0.7304173153348055,0.8045179639026205,0.46354069017611116,0.4921180572311215,0.7476988021448321,0.7821531186538433,0.7341028810497952,0.5359122454105971,0.42433768597545524,0.4117866165833171,1.0
0.543170598454711,0.9142338421605753,0.2957108428201893,0.7294174952899799,0.7911247260760383,0.47954387230367507,0.44841401057801594,0.7003461614483273,0.8053450600451022,0.7379252941901535,0.620703412741397,0.3877230880643099,0.3896218783058028,1.0
0.511211659028203,0.6691992161941833,0.3011254448606407,0.6871535435496487,0.8642578466192514,0.4489741800072336,0.45525070357474773,0.7537078043998866,0.8497053184088177,0.7348037799985534,0.43582112201584855,0.4483614143959522,0.4160371169429763,1.0
0.5533054503244723,0.7159694376130616,0.3118158373834799,0.7610610848584183,0.8574292258545864,0.46001848493183645,0.4630358396337715,0.8039183987279799,0.8853590949956605,0.7248256773540729,0.48922560389301606,0.13690599453018076,0.7065149448148166,1.0
0.7384214839714565,0.7534873272213218,0.47037848925903086,0.5268929673316358,0.7985504444957741,0.2869043171206736,0.4921180572311215,0.7476988021448321,0.7821531186538433,0.7341028810497952,0.5359122454105971,0.42433768597545524,0.4117866165833171,1.0
0.5835204479114942,0.7495372777483134,0.5388340796428497,0.43113451554775395,0.2171225361571114,0.5246588624424746,0.35885110924969565,0.6367905813787358,0.5996354446593095,0.8545361367368234,0.5341578229954288,0.41636364870319376,0.4097487400596099,0.0
0.5870230938649144,0.7797796146420595,0.5446472900315924,0.4063994446077306,0.2518406177830599,0.5289743139136378,0.34165877668796807,0.6500808661389481,0.5138225800505722,0.8535426801750032,0.6743791815055563,0.2895433940615204,0.5961831817151199,0.0
0.6081083121706743,0.8347778491534932,0.5312873717569899,0.39768548947438687,0.24994990421848584,0.5116776267643302,0.33171424244824055,0.5985486139522642,0.6250475298373601,0.8586364984104329,0.2209825539945499,0.4754573621826943,0.2812423004755392,0.0
0.5603178458992244,0.7766158085539754,0.5444551134263969,0.44166611720735593,0.23334573980403128,0.5226663963852292,0.39385894960494505,0.6891697100957472,0.6235335693455948,0.8538271926849161,0.4965979484142052,0.5651287564453424,0.3383768030369875,0.0
0.4358590384952188,0.07093335001456502,0.5310869716786621,0.5771953393259501,0.8011186122362393,0.5324582515928811,0.35885110924969565,0.6367905813787358,0.5996354446593095,0.8545361367368234,0.5341578229954288,0.41636364870319376,0.4097487400596099,0.0
0.14785943720625472,0.5411020503861863,0.050813376497862994,0.4181451765840558,0.4667937589835276,0.21470289084532806,0.6506652090035666,0.5525897364317878,0.5783947401009364,0.8095300618398555,0.5385003787977555,0.4273361956590185,0.4113854956712083,0.0
0.14178868412275936,0.374529089775427,0.05816727358674362,0.40068717797382725,0.426486970091144,0.20714541985339968,0.7383265542421339,0.5036346134582876,0.6550258366161366,0.8044231859981554,0.4754495532853888,0.6065692758511407,0.35490267545829657,0.0
0.15069501570569832,0.5924809837521572,0.049935568525013685,0.3860420278089145,0.4936432619354214,0.21204280990472485,0.6463510357165536,0.5494772282588656,0.6596433359024569,0.8329214538248904,0.7605968392563351,0.4722983186267223,0.6376964191033094,0.0
0.17568775589709063,0.5715043069487802,0.05236692007843752,0.41056424690184024,0.4610603627399019,0.2246257323725676,0.6628568438807518,0.5391002595644077,0.5978089245781959,0.8194880675048661,0.6043179213296231,0.5980273984947833,0.3150713101853324,0.0
0.42272735780801396,0.36105151928311763,0.22320870970188672,0.1462567050328163,0.6217424696567893,0.041144151559935505,0.6506652090035666,0.5525897364317878,0.5783947401009364,0.8095300618398555,0.5385003787977555,0.4273361956590185,0.4113854956712083,0.0
0.5195037058886465,0.7513621613533701,0.3141724784839775,0.26254446091399286,0.8009999593291699,0.1375872075918158,0.6029823588514535,0.29899630512237874,0.8393286740519379,0.3605846363356171,0.5351426893819593,0.4193109944329695,0.41603368941984326,1.0
0.534488541705735,0.5726101221970037,0.3194836636261476,0.23583519006752152,0.795291148460123,0.14254195033744138,0.562140083399375,0.2421568538676695,0.8623765919495217,0.34425320715672103,0.45585425981114824,0.4001680226735263,0.5344545028677534,1.0
0.5389581035882238,0.5417197765012105,0.31215346237416214,0.23192396546337157,0.8134544428021666,0.13180193143077673,0.5395325458012651,0.24503636299000586,0.7059935957991996,0.349589430770608,0.7625473439690754,0.8575418117243452,0.33542168307083503,1.0
0.5321845427231575,0.8198098950284134,0.32978699379099835,0.2727490176999994,0.7543842051530874,0.12352651411994597,0.5906195967822186,0.31767191165455344,0.8321208411806769,0.356608193970013,0.5259601831696578,0.28474273655191407,0.3143719419449173,1.0
0.26542151502491684,0.7493994029712869,0.14660995146889172,0.5138725110228983,0.8026890789268943,0.3062805266029249,0.6029823588514535,0.29899630512237874,0.8393286740519379,0.3605846363356171,0.5351426893819593,0.4193109944329695,0.41603368941984326,1.0
0.3569870735062377,0.48697780615944275,0.24273884501923487,0.6174213848500143,0.2989740508169234,0.4740498069447249,0.6330753866570085,0.4251085114411506,0.2012773719102281,0.7169305136078061,0.5375963910958126,0.4254416399544467,0.41226171555794855,1.0
0.3797473775858502,0.45577329934799415,0.24179049316455653,0.6625071042007562,0.2001155231510534,0.4705024408761063,0.5850305520374944,0.44476479378066447,0.19436556554730444,0.7177789983902279,0.5821341875795212,0.2720955945436182,0.4339845451770716,1.0
0.38655161739186195,0.48672340685459936,0.24567325362811404,0.5962770049802462,0.2620651641563079,0.4871615556350937,0.586106236859289,0.43798927735107274,0.1818405397246643,0.74194150275981,0.47035603314631313,0.41969958128430246,0.32619709856142887,1.0
0.3587076841957271,0.42011132507546023,0.23952465618700597,0.5845649868121328,0.3381785800774857,0.4879783213666687,0.550418999843129,0.4792614061847562,0.30642534590947257,0.7350916783537864,0.6715302368327934,0.3757317277404408,0.5743749208739086,1.0
0.6241873045242339,0.16604487835226323,0.4808171608837772,0.35311748845288804,0.5751639796755637,0.23436482484757032,0.6330753866570085,0.4251085114411506,0.2012773719102281,0.7169305136078061,0.5375963910958126,0.4254416399544467,0.41226171555794855,1.0
0.37909909930948826,0.5025439235618521,0.22347030509974192,0.6486538836711597,0.3635863838865667,0.4534077452829251,0.6547830643154781,0.4178252947011041,0.17180476613242135,0.7020273139633217,0.5370191083345773,0.42562162284909927,0.4126404213748763,1.0
0.3585049849052604,0.6228588757405156,0.2288852010945111,0.6355282319998747,0.27528566248674835,0.4545942592798972,0.6905011589026168,0.40693538427917364,0.24751133395972147,0.7247913734524254,0.22818574196892405,0.4168049859393702,0.32071383565104217,1.0
0.418937757686598,0.5776836895360766,0.22143001458798767,0.660752175921981,0.11893178065936993,0.45628513451396885,0.6484942377712302,0.43962429747710186,0.10716531238475113,0.6930840275323296,0.6537825839468602,0.5156110494744963,0.4567513628551538,1.0
0.3933424466125661,0.5736996097588829,0.2189190630477426,0.6639245620338765,0.42130464312173643,0.45257308867029805,0.6254276765084253,0.42785978674851055,0.2580313174753712,0.6986014553636142,0.40611617544734235,0.3952635560199418,0.15188320718298037,1.0
0.6557620600009373,0.24112446329652926,0.4603134679389212,0.374989829486303,0.5885599402812627,0.21496625161392197,0.6547830643154781,0.4178252947011041,0.17180476613242135,0.7020273139633217,0.5370191083345773,0.42562162284909927,0.4126404213748763,1.0
0.3498100993220854,0.5489721728138921,0.20439451263319947,0.5941691113904866,0.3669863510709259,0.37730587432579626,0.5956138205263423,0.3553016610778448,0.27447074509772307,0.632228645290829,0.5378176389249774,0.42604480144137735,0.41284765274472196,1.0
0.3758237488201006,0.47455118854587397,0.19764125257765586,0.6044142611795649,0.42223440449241423,0.3776926335440057,0.6583589769522723,0.3528349684508232,0.1874691939439792,0.6184637155363475,0.669506959676773,0.3623078256260436,0.23583159734778006,1.0
0.3152584309536688,0.610759560811017,0.20036643213261374,0.6050358560842755,0.5141809216448472,0.3831100276460782,0.6293572446111498,0.32133430335186475,0.249792494874173,0.6149400193833838,0.5986839734700131,0.6749864107572195,0.5574411847731354,1.0
0.33285379851967445,0.49937154032916276,0.2065378732202084,0.5763025440311322,0.28635667632261175,0.3733176083018132,0.6026144846201559,0.32358718759995675,0.28339079185869487,0.625913179584884,0.45385778075490674,0.5500360066283694,0.3525208192043704,1.0
0.600680224512276,0.24507522800194081,0.3847217261740164,0.3460183095562748,0.628515375660136,0.19576172658513408,0.5956138205263423,0.3553016610778448,0.27447074509772307,0.632228645290829,0.5378176389249774,0.42604480144137735,0.41284765274472196,1.0
0.44387695238316605,0.48370053296763516,0.20528117127863926,0.6751239113589662,0.34573112927965965,0.4066156898579831,0.5675696222319976,0.4676188255582492,0.20183442676354701,0.6738184057095618,0.5360633772912855,0.42605580256454667,0.41276836991381355,1.0
0.4372308068459603,0.44949625183208397,0.1996915916634881,0.6793826307765709,0.4130201595854768,0.40246078651403255,0.48549771085880306,0.4760988925760339,0.1871966829098035,0.6702646615871624,0.5100675396569655,0.566300517484206,0.25908036058546824,1.0
0.41380768178334115,0.48391077421193884,0.2119344858399949,0.6760041563854533,0.27388107261044325,0.42174901702464557,0.5793821973261517,0.47581933304756596,0.20873669911328996,0.6906673431973924,0.4079473355045114,0.6319485412665209,0.643735973159626,1.0
0.4387613034765616,0.6170409956265122,0.19241305589887253,0.6738370884953682,0.32788710853801284,0.42268396746716425,0.6119261318655617,0.48609591430761157,0.297426895163305,0.6958652908636875,0.4048095520734372,0.33202544023421116,0.08045647071338069,1.0
0.6825221555184378,0.22037664254355072,0.4138350709449246,0.4390655187264838,0.572343608902516,0.1966543688267713,0.5675696222319976,0.4676188255582492,0.20183442676354701,0.6738184057095618,0.5360633772912855,0.42605580256454667,0.41276836991381355,1.0
0.16947334775056122,0.6976719846620743,0.035798190743979164,0.3783794648962622,0.48484500023613997,0.16948488788145166,0.5088595587128797,0.6117538011830943,0.5846890124355504,0.841183834440338,0.538175479008067,0.428074031026316,0.4107404894502618,0.0
0.1432634726692945,0.6249126902388884,0.035687172204845075,0.4067123896932978,0.629464871895463,0.17473717916217457,0.5605156203683813,0.6750835444226357,0.5431610825358018,0.8618903995183531,0.5343805497719023,0.36526146906547813,0.4397889582378288,0.0
0.16899434233186605,0.687732669036432,0.03809637653316045,0.34504707282233493,0.4554913483261558,0.15990337550634454,0.5179855258487249,0.6068479474819686,0.6311875203617809,0.838240136460122,0.598650077191208,0.14320500649084827,0.1613710950799132,0.0
0.18862078771366741,0.5405726751905888,0.04328040899364838,0.3868084685555391,0.47235478947174236,0.17048481632351814,0.4718019006810181,0.6121663319237376,0.6301855036315605,0.8713054186808697,0.5612378346835816,0.2930341535723805,0.5084635545407569,0.0
0.38252587953087014,0.38202707668195046,0.1782938139157424,0.16763633016066493,0.7564841407733187,0.026027636158118095,0.5088595587128797,0.6117538011830943,0.5846890124355504,0.841183834440338,0.538175479008067,0.428074031026316,0.4107404894502618,0.0
0.4874654623880246,0.7402822811471292,0.3226690911169489,0.2262420833526284,0.7946260672508902,0.16321040282511934,0.6136769546777334,0.3340169322212869,0.8391595885013299,0.44272769756337627,0.5369935882049877,0.41982158624482824,0.41747706070521523,1.0
0.4938077140335211,0.815085109158268,0.3218437187402113,0.2422129265708466,0.7376365593484042,0.1546624658400908,0.5197131951523045,0.39558214449584383,0.8498639888330395,0.42735905816914554,0.44698730085536775,0.3680992844190135,0.40421827303020474,1.0
0.48060675482451565,0.6878506925641545,0.3189128702357373,0.17793068879019414,0.7596117349660005,0.1552918290928001,0.6753195757749352,0.2822681641234768,0.9268872376114619,0.4378628825590989,0.4942176128097137,0.3108284252339672,0.4127038023619589,1.0
0.4799799090820054,0.7450411497381211,0.31642090031172393,0.2173259369904459,0.7496944306471143,0.16148978721373758,0.5809244925533747,0.4198554515785311,0.7635948172547771,0.4486982726035684,0.6476640328732032,0.37732768417048884,0.610856026797717,1.0
0.22872132330196004,0.7419929350574765,0.17206138824577139,0.4821815481870022,0.793153904874071,0.3148344784377443,0.6136769546777334,0.3340169322212869,0.8391595885013299,0.44272769756337627,0.5369935882049877,0.41982158624482824,0.41747706070521523,1.0
0.3946802416454269,0.5420291773266079,0.23037624644450722,0.6324361413334461,0.2947462870990005,0.4496503964238315,0.5814281398631767,0.4568193475502156,0.2706940842352843,0.7248968473195554,0.537027626861358,0.4257343766577171,0.41241683750229047,1.0
0.39764207121705786,0.4869890611894263,0.23117510165517535,0.6287654295593206,0.3503680309285855,0.4640580245527934,0.5498133830276069,0.4464944297671902,0.2217341267007633,0.7356524874915646,0.5514169641220781,0.26201470118081105,0.48492198151676824,1.0
0.3907680052690852,0.5854954745065069,0.23517877533523207,0.5896653581126148,0.18052739255750794,0.4573735229268577,0.5069144902962455,0.43768518582130955,0.2744727418714401,0.721915650599579,0.40495702373307996,0.09575836712501157,0.5315677769524643,1.0
0.38827725071830654,0.5701284750911757,0.22957478876724197,0.6301697967390036,0.13583686654515503,0.4457421856448875,0.6161507757458656,0.4214331196619936,0.30415193939886365,0.7296917380596872,0.6860046957401003,0.16021094611556197,0.33740843278627286,1.0
0.639366597965386,0.1611322133840769,0.4565813054952769,0.3904020789967815,0.622540340805342,0.22191879755063743,0.5814281398631767,0.4568193475502156,0.2706940842352843,0.7248968473195554,0.537027626861358,0.4257343766577171,0.41241683750229047,1.0
0.5385597390607382,0.7412148482946268,0.5091078508857771,0.27037275098303537,0.80128727587085,0.2936639346369359,0.6285422173941104,0.4094330473547618,0.8642031987649101,0.34393416430225066,0.5361206365718393,0.41342263041680954,0.4186373975941679,0.0
0.5679062518349118,0.7835147142079375,0.5102044008774371,0.23928685979021225,0.7918677043091709,0.2872531711676372,0.6096660062043507,0.4125814191277781,0.7905633757214776,0.3423037595206726,0.20188854990735727,0.5352728308439214,0.3870891669816266,0.0
0.5511100565885876,0.7823093803441328,0.517265249289887,0.23284665437921914,0.8116412730446729,0.30143362741797314,0.6175728325763896,0.4223862735568593,0.871397463990359,0.3172605764475884,0.6669196971594524,0.4594977853886239,0.11480012049433397,0.0
0.5311761057548607,0.6996832102909973,0.51233654262681,0.2676124998414582,0.8810480477694131,0.3051938035315556,0.5809429069351665,0.4413398344953876,0.8120130469758831,0.3305246302393472,0.5375353587467319,0.5252458304048137,0.37772828123442515,0.0
0.2733355902369645,0.7497332650324768,0.30164045857630034,0.5327219850599088,0.7939564577809453,0.5025314160405467,0.6285422173941104,0.4094330473547618,0.8642031987649101,0.34393416430225066,0.5361206365718393,0.41342263041680954,0.4186373975941679,0.0
0.5541552983853344,0.7080220054116477,0.3280944022871313,0.740268190564711,0.736742806066486,0.5207659327918532,0.46566887434926957,0.7140124858291097,0.7172721362263168,0.6907932909181178,0.5354929305812192,0.4238470009579029,0.4111349394485794,1.0
0.5673726259423808,0.6778538978020237,0.32857399106396273,0.7548681622738647,0.7461820322669706,0.5155292189073903,0.4631212870013508,0.6888397538757038,0.6063013563817474,0.6868224438046804,0.7183501423092958,0.7592126562125181,0.23118057341551668,1.0
0.5343397216273722,0.758081773368767,0.3323189011285765,0.7164323008296525,0.7710785223238492,0.5227923025458734,0.4157465654073385,0.7758332718978238,0.6967549138063518,0.6706741035312331,0.8646575385540953,0.3011479049205161,0.4766261729734812,1.0
0.551944588319444,0.6464092224154161,0.3205813545034348,0.700798999501349,0.6666026555483917,0.5175973938894605,0.5267842996318984,0.8256331251753393,0.6652442240824978,0.6915065624081633,0.4687077223363217,0.4558167277451592,0.5154958553419279,1.0
0.7483803085406007,0.6747325372590947,0.5272201372742296,0.5481484952851399,0.7653912090322272,0.32029640219999284,0.46566887434926957,0.7140124858291097,0.7172721362263168,0.6907932909181178,0.5354929305812192,0.4238470009579029,0.4111349394485794,1.0
0.4976281079160474,0.7494169363939491,0.22767843560673845,0.14618169471340448,0.648928642955223,0.0678508192497817,0.8226628818952691,0.3514784166563274,0.830770168835441,0.3974678126125304,0.5370833281243201,0.42166445413260445,0.41817388765678737,1.0
0.49734534695009813,0.8047137141153176,0.24367910690265754,0.15593028133061138,0.6969174883335985,0.05721485524779374,0.8383492397673821,0.285456907216024,0.8754739681163297,0.41441579748770563,0.8119219607372454,0.2987843292719849,0.3139753804136183,1.0
0.47433193739681867,0.7900611568649101,0.2312400121488168,0.137591045056495,0.6152130765401562,0.06471296109567304,0.7520385679153637,0.40442200210178925,0.906015413634897,0.41638716993346603,0.49453481956108314,0.44215285586521796,0.2784876641929991,1.0
0.5368361236113017,0.7903429221007503,0.23171076379875127,0.15273581481005793,0.663310817541511,0.070616498629751,0.8082037018856193,0.36034924600420215,0.8543334344510711,0.40091551319483987,0.5134410835812141,0.2586233151621372,0.30447211223238424,1.0
0.14778360489750408,0.5726924064451318,0.07734102295414075,0.4922340350449881,0.8010150483223448,0.21920278059628345,0.8226628818952691,0.3514784166563274,0.830770168835441,0.3974678126125304,0.5370833281243201,0.42166445413260445,0.41817388765678737,1.0
0.5722734125586748,0.7532838445290295,0.35909529793095635,0.757703110107625,0.7891711218339665,0.5110635373748824,0.4645399036660362,0.3442820643656628,0.7034012923948829,0.3130725415369622,0.5361848324271381,0.42365573960084146,0.4103638148080124,0.0
0.5916749733649893,0.6777420044408533,0.3626123551037121,0.7530367885012015,0.7453631626852495,0.5088303903756954,0.4548553994222762,0.3238717599971688,0.691611540024347,0.29374363806380677,0.4290437103921576,0.1693470055337995,0.6110135434799411,0.0
0.5887698437732292,0.7297808082045876,0.3515987390764736,0.7309300019706941,0.7550753302636437,0.5167183880284574,0.468065945586492,0.39351065556229425,0.8299973216371868,0.3095199172615064,0.7063535847670633,0.349139349855367,0.14402924782354987,0.0
0.5838792525982699,0.7148654611999063,0.3594079584337753,0.7670676881299094,0.7605503700536662,0.5100226774232122,0.4570890533041507,0.34501035952913206,0.6082849785766946,0.31825513756101276,0.7316830291952838,0.314492095840298,0.603031699888045,0.0
0.7660062860352612,0.7356542839309981,0.5175827793533736,0.5660702169585741,0.8043428498353542,0.3515065067002852,0.4645399036660362,0.3442820643656628,0.7034012923948829,0.3130725415369622,0.5361848324271381,0.42365573960084146,0.4103638148080124,0.0
0.5708941137592594,0.7446749299096194,0.6027199647736396,0.43035077433617586,0.16928128050941105,0.5752681581152856,0.33170368324870364,0.6987744633198947,0.6931537726300139,0.9372974515858707,0.5344110649612396,0.4151129617228262,0.4096413661860056,0.0
0.5740119126366481,0.714679282891673,0.5986074751451489,0.44401885612126835,0.13228618101637935,0.5760502218631831,0.312800761161813,0.704329201751702,0.706174109133423,0.931350164817826,0.7102095495846448,0.09777321422009011,0.4526705630450287,0.0
0.5708269208018373,0.6979341337552487,0.6058650613467091,0.42137042937504887,0.23578751210151871,0.5590648274868253,0.26636240291657576,0.6643273018155709,0.7089425556901432,0.9684718695556078,0.5006570892835253,0.27204306798973676,0.3130124177317245,0.0
0.5533759172912376,0.6721827251696126,0.5731319370366899,0.4255792959330451,0.11405883099304326,0.5580373720900818,0.3166659092675387,0.7549107149742706,0.7059779082929225,0.926515096961859,0.45565558485664653,0.3954640342378121,0.7005706735706678,0.0
0.43506670877308196,0.015341771029632412,0.5813570210386574,0.5647058691599498,0.7969341506640628,0.5967752692021056,0.33170368324870364,0.6987744633198947,0.6931537726300139,0.9372974515858707,0.5344110649612396,0.4151129617228262,0.4096413661860056,0.0
0.39775156285321334,0.7438191840830122,0.24781605468551066,0.639243254011336,0.7211392373036887,0.4673478007415332,0.5901692365766135,0.589970249816032,0.7541151350769955,0.6657745361204266,0.5375437668125872,0.4255975354225521,0.41054029501807077,1.0
0.3874300316130985,0.6931638999998153,0.23832274688825744,0.6269172032696138,0.5985305587113672,0.4611089289115163,0.5568119799072023,0.6330801689235086,0.7369514850716676,0.6741339359102076,0.5990662046548374,0.2983807478384515,0.5473049861426609,1.0
0.40381810349555813,0.6253782573510573,0.263244052523473,0.6251637532810026,0.7704096169206345,0.47496177034139214,0.5872219791750024,0.6128884397323473,0.7930074043062305,0.6820656750236356,0.6484397418676713,0.32642724551641383,0.5215058803839765,1.0
0.37702666797092865,0.6829550750666726,0.2356968216008833,0.6422410345095919,0.6982322716773055,0.478588969602942,0.612734584912094,0.5542875638616982,0.7266220208559115,0.6806887090471709,0.9867110127944911,0.12864712845717868,0.4256955795943275,1.0
0.6462483053669481,0.656601177335947,0.4741600798442865,0.39344010841469146,0.7961977090013566,0.23947629795063602,0.5901692365766135,0.589970249816032,0.7541151350769955,0.6657745361204266,0.5375437668125872,0.4255975354225521,0.41054029501807077,1.0
0.5709568588263609,0.31350370586913634,0.6239441612644507,0.799402584790621,0.3442009104751875,0.8906769053727677,0.5642677408113513,0.7387397033296841,0.5110196817411623,0.8851720015758675,0.5336561005291516,0.41468609554584435,0.41212955516694993,0.0
0.5852012226590166,0.2630531943986991,0.6244246646482408,0.8124085257989626,0.3839151558808389,0.9042309152077697,0.5672706405137804,0.7736135770324273,0.42120918201715973,0.8720331121445184,0.5632207925600656,0.4236215467635083,0.42522106177081537,0.0
0.5797092515639997,0.31290731742539357,0.6287506516482897,0.8242212437429077,0.28605809014830896,0.8944606518972427,0.517682262822011,0.7415160844931785,0.5231889740909121,0.8832789229234621,0.15838458341677158,0.5351431928540221,0.1952021465314439,0.0
0.5473687349222427,0.3086288545640521,0.6161007272430905,0.7928204722124961,0.4302423024878941,0.8986918002086115,0.5433372213301664,0.7910260926929809,0.43570910633611604,0.8635991106005185,0.20723193696736159,0.6166996832738685,0.6404580103597297,0.0
0.8081627181594557,0.21859852701582483,0.8946515074056351,0.5647679340977363,0.4258748439506608,0.6181426967120556,0.5642677408113513,0.7387397033296841,0.5110196817411623,0.8851720015758675,0.5336561005291516,0.41468609554584435,0.41212955516694993,0.0
0.41537700094193486,0.710390513944489,0.25040271190315727,0.5116467725202409,0.21016480950562588,0.35068667451183216,0.2538198509068127,0.4880867305914549,0.4707879427069539,0.7010322578056025,0.535726843812238,0.4234706824252873,0.411071720425533,0.0
0.42380428061664066,0.7497650502420079,0.2557280492709065,0.49085731899729046,0.1354298857519307,0.3441426169045619,0.36784574216762905,0.4905263478201718,0.5936328736246068,0.7049411049726153,0.44930335689815515,0.7018581383869604,0.24044966744453153,0.0
0.4349390745615245,0.530463405618768,0.24991242156229782,0.49076042705283784,0.16750577018177992,0.36321028643835623,0.2983712402067324,0.46365193304530017,0.38474428360161106,0.7235546773813193,0.37035072207735587,0.41433364306182147,0.4344203063167322,0.0
0.40600464070761744,0.7549874922495761,0.2518171200286096,0.5037417339438712,0.1409537964544203,0.3461305471364717,0.25467854197454554,0.4257847208311576,0.44335232641030764,0.7084751675990999,0.6546284948353385,0.47546956332222734,0.714031427965697,0.0
0.5172535769643183,0.06284846583949211,0.35828096127535675,0.4108744943985929,0.7674295109529936,0.24208041116712847,0.2538198509068127,0.4880867305914549,0.4707879427069539,0.7010322578056025,0.535726843812238,0.4234706824252873,0.411071720425533,0.0
0.4969015818847584,0.7476547587105742,0.36586275959221853,0.18970247871022572,0.7908617259369315,0.16166238110473802,0.720064676583782,0.21880439306937394,0.8116841639909822,0.29097127086916763,0.536709877976333,0.4185309007830215,0.41767361036456985,1.0
0.5031404495378728,0.710379582073509,0.3654256136502096,0.20883973149517443,0.8095268888430684,0.1596908506812923,0.7176508773211552,0.1942469728057734,0.9073018177036989,0.2987123189685663,0.6264010935870807,0.5340951382201867,0.4514650453698731,1.0
0.49512067706609697,0.663343648517511,0.3715382261775982,0.15753931836805135,0.7470127279100964,0.16646212046692588,0.6636941983858032,0.229886886921288,0.664676092828115,0.2848181230907816,0.5146741017540538,0.6982343599712872,0.43935511767068963,1.0
0.5156683910944242,0.7103848946506925,0.3733322118027123,0.15273820898166246,0.7803288092601033,0.1465407873085266,0.6456650616616552,0.1936221815941872,0.7186015432022526,0.28790274863388343,0.6439434511926739,0.5456083266966976,0.6241005631341048,1.0
0.19178130488056544,0.7376187673094101,0.17052374328827158,0.4915153842407878,0.7994985453809598,0.3583196384264257,0.720064676583782,0.21880439306937394,0.8116841639909822,0.29097127086916763,0.536709877976333,0.4185309007830215,0.41767361036456985,1.0
0.24737505199808174,0.6169784942112457,0.21216639244720198,0.47247627140156556,0.3382094790863217,0.33649342694529444,0.5483768916424949,0.429696207030819,0.3896846561097469,0.7652898611169632,0.5380005080728972,0.42498500603241846,0.4116100899758676,0.0
0.23502474914220084,0.47440872841713144,0.20454810936756257,0.47372914253017884,0.42091818994472874,0.31934980756549575,0.45500990660914287,0.4334919372984203,0.45312946212476035,0.7644143730642332,0.7936760729934851,0.47436760184056126,0.15348468282238664,0.0
0.2184851459105741,0.6034538901431592,0.20716995790804743,0.4486527665080806,0.40000151370268355,0.3401513881819927,0.5439916884336182,0.4580828214036998,0.3495151819668614,0.7823453340287463,0.24190904848837141,0.3616140203733026,0.371128255717892,0.0
0.20912652316873448,0.6279090241890124,0.2248364068120679,0.45018002086400255,0.3435005986687276,0.3331431676746534,0.5884411724558749,0.40687458224660933,0.4217525212908182,0.7439229931929874,0.7437937724528109,0.5457997433307095,0.49166490579333894,0.0
0.4776538317820731,0.21163647874226754,0.34418285446981606,0.24469361371971043,0.6870405671916142,0.20358605475763464,0.5483768916424949,0.429696207030819,0.3896846561097469,0.7652898611169632,0.5380005080728972,0.42498500603241846,0.4116100899758676,0.0
0.26667405405193234,0.7308069165503852,0.22712490102692356,0.41976405524209426,0.34294550839955207,0.3271237333779748,0.3818567049131716,0.456129221496437,0.4364937279788208,0.731361599087637,0.5375964536679506,0.42334682477526325,0.41126806902952606,0.0
0.208492302004315,0.7520714212933548,0.2486106127511331,0.42985062006345354,0.4192365795753581,0.3159034405425976,0.33643055303527464,0.4662562059540116,0.42233818928256284,0.7420679902317742,0.5480128082545841,0.38527483387489997,0.3233174068547948,0.0
0.24704248145949004,0.728917321758324,0.22769042686834323,0.41979106934244026,0.318055355017119,0.325546469638955,0.39920159248698917,0.3917804399681879,0.4039666801201989,0.7106790361555073,0.44908487144821646,0.41295192813741083,0.5594030939828187,0.0
0.24960901766208954,0.7520735902475462,0.2219978205319098,0.40652950563872237,0.41225297852705545,0.3372175106669379,0.4305148254716563,0.46409579734667705,0.3850450593500483,0.7111221940996697,0.42226352468908246,0.5359650007535157,0.23609930990630243,0.0
0.4243639767051035,0.21713974875633646,0.3348759682178852,0.2637834229611751,0.7849995522130158,0.21864551050063746,0.3818567049131716,0.456129221496437,0.4364937279788208,0.731361599087637,0.5375964536679506,0.42334682477526325,0.41126806902952606,0.0
0.441946139346828,0.4696586607306621,0.2136958694197461,0.6723515650162231,0.34894014347156777,0.40668994780305684,0.565569436125776,0.4635766341051015,0.16402950585361076,0.6577148015271743,0.5361023127310446,0.42581268904151065,0.412849817956308,1.0
0.4514810966829468,0.4731950657996862,0.2107047035888902,0.6917714465140063,0.38258215484524705,0.40855981152752413,0.5569435489376364,0.4265317168271201,0.14346805648265892,0.656392036831849,0.6686328155739194,0.3444281462666484,0.44070188732772575,1.0
0.417815845083624,0.6350471389157146,0.22062604200491803,0.6785060268971681,0.39001392119267564,0.38834895849873335,0.599227657134455,0.4470374767720484,0.23077255392646556,0.6548123980490606,0.6721657555835071,0.39596924317411913,0.5620545260180806,1.0
0.4175404940145193,0.41216035312213073,0.21114346077766105,0.6751928207444005,0.3093433194241353,0.3921477695364904,0.5975222946398772,0.41517014093742244,0.23900024578120238,0.6550608096627633,0.6240783266582428,0.31677527830124386,0.5509603222584664,1.0
0.679719428833963,0.22410551971238668,0.41390883112108606,0.4371556348660759,0.5602593901822068,0.2051258533715951,0.565569436125776,0.4635766341051015,0.16402950585361076,0.6577148015271743,0.5361023127310446,0.42581268904151065,0.412849817956308,1.0
0.6157152408988531,0.7461486614503503,0.19746707174766864,0.3733817895979761,0.7748609573119722,0.06921983755263095,0.5666442146940693,0.523388885034203,0.8076312940867787,0.3479050806463566,0.5364280087225195,0.42021766776621866,0.4187220470566502,1.0
0.6215319102141015,0.8470171806881552,0.20327533547488108,0.36817201793504184,0.7451997250732489,0.06912960076163804,0.653433175372184,0.54302513852695,0.7912489215092524,0.3599540054273165,0.7957127508951711,0.5729723501501899,0.535901572557509,1.0
0.6031122912596985,0.830889093937822,0.20396942420069714,0.32216232856073423,0.7170429910106773,0.06255733109291794,0.568662622322042,0.5333441038625271,0.8582316052720724,0.35015677527811495,0.3367018280734194,0.717869288892297,0.39972040576993006,1.0
0.6074334889045021,0.6720744772872482,0.21078122371146962,0.3790771883506894,0.8315193751354428,0.07494426477354249,0.5521781556462353,0.49357133335281933,0.8259279632143439,0.3514558131493255,0.39296096518206386,0.5419809677439426,0.33297623701499757,1.0
0.3774734379571427,0.7190258608149751,0.07870086439718105,0.6090411547200425,0.798202421302955,0.18878753601847925,0.5666442146940693,0.523388885034203,0.8076312940867787,0.3479050806463566,0.5364280087225195,0.42021766776621866,0.4187220470566502,1.0
0.3920581769045892,0.7517040411503224,0.3672027362300854,0.5264389485193379,0.5208964600671226,0.46507076581887913,0.3416190484349471,0.6153596834473491,0.6481394049867859,0.8065132304686751,0.535887155583155,0.41939197749092183,0.4104753232046928,0.0
0.4035409982986353,0.7428874943103239,0.3618071806511923,0.49205230605589767,0.6969828004016829,0.4583132236883301,0.4021625958830583,0.6143096682219289,0.6851739059033015,0.8074676491051473,0.6508102400782699,0.5632587777947682,0.5195633029532188,0.0
0.37785835374229126,0.6432241576608906,0.35562490883969583,0.5578686835219759,0.4803087248236828,0.4586116425988082,0.3561957933719712,0.5959806603866404,0.5768714200092546,0.8173136594182482,0.5144856540794037,0.5055917048895058,0.4264017698552766,0.0
0.39073430690288546,0.7227604334468438,0.3642085749308122,0.5062736941963695,0.6212015414626677,0.46492276508941327,0.27747020848601256,0.5292033076995137,0.7289320998261921,0.842466383278303,0.4740119946086472,0.112600999077976,0.29943064691462895,0.0
0.5322078508062704,0.42391890308957514,0.471898308435803,0.38780843630055806,0.8029832954083371,0.35966865786690455,0.3416190484349471,0.6153596834473491,0.6481394049867859,0.8065132304686751,0.535887155583155,0.41939197749092183,0.4104753232046928,0.0
0.22143137542538138,0.5862859256364796,0.19104995629810684,0.39917955574376185,0.30414178921045654,0.3210677905530202,0.4379055591983568,0.38930401311962726,0.5349176929190769,0.655613448133552,0.5378579457265351,0.4232873406442889,0.41129955223704,0.0
0.21057722631840825,0.5855113753047725,0.20100483130996,0.39669451141507706,0.3224587382690878,0.31449686232992674,0.44574054854054035,0.3770999832722213,0.5642120938339641,0.6607074255611807,0.6659687442523624,0.5889135112379724,0.06270508591936802,0.0
0.19892462152367907,0.594615527140899,0.19025548307273032,0.4148099487604897,0.31259717863989067,0.32269276712550227,0.43070774179506144,0.4297462332607349,0.5748918819472859,0.6650918792039315,0.3501602616603342,0.3335849914401161,0.4918234949403549,0.0
0.26858423173753776,0.6183921942446595,0.19476944681009406,0.38463122826581264,0.35586562084015405,0.3119059865052523,0.4889893414979938,0.4153570978719765,0.5081060963313,0.6729227666210038,0.7246533537571226,0.47037205853934216,0.11613787749873605,0.0
0.4035539050553081,0.1720497946778945,0.3288606198380158,0.2190311553494193,0.6606270159581076,0.18232711480767605,0.4379055591983568,0.38930401311962726,0.5349176929190769,0.655613448133552,0.5378579457265351,0.4232873406442889,0.41129955223704,0.0
0.48683695869793775,0.7285532094294158,0.24873244072221806,0.2160577225511635,0.7956574074427856,0.12640409927441698,0.6358542895783266,0.37251251016226306,0.8455534485510761,0.3675431237579836,0.5368934390312108,0.42023515041013476,0.4180205081922457,1.0
0.4955871616642371,0.5403568527520992,0.2544078052688346,0.22751748376550873,0.8046326291565045,0.11409248694241536,0.6624257162298886,0.4101962565682058,0.9139786241593217,0.37597302118751186,0.461265640905778,0.32638009823064484,0.35856070009354274,1.0
0.514940822229752,0.8691460580445263,0.26365504036613246,0.22214246569898322,0.8800819699898845,0.13258449832520736,0.6329515912082531,0.352170613488644,0.880166511469751,0.3760493737628736,0.6373908795516521,0.47846491115652257,0.22387421707138436,1.0
0.4713040743756043,0.7278884984960392,0.2579387261196228,0.22053595196784892,0.804346355825956,0.11991516972280253,0.5955622909760298,0.41412086714717944,0.8651419557996487,0.39141484213034694,0.4984845415185198,0.6252895534974557,0.4643747882164312,1.0
0.218425358709621,0.7431913532210856,0.13550180622323815,0.48155985720433714,0.7830600466170594,0.2403988681981813,0.6358542895783266,0.37251251016226306,0.8455534485510761,0.3675431237579836,0.5368934390312108,0.42023515041013476,0.4180205081922457,1.0
0.061653931979709586,0.7137830883314837,0.16843948524105418,0.07836261950394485,0.7697224666640885,0.15392444409839284,0.06041306368298411,0.2959662568688435,0.8566770112583963,0.3992798175357837,0.5370451845864226,0.4192864139588853,0.41740711406045516,0.0
0.03946728385848708,0.8688824746746668,0.1718196742397124,0.11749071535956235,0.7248530501330332,0.139595627827724,0.0,0.2658340119993303,0.8963723936608936,0.4059580492755501,0.46118182178861095,0.46002524088006874,0.2041281337270713,0.0
0.07219230224493911,0.755414259656872,0.16962952080351207,0.07711062248696754,0.8590814205349204,0.15468512060062045,0.06911119317581421,0.3145973331888037,0.696695019734415,0.41018022457763514,0.5200358122368152,0.6078476621328367,0.046719700018752974,0.0
0.05230060099615841,0.6215914930474256,0.17848438753213408,0.07891451817456208,0.7309285922252595,0.15278893936825744,0.06800694050541017,0.29059763796323423,0.9257626548769551,0.38264084265450227,0.5406955953949418,0.6072425133345054,0.21211187529230002,0.0
0.0792213445206591,0.7130549303941933,0.16283767553960543,0.060985630096042964,0.7703491081566654,0.1595640574883302,0.06041306368298411,0.2959662568688435,0.8566770112583963,0.3992798175357837,0.5370451845864226,0.4192864139588853,0.41740711406045516,0.0
0.5453287822425916,0.6881732008273289,0.3471009231225192,0.7636249238364599,0.8029256990770381,0.5761052720472897,0.5400850033133604,0.7019194318372968,0.7835613312716614,0.7019427796508273,0.5354687230930948,0.42291431936707696,0.4111492865529697,1.0
0.5223462522020523,0.6219260035877117,0.35607880238192685,0.778417645967973,0.8102789753435484,0.5872983756733432,0.5218117314035123,0.6572552085623702,0.796980021128455,0.7031496241280379,0.363867948211293,0.2507273717739824,0.34772440567822827,1.0
0.5025348191361974,0.6377663017862396,0.3396889870871053,0.7803848584449877,0.8949683383541203,0.5732840822699556,0.5242095332545419,0.6675282149118198,0.7978016047364722,0.6860207779213559,0.5478259838558858,0.5557754446864852,0.595806887458642,1.0
0.5494499849714027,0.868482351872963,0.35717780142112293,0.7662626777825468,0.8446608253282282,0.5559628037558537,0.6158040358467298,0.6974279710307796,0.6710351921910682,0.7106533830473187,0.4053155789599351,0.6310460867054756,0.27460059237231965,1.0
0.7719929930719696,0.7516371141652893,0.5821885235941135,0.5394176547493701,0.7483096338771666,0.33943118811956025,0.5400850033133604,0.7019194318372968,0.7835613312716614,0.7019427796508273,0.5354687230930948,0.42291431936707696,0.4111492865529697,1.0
0.48915554716913734,0.688033616839892,0.21693008934233643,0.6737677080214484,0.3344475423499862,0.4864311184596108,0.4605544358770351,0.3744868598768196,0.2938906393144638,0.5829690999140795,0.5361251494180821,0.4253521518264812,0.41214926890291415,1.0
0.4730430980712659,0.5976990070854473,0.21566075059841366,0.6667220362881521,0.3492795343120658,0.48476646959946407,0.4309856645785383,0.36039434309297214,0.16214453105610005,0.5812172104390929,0.5186001836888523,0.17175679210070122,0.39507936656681314,1.0
0.5027261043520008,0.6156229007647855,0.1960787179556001,0.6878095856360953,0.3408722576319434,0.49649278979233097,0.4531492466362165,0.40222091604457155,0.27064882005383417,0.576156239122035,0.709331611179069,0.3665533012412996,0.07086547862556963,1.0
0.5026527108808305,0.7868791539184254,0.2079917189550789,0.6634046280753965,0.4028535325770459,0.47541911311666235,0.4443889098097099,0.3896629486839389,0.2708020897319212,0.5777642044193811,0.36467515350149315,0.25018574557479234,0.35077035438881893,1.0
0.6811510904299851,0.20726510511540575,0.49311547748195034,0.4838533131820686,0.7481895100499756,0.20838189935557866,0.4605544358770351,0.3744868598768196,0.2938906393144638,0.5829690999140795,0.5361251494180821,0.4253521518264812,0.41214926890291415,1.0
0.7087254128029823,0.7519166922325304,0.44306689401222293,0.8918114880355019,0.792773310920996,0.6837095045460968,0.4625348952666518,0.5076598132412977,0.7658277995366944,0.5722205260216997,0.5343800352903832,0.4216594003953502,0.41057162872288,0.0
0.713423070825665,0.664036032010495,0.42915067520023736,0.860582039951221,0.9359354751254951,0.6674934057605022,0.4388228156059977,0.5178786266760103,0.7077812271156958,0.5750104025229195,0.6455814023139376,0.4102350644354487,0.3565753155552671,0.0
0.7040052870495699,0.6707151649432603,0.4461855651252649,0.8978198210282051,0.7410790566064911,0.6958041262121868,0.5214105199635378,0.5035294854000547,0.7151861705778639,0.5984290477595626,0.23109629738813453,0.5623825933349329,0.3870398805783746,0.0
0.7080571223852248,0.6601771562263874,0.43384797563440597,0.8635253963401031,0.8677119395886166,0.6733650972219958,0.46724482011572205,0.47439807582340965,0.8501571415435851,0.5546133863188567,0.20653544569567223,0.46558395931372476,0.2514849410109966,0.0
0.9015842705154289,0.73984003065606,0.6890714589748062,0.7010431366987642,0.803166299650588,0.43604478323471446,0.4625348952666518,0.5076598132412977,0.7658277995366944,0.5722205260216997,0.5343800352903832,0.4216594003953502,0.41057162872288,0.0
0.19154612598129717,0.7114638563914699,0.32082798462809087,0.22818156370286147,0.8023187226492556,0.2382530971490941,0.10989164610550631,0.21260320408292976,0.8597393346620095,0.2578531633454404,0.5358318060235374,0.4162277113885133,0.41572676552225807,0.0
0.20992533645081402,0.7163280824989098,0.3150874219060181,0.20892331923773666,0.7858390641770256,0.24867533834178174,0.1710241018633858,0.19764046296490267,0.8089847222334932,0.28725745421837634,0.42308954968649914,0.4367081999535015,0.43182738874963794,0.0
0.18791567408133147,0.7890621190047735,0.3286039541574885,0.23872012771691287,0.8533903743093472,0.24590595502751605,0.13978641620266474,0.2177937072475178,0.8990835139991944,0.23885631732526424,0.3525443660910493,0.5065192748261487,0.4332182283906987,0.0
0.18952207186849135,0.773566039037183,0.3303817640808823,0.23463181933359012,0.8184120918569988,0.22175076759195417,0.13002536739926596,0.2080196641377361,0.9378486560755075,0.260115575593743,0.6348520114916282,0.5836207738725743,0.2607902382830793,0.0
0.23068205715681955,0.7509318070497013,0.24660105329390397,0.18946984904822983,0.7683532129118351,0.312980947282593,0.10989164610550631,0.21260320408292976,0.8597393346620095,0.2578531633454404,0.5358318060235374,0.4162277113885133,0.41572676552225807,0.0
0.290508091000127,0.7221090557509076,0.009945024107330835,0.4476385392257911,0.4492817640950406,0.06454755044215316,0.3918262926085688,0.5407187207980941,0.6455432106064478,0.7573181572277987,0.5370961766269184,0.42968484814516766,0.41052983498400397,0.0
0.31062875863324324,0.6540734730077684,0.012093444195366954,0.4632978259749758,0.49229639401048253,0.058693834763132446,0.3450592176674814,0.5750045422221408,0.5265109626676558,0.7455401060173503,0.8596218433661295,0.7263125784015376,0.40071700800428817,0.0
0.27387132421852023,0.6060028986608703,0.02030145838084313,0.4703845732078782,0.4304546311291677,0.061515400664491626,0.5268975937237064,0.5598869522576946,0.6191685720480393,0.7610864994593607,0.5748426883602734,0.6273439655319437,0.5054061656539683,0.0
0.2998193114531773,0.7418864233996079,0.0,0.4238876284510935,0.4793887311178029,0.05556487728484394,0.46987327267543266,0.5640683570702434,0.6768314310058656,0.7474965212081719,0.5672394091233657,0.640850817075503,0.7173590328611388,0.0
0.4525439190422391,0.3407025666093819,0.07405989675387964,0.2873591092855503,0.7775143073307156,0.0,0.3918262926085688,0.5407187207980941,0.6455432106064478,0.7573181572277987,0.5370961766269184,0.42968484814516766,0.41052983498400397,0.0
0.35380634300168134,0.38561159718501337,0.2697954076608276,0.612619010935977,0.33822845153003556,0.484077402116925,0.6292345813122394,0.3541209583844429,0.29124266917747654,0.6499299395368878,0.5379376629982735,0.4241956163820333,0.41358407729199,1.0
0.37745992994132793,0.4355835336434435,0.26819425933201896,0.6654796498856137,0.27396059262963846,0.5034081540997155,0.6262025702845266,0.3610904053280679,0.16862191239047064,0.6743897751983021,0.6597596244323722,0.10356253260110954,0.4212494078224046,1.0
0.3573219074984637,0.26126520291407473,0.25796260889505157,0.6130508049860941,0.3531357899523204,0.48010558692255895,0.6361899484153327,0.32909890447770973,0.23556592547126876,0.6279575892700981,0.3746829982000872,0.4584906273448723,0.4359446616138631,1.0
0.3459987495613488,0.41752971881741985,0.25310615339004333,0.6343455361160957,0.38595960386430406,0.47410231943357933,0.6318613552390233,0.2984940891687309,0.26025598476124756,0.6419027262021519,0.44024287308531324,0.3522526081332028,0.5962447515997293,1.0
0.6193323045156922,0.21165852473769498,0.49077753866748447,0.34997123568753397,0.4879297833074734,0.2616039781018736,0.6292345813122394,0.3541209583844429,0.29124266917747654,0.6499299395368878,0.5379376629982735,0.4241956163820333,0.41358407729199,1.0
0.5043844876718317,0.7501135527106477,0.24260710875383712,0.7036346726188323,0.761056802814732,0.40095613057723983,0.49488515050561377,0.7629779435266952,0.8576236322119186,0.8060302656455787,0.5362130749131191,0.4254303923075089,0.4108725570464782,1.0
0.48914389703893235,0.765456776592389,0.24615864796485304,0.7015211990683707,0.8326193258867409,0.40178340964367626,0.43769435156858094,0.7364216477610945,0.8833446748902407,0.8070070337653541,0.8797092190281078,0.28960744068141764,0.2983801547057059,1.0
0.5332260283128063,0.8223684666151865,0.2325556279881163,0.7141205600973679,0.8746613515499728,0.40311171037139476,0.5905873837109348,0.7681014355657005,0.8973953501797833,0.8037302167586244,0.7747120692534505,0.6619703284306029,0.02402434157548511,1.0
0.5239020675319628,0.8353419992107103,0.23560539782164486,0.7189387880318692,0.7281445891991627,0.3870609644037765,0.4644856469098319,0.7429512304065824,0.7839306457694377,0.7968192356056718,0.46310918834584425,0.5043296749641722,0.0,1.0
0.7113453476808744,0.7029854217699683,0.4082134490547858,0.4989171785744273,0.8016145455826162,0.23423219956290814,0.49488515050561377,0.7629779435266952,0.8576236322119186,0.8060302656455787,0.5362130749131191,0.4254303923075089,0.4108725570464782,1.0
0.45982968256757895,0.5876790487209966,0.2918086018249825,0.6818457473441075,0.7522284548095648,0.5295588373881412,0.5465627573982402,0.6528167296566112,0.6852272225116813,0.6221939887611501,0.5370258158258939,0.42460416789738037,0.4119706698786609,1.0
0.43633647905493067,0.5896475235307221,0.29655459951997504,0.6675308287731423,0.7647856266705642,0.530191978934232,0.5448851579311006,0.6366668261672723,0.7153468765004671,0.6324985038587989,0.4408040862783408,0.5305856939731871,0.1851461448513655,1.0
0.4807934269570464,0.5137580429092115,0.29009358136690006,0.7042915687815561,0.7982932214021989,0.5051702482417617,0.5529121026255304,0.7090709525001833,0.6478340454775147,0.6181754143955325,0.23499236383217764,0.4286750254821365,0.24750740640007438,1.0
0.46277655912177496,0.45730497479524956,0.2845489181075512,0.638861351923683,0.8306287252743729,0.5367030625983538,0.5512869896042214,0.6468130345526264,0.6296325367717177,0.6002693252986833,0.590036774572146,0.3309507281676279,0.7856446669713222,1.0
0.6893176517353994,0.6927268740209325,0.5359541009106885,0.45484532823431456,0.6618259162025701,0.28376572781846116,0.5465627573982402,0.6528167296566112,0.6852272225116813,0.6221939887611501,0.5370258158258939,0.42460416789738037,0.4119706698786609,1.0
0.4470174751371849,0.5825194728803602,0.23226895760510807,0.6468086457223468,0.310485130348642,0.4195220648871754,0.49469765151814393,0.3668679151361882,0.2079818768084447,0.6162226496040251,0.5365106004476861,0.42497550459550754,0.41238667404279084,1.0
0.46039024279843144,0.5532230708505832,0.2366795010286799,0.6459073203876824,0.2720992412240566,0.404900917672755,0.46273285180889784,0.38412888281053803,0.2454332355200659,0.6001774220457354,0.2184933534138761,0.4079673814698678,0.5591704035613465,1.0
0.3940631585381995,0.5147305686166863,0.2442517190146017,0.6414454958420195,0.39717783356294767,0.4103067783011039,0.4976889220706054,0.3711101803527068,0.3135946316010507,0.6099454904481174,0.5994614455742536,0.29087513429904466,0.48894047640145466,1.0
0.4488245537627056,0.6313468835059819,0.2441840022732535,0.6596908227256448,0.3819373351775557,0.4209860431750961,0.4367484372638824,0.3459725145786079,0.23841547596269486,0.6100402067928876,0.4298401645223445,0.48549767117964354,0.49147474662374846,1.0
0.6538966012887237,0.1794207623738231,0.42665493143005423,0.4421719995758777,0.6573856647952034,0.223824281630514,0.49469765151814393,0.3668679151361882,0.2079818768084447,0.6162226496040251,0.5365106004476861,0.42497550459550754,0.41238667404279084,1.0
0.4512270173392521,0.6208564807386487,0.2575688383489018,0.6616968710065798,0.3822804665706272,0.4565308609154181,0.5195690188977308,0.4193752666161332,0.44721209552235486,0.6496489420745508,0.5363797528366273,0.4241484481676603,0.4128737950969904,1.0
0.4368356921338745,0.6378872149442856,0.25178271009449377,0.6804628410228499,0.33448990957854186,0.46433403641140364,0.568200888163833,0.42848496529243096,0.507297068147075,0.6480208202713276,0.12084616330865033,0.27275924146316227,0.4862100885829339,1.0
0.4497526274150765,0.7381339581554602,0.2579297626476806,0.6669755029525621,0.45197239155799096,0.4526895823152472,0.5522371180418315,0.40141780501347313,0.5028531802201552,0.6640173868340324,0.3823076669999909,0.7122035434663767,0.36733654013464595,1.0
0.43520546748436484,0.6643712689156427,0.2573745347182413,0.6757739779792002,0.43331769464973924,0.4434008350909397,0.5519749067224435,0.46573239424244317,0.5122816719319445,0.6368459980598422,0.5258054321215573,0.39772938402105584,0.26869327845477153,1.0
0.6689479769575022,0.26284700297514263,0.46341564857422174,0.44633591216613144,0.6903779025982253,0.24929489805820454,0.5195690188977308,0.4193752666161332,0.44721209552235486,0.6496489420745508,0.5363797528366273,0.4241484481676603,0.4128737950969904,1.0
0.40643234913448945,0.6456934330604103,0.2620456388135473,0.6467692034523207,0.8013781952836325,0.370599957615996,0.5877092116856035,0.6520896731538093,0.618064023609179,0.7095356094897094,0.5376125051877287,0.42517014538256215,0.4127503728813211,1.0
0.383086737724867,0.5434318718864724,0.26538924016992677,0.6837772869369747,0.8218685315399412,0.36864496734438196,0.5683217309971331,0.6671653978527052,0.6148470278359088,0.711995681319006,0.4128613674212907,0.5292629904221025,0.4043730709276854,1.0
0.411889484674715,0.493939603877509,0.25844385079267423,0.6590879178692783,0.8666369149215338,0.37431567491461576,0.5995774776182483,0.7203412534545688,0.605125032212424,0.7323162742364111,0.4097165411961012,0.31344720687341054,0.4948428949043257,1.0
0.3970619219910052,0.6792621560059011,0.2659441615530714,0.6803605807917439,0.8113023259446646,0.37248062431899814,0.6198872596982032,0.6988406235394251,0.7148595093546799,0.7182830163372913,0.6414817802817389,0.7873759295935788,0.37773395783131386,1.0
0.6538567267964956,0.7498389134660002,0.3780607608409861,0.4020267987374906,0.7117522007784789,0.25380191011146364,0.5877092116856035,0.6520896731538093,0.618064023609179,0.7095356094897094,0.5376125051877287,0.42517014538256215,0.4127503728813211,1.0
0.38697101118914423,0.5132914762343379,0.25266849888387005,0.591092882416028,0.2830486799495908,0.5230916843313478,0.50323173968713,0.33805690485863504,0.1802745127830594,0.6289115495871396,0.5376606293290037,0.42483709177131834,0.4127778556026666,1.0
0.37770408372722386,0.6252703246182651,0.24691850580643632,0.571967823906689,0.2874042254217173,0.5203518975978478,0.4889878793537655,0.370249118165332,0.27892443121792887,0.6438082588269176,0.3958987986286577,0.45436176581509463,0.4293026259012165,1.0
0.36159548182482437,0.5474483304651567,0.25815222711742897,0.5688975116289123,0.3325964600853677,0.5116592256037671,0.5537430348980606,0.32991405033935806,0.2271312288962175,0.6243765699728974,0.5909453355563812,0.30761360575316277,0.2980840654324738,1.0
0.41036204542264665,0.6043247602170894,0.23542926091315847,0.5977049503232976,0.24475053990422957,0.5206881271218795,0.5034332912658963,0.3270035789138763,0.2659861342290686,0.6248677665051721,0.520656684157395,0.24688145539070797,0.32305817166957085,1.0
0.5975702851438283,0.14753958411510837,0.5295302987403234,0.3827764132551912,0.5978091183830561,0.24436148876101188,0.50323173968713,0.33805690485863504,0.1802745127830594,0.6289115495871396,0.5376606293290037,0.42483709177131834,0.4127778556026666,1.0
0.7841923245396338,0.668040441085914,0.7624788285235604,0.9219268087368162,0.7972236883906056,0.9408078239926259,0.35925456170908254,0.8113504623602985,0.6550198893940529,0.8711475717879289,0.5348647947895995,0.4154641861901733,0.4127365413034989,0.0
0.7839349769414103,0.6000537071533731,0.758611791633816,0.8955686582263516,0.8145417874519332,0.9543534516684673,0.3939185469487478,0.8413532703878746,0.6166563504142868,0.8803482473095177,0.675470698200335,0.4501730129861503,0.05274185193088976,0.0
0.7897443128573185,0.5968974506101468,0.7613067857401092,0.9374623750430824,0.8267194770916912,0.9343896709140522,0.41701316221766677,0.8593973133129511,0.5558771801094196,0.8836021510154242,0.6074191022989522,0.27973193402831864,0.5842124238511477,0.0
0.8090559261159154,0.4939107227763966,0.7691518535509698,0.9133937788279054,0.8137946038799981,0.9313119852925791,0.39083653360397064,0.7727725319592906,0.5842329818619003,0.8629048198006297,0.44443625763581485,0.2825313907029826,0.19221197819144642,0.0
0.9320296054433768,0.7450113729894738,0.9444463863894192,0.7756920198418018,0.7309836912925203,0.7576122620996368,0.35925456170908254,0.8113504623602985,0.6550198893940529,0.8711475717879289,0.5348647947895995,0.4154641861901733,0.4127365413034989,0.0
0.5754843401637726,0.7485069785324381,0.1690628791755277,0.3524273560989095,0.8011211896545856,0.0677900859900713,0.5229504071093316,0.39426418544494357,0.8414513074901393,0.3632079719003156,0.5368380404843053,0.4224399460055404,0.41885023789307446,1.0
0.5510791681261371,0.7367272652922132,0.17548632347600585,0.38916927403994395,0.8079718991404778,0.08309136531443118,0.5200398618553288,0.4119103918787639,0.8511179898154939,0.35618464373501646,0.5666319514662987,0.30329308221834345,0.5562533389711463,1.0
0.5767030632050787,0.6980655553035291,0.17876421753521327,0.3431601136387554,0.7745498151557086,0.0568426018571781,0.5829939133612025,0.4591235002613834,0.8499121146836028,0.3500528613265159,0.61633288458476,0.6229124389970565,0.2653655846570263,1.0
0.5779028916738738,0.7032839729997207,0.1727927276326056,0.3511945153753242,0.7680323868418366,0.06312507962134012,0.4682835706434204,0.34663659997505736,0.7934513170086621,0.3755505524983591,0.5193348446155502,0.30648261662225845,0.46534013048058903,1.0
0.3562893784403318,0.7495402727105844,0.07728069680411537,0.5692463395009955,0.8002319526183559,0.16019165838293992,0.5229504071093316,0.39426418544494357,0.8414513074901393,0.3632079719003156,0.5368380404843053,0.4224399460055404,0.41885023789307446,1.0
0.3470612253754273,0.4911933043990082,0.23328232512327135,0.6456098436291073,0.3394892194826369,0.525676008838708,0.7212189347939539,0.40935140913397117,0.16498788244908624,0.6932445555549189,0.5373186736392498,0.42498725556180605,0.4135477687557986,1.0
0.3623754978202429,0.5708724811123371,0.23669414295376007,0.6400030262443144,0.33016526879969277,0.5255406578252135,0.7850595574158312,0.380978031596225,0.20225905385489718,0.6711427937890031,0.5372527188565329,0.5573753514985893,0.6294639746743182,1.0
0.34484014454255085,0.4318742676504268,0.23024994801759952,0.6989988498829605,0.2837219750238802,0.523791483344674,0.7718917721259067,0.4126030125168212,0.24754124822862522,0.6964809132754286,0.6166937929474013,0.40059054151399626,0.22073608113585255,1.0
0.3758629846749342,0.49023564731761127,0.2378901688004083,0.6041455792988653,0.3948933263038015,0.5222434455934004,0.7251986642370883,0.3761969111684573,0.21824477931091835,0.6786845497124228,0.5026537209561966,0.37220171264823193,0.2830967446062976,1.0
0.6526846623024856,0.21312353815069685,0.5320972998973272,0.343299232211026,0.5787917724572029,0.22484448783689098,0.7212189347939539,0.40935140913397117,0.16498788244908624,0.6932445555549189,0.5373186736392498,0.42498725556180605,0.4135477687557986,1.0
0.6527825241574328,0.7387077560379396,0.4341072308531964,0.8315849380846805,0.8017500797653394,0.5763179039573607,0.4511940819760637,0.47438117992586726,0.7392012977153346,0.47832574378912485,0.5348248385808814,0.42190185652167017,0.41033299662977124,0.0
0.6678195233537716,0.7500598519170971,0.4367084573348004,0.8287290127535396,0.7765499906539937,0.5773883230699102,0.4709976489367565,0.5070141110248159,0.6602745770996741,0.4815169124932517,0.599344736894229,0.3379196873602367,0.24555656926161293,0.0
0.636482924260632,0.7913006207999445,0.4297022947183448,0.8539639308045297,0.7450677005094306,0.5860193918413166,0.5127348419485617,0.5009169785166163,0.7528735437827319,0.4605065177913539,0.31887232313838737,0.42852309290556917,0.3512806475584773,0.0
0.6396700956838632,0.7018879855603188,0.4280301537758551,0.8250612328601279,0.8245230576219864,0.5682614748669974,0.4428061634844102,0.49422292876885887,0.7276560058479333,0.49380134281138544,0.4323548077059002,0.3991030137818928,0.3423188632269885,0.0
0.8406977369469004,0.7502710435440729,0.5823997301812174,0.645706644703989,0.7917988928444082,0.4270246559876381,0.4511940819760637,0.47438117992586726,0.7392012977153346,0.47832574378912485,0.5348248385808814,0.42190185652167017,0.41033299662977124,0.0
0.39780401787682207,0.5838660843363623,0.21521119767149427,0.6245229256586153,0.33634327784040075,0.39347632005803285,0.5559101477704347,0.3985541119729632,0.14132863979816968,0.6701730891269939,0.5371612793016927,0.42539828258666174,0.412469225312141,1.0
0.41056910505894306,0.6404563889887793,0.22104682104141465,0.6261427628516154,0.31163024448555987,0.37888220520930177,0.5794951817930123,0.39184001189638273,0.03829423264273224,0.6784139087757513,0.6063511889437377,0.5640757842449288,0.4928302937761956,1.0
0.39809427388905405,0.6251430596397576,0.21094171791167388,0.6410241978418023,0.3055044697043545,0.4046952093088069,0.5368840994374897,0.398593529821305,0.17196614212294037,0.6609729653938323,0.7317471494144642,0.5329423949374643,0.5319714917983059,1.0
0.369349859034382,0.4925072599170921,0.2149925145446065,0.633873940539035,0.3587744549157108,0.3964149901324567,0.6046518627074515,0.38654012328624887,0.14099655481813755,0.6896057122469113,0.7355884045864334,0.11974023198130934,0.4053286433549885,1.0
0.6313666665030326,0.2094679513372082,0.40078377750917,0.39349199484859376,0.6585445378493802,0.20665140778243113,0.5559101477704347,0.3985541119729632,0.14132863979816968,0.6701730891269939,0.5371612793016927,0.42539828258666174,0.412469225312141,1.0
0.5324970827647881,0.7458733409062344,0.3162696694557073,0.20421136771297776,0.8033250222752546,0.12293447713218059,0.7680730219450871,0.4069462316327366,0.8545574971478889,0.3880621026556097,0.5365996775073294,0.41973755245524075,0.4176870037448091,1.0
0.5379879594378174,0.9180325043515687,0.3042436196314106,0.21818542247521755,0.8118643620970296,0.12726677961252875,0.799568010030505,0.3983369329869362,0.8724771753822296,0.39917283373947976,0.45960552893724615,0.5411177185211299,0.5221247540716614,1.0
0.5518142793589926,0.7748595848225452,0.3005413998791698,0.21407008377519698,0.793708550297632,0.12563024915570492,0.8471847506274162,0.44048988527093424,0.8695641422863165,0.3995700547596286,0.6959061942209819,0.3645439417317219,0.4793499649063192,1.0
0.5088011353549335,0.768012191373213,0.31825276711674805,0.21309722918312302,0.8054333478227971,0.12552318659621142,0.7757685838955549,0.4075161982650135,0.7974837808634216,0.3974404038981214,0.8033522192142855,0.3748985001977295,0.352171004475764,1.0
0.20644918736809714,0.7521011280548429,0.13205544179488554,0.5267250453288637,0.7979654846881523,0.3083918704213992,0.7680730219450871,0.4069462316327366,0.8545574971478889,0.3880621026556097,0.5365996775073294,0.41973755245524075,0.4176870037448091,1.0
0.5492649803872958,0.7525095606924506,0.4462701184031273,0.7090410957637467,0.8015133261421035,0.5907580859837624,0.4044668118333227,0.6479709457323874,0.6514150134740984,0.6781600393849443,0.5357156407114007,0.4198694118559173,0.41145208623801005,0.0
0.533372423804324,0.689944720482293,0.4477993520127052,0.6900697810618301,0.7330576527147983,0.5884611797733641,0.40901845658105257,0.6635062180899567,0.6594488226836752,0.6781094875770497,0.7028914853436754,0.41174643074892775,0.33491397221084973,0.0
0.5523052248698517,0.6996976071279679,0.4382915561530672,0.7320286453773188,0.8826347558813623,0.5746763575036313,0.38979364422269813,0.6251257417877847,0.6379760528720979,0.6743487141819497,0.41969304639215216,0.36306983586633845,0.3989694595238069,0.0
0.564569052854528,0.6134660235874616,0.44292865703448075,0.694203795232847,0.7958838727015038,0.607042029696959,0.4561182395408691,0.6002577216763454,0.6207288410892424,0.7096669195971794,0.5150169693258668,0.6465947428656886,0.6064799374233842,0.0
0.7168110163032231,0.7499959356363082,0.596743116185392,0.5433111862132947,0.8036765131051151,0.4392696245143543,0.4044668118333227,0.6479709457323874,0.6514150134740984,0.6781600393849443,0.5357156407114007,0.4198694118559173,0.41145208623801005,0.0
0.4340476879105273,0.7519899491639919,0.35477456891538045,0.6762645639845575,0.7907305765891479,0.5641825561252958,0.5927634903186428,0.6133180243495424,0.6660544103618804,0.7400297106796518,0.5371697189083097,0.4226082703803076,0.4113888929912921,1.0
0.46058443199105037,0.7266730271361084,0.34278074586684554,0.7038467536233659,0.6954315326429672,0.5659675026525819,0.5420464335590339,0.6349881567807376,0.6101082073230071,0.724114307056839,0.7633312434335665,0.02583102282537253,0.1675643002713912,1.0
0.424937476816849,0.8171829561677235,0.36915077869654495,0.6854527813107563,0.7775165894354217,0.558547659936885,0.6157771969427216,0.5945592192227753,0.7647048076227474,0.7473348113228464,0.2500829067281675,0.5975943389204951,0.20488536373156593,1.0
0.4513811095751512,0.8313299526914477,0.362007083639956,0.6796313579455626,0.7766164162543934,0.5533891800601562,0.629990565024238,0.6162242526748019,0.5740395613936045,0.7355384042474131,0.7483430806161038,0.13845533922333764,0.5005415207100508,1.0
0.6836753078148057,0.7374663716578436,0.5703457285119875,0.42934279921782714,0.8032293434361755,0.34715661934080727,0.5927634903186428,0.6133180243495424,0.6660544103618804,0.7400297106796518,0.5371697189083097,0.4226082703803076,0.4113888929912921,1.0
0.41171769842000794,0.7428278297612412,0.23495250775040083,0.016233711807592588,0.6664779850179325,0.06849339689621531,0.9269526113574078,0.3234721900494826,0.8548325113705655,0.3617659279733092,0.5376092466446122,0.42187219149486066,0.4179017514920177,1.0
0.42330461160480004,0.8157785336868582,0.23635015829068612,0.04099476664925872,0.7037886160377855,0.061746576123526076,0.8993292298013634,0.3101092927679421,0.8795636335009966,0.3739212700038579,0.7353495643391288,0.0,0.16200989246964415,1.0
0.4143610440878458,0.7903377946214629,0.22280274462424993,0.02180841284250512,0.6439718161500245,0.05562589147935737,0.9839755545311288,0.2783305036970596,0.895704611605467,0.37309158338103576,0.7012961325891724,0.3314679516866706,0.17214907672120178,1.0
0.3973975226051838,0.811080003760912,0.2383309879811218,0.006601947347888881,0.6476207158301204,0.07717284577034511,1.0,0.36853503769372686,0.740013391718648,0.36747097666806816,0.5156721990443671,0.4968892778247546,0.416639891244877,1.0
0.016411606504471266,0.5930847565664781,0.07797929324765918,0.40725485712898335,0.7953445647588051,0.2265259416544249,0.9269526113574078,0.3234721900494826,0.8548325113705655,0.3617659279733092,0.5376092466446122,0.42187219149486066,0.4179017514920177,1.0
0.4031192892786404,0.42461384514392364,0.285270857912223,0.6556958703780373,0.408638870070412,0.4893810818871796,0.6160117767304126,0.39304295499009,0.22599189134000497,0.675481842884704,0.5370081850310596,0.4245646111043597,0.4127880269418553,1.0
0.39752557042111203,0.5152338131243717,0.2792414918601908,0.6613510569811836,0.5627418147509413,0.4889706385533938,0.5259131683832882,0.40736104455102673,0.18147640520001218,0.6704212000153735,0.4917073298574862,0.4609709709566774,0.2227419690512951,1.0
0.4232413245396818,0.5054775427208291,0.3089061192219798,0.6497943695561519,0.3237727077618686,0.4727712982290923,0.5920042367024725,0.4297883862795526,0.19143986329224028,0.6837522466208765,0.6436901776243557,0.20205609630109542,0.34567282407766703,1.0
0.37760713572473925,0.5603636407789399,0.2781546326306517,0.6559158291031442,0.5007616603907419,0.4861336439673784,0.6657296376090835,0.3479803632017564,0.1623735007024365,0.6676303495227687,0.6661724576224672,0.32194168473410756,0.3433242788750362,1.0
0.6628812152633183,0.29347548983730753,0.49604566659331023,0.39874965101362214,0.5214945164830294,0.2771838640859526,0.6160117767304126,0.39304295499009,0.22599189134000497,0.675481842884704,0.5370081850310596,0.4245646111043597,0.4127880269418553,1.0
0.3633438073925692,0.5544469364813516,0.2520414876533373,0.5942804982177838,0.24563489939365013,0.4617099216943404,0.5648255663656512,0.3384570926123418,0.22457485402886412,0.6622727267394579,0.5377523008995385,0.4245748623843999,0.4132339264916694,1.0
0.3434369188412236,0.6237545137078016,0.27092187460882416,0.60486303853774,0.276623409543868,0.4752967535996155,0.5710359903326895,0.26743872414346104,0.1861772785801339,0.6802918131163045,0.7379549352043149,0.21175940190252165,0.42069004456874093,1.0
0.3701363644075708,0.39470401200418515,0.25721060199536133,0.611489420688637,0.2859068155466957,0.4570727724624222,0.5070693448136243,0.36431391525040624,0.13037744145099595,0.6799900280605522,0.3574454400303051,0.5066530884401846,0.38591494335174964,1.0
0.41742606414753025,0.373460779904649,0.2578444850424135,0.6145161912346451,0.2655628800636567,0.46442638751445126,0.5297913738111872,0.34912525503974834,0.17698072851813862,0.6596409114463333,0.6664728705598257,0.3526954109964958,0.5844261630143817,1.0
0.6007928319554199,0.10406473988826193,0.46855999285986477,0.35940531810077436,0.6332268728510453,0.24373024615910072,0.5648255663656512,0.3384570926123418,0.22457485402886412,0.6622727267394579,0.5377523008995385,0.4245748623843999,0.4132339264916694,1.0
0.36154822628772587,0.5369178533026755,0.2390191596429599,0.5940896166654603,0.2525146641807332,0.466615559842204,0.5685019784431893,0.3329472788415897,0.20545444472493735,0.6509969278815626,0.5377481518962838,0.4248014279994753,0.41312181492890426,1.0
0.3767049692255968,0.4859205372595081,0.2504795660682559,0.5811297880279587,0.26516935228639404,0.4627543797797012,0.5661953010724232,0.3600585200310711,0.26991061770528724,0.6493958127489563,0.23457289133467324,0.31464451791477954,0.23897738844249786,1.0
0.3420911078384652,0.5589422100255454,0.232358244813413,0.6321466438135985,0.20390632310961365,0.46480333517845224,0.6403058528330503,0.34061847871427453,0.182939522247473,0.6563415119399838,0.5258664551116798,0.5661247059248952,0.12321380070307242,1.0
0.3308409426828032,0.6642134924672849,0.23340862278876157,0.5945508410203533,0.24505625188645475,0.4576004794501158,0.5243029781677432,0.322300302698042,0.15792874168214155,0.6620013630298895,0.4578181507796818,0.32661461917643353,0.5182750229124055,1.0
0.6005998586562247,0.11205903231184067,0.4734327473322781,0.357629200316373,0.6181416141673832,0.23062003725705832,0.5685019784431893,0.3329472788415897,0.20545444472493735,0.6509969278815626,0.5377481518962838,0.4248014279994753,0.41312181492890426,1.0
0.3749925575385533,0.7534087007342638,0.19301431248843726,0.4987064514148738,0.36335192348713363,0.257432134506603,0.3164518749686129,0.43091492828393196,0.6724473484071751,0.131220461232036,0.537211405791243,0.42646315227652226,0.4114096377803925,0.0
0.410131184655409,0.8530716832282792,0.19455277185618686,0.4788729299829817,0.4155657436378668,0.2544291649489157,0.3279801553119093,0.46501259503126313,0.8056354940999775,0.14894237254832876,0.6479142693278912,0.4510973610457461,0.46271785941961996,0.0
0.3635001026099287,1.0,0.18985995073491752,0.5344648439289679,0.35720464114674577,0.2557483961005073,0.3445087709570432,0.43635962695791,0.6201674273991209,0.12957857477162404,0.4577623371518078,0.27857757011455764,0.23108329325272509,0.0
0.3759234586444675,0.7261907541375585,0.18889208865534124,0.506493813661705,0.37068992928080924,0.25729551088856256,0.3168553354938325,0.45263238227744385,0.6340122610886407,0.13025935488677898,0.46867179174805157,0.45342097322769337,0.26365289943883286,0.0
0.5041714512902953,0.24085202011673879,0.26565152893917415,0.37092780084717925,0.8044502991602851,0.1843047274121758,0.3164518749686129,0.43091492828393196,0.6724473484071751,0.131220461232036,0.537211405791243,0.42646315227652226,0.4114096377803925,0.0
0.30608682158650424,0.752508250356863,0.19664988217980633,0.5191188975687235,0.40462301896830155,0.3075539657648339,0.5218625854842567,0.21305398318659385,0.7184999111634092,0.2822355484026753,0.5386238082139412,0.4265526712199589,0.41134371224286365,0.0
0.3064564190625547,0.6802264045661861,0.17788584891338022,0.5099001954236018,0.2567998169359278,0.2942672723903123,0.4619721461792975,0.17908147972093325,0.7129878380253665,0.27824292220409097,0.7470307384631025,0.43105302186399497,0.7593381948333817,0.0
0.30797403221998554,0.7702818628919257,0.1968554731630936,0.5046004218952405,0.46517422061670466,0.31159839671032125,0.5771861647337029,0.2333989123280107,0.708127458692493,0.2634931459355536,0.15590477106377937,0.7935812134240425,0.47319032360191154,0.0
0.287590409887418,0.753260492374725,0.2056248751239162,0.5024662459295861,0.30901738102131837,0.29984076126448317,0.4517734382172703,0.24634014764196,0.8048120541312542,0.3005874031307383,0.5362494596955055,0.34261471800999577,0.2090849597079382,0.0
0.524807584174829,0.2888090675055288,0.31543738147610717,0.3027689731887868,0.8036753854505125,0.18796483166494837,0.5218625854842567,0.21305398318659385,0.7184999111634092,0.2822355484026753,0.5386238082139412,0.4265526712199589,0.41134371224286365,0.0
0.5812469667668871,0.7514204224677563,0.3192111849707499,0.7530881326936756,0.8036146687440517,0.4218962398067558,0.43325154535111143,0.7269077979625473,0.7143169865528964,0.6539170483338592,0.5348045012913394,0.4242181014040853,0.41055167268942877,1.0
0.5698201265776843,0.8159302130843162,0.3313652073384002,0.7465212750263324,0.7905218341206695,0.4163125550056436,0.35331746844156187,0.7439103153088569,0.8176559942734318,0.6479629213705174,0.5670575076092902,0.6526820876714278,0.6202774077788082,1.0
0.6119905681762692,0.7898951414707902,0.3235374384261334,0.7422760563403874,0.7881049019029724,0.4302881468929532,0.41847837908928465,0.7342394258641196,0.700252191638663,0.6412772193261995,0.7843605742119737,0.3445558676077559,0.3655728075298851,1.0
0.5699416756763629,0.8497258345622765,0.3235028485260935,0.7798424617603108,0.7960194106589213,0.42550072229887664,0.4811397944941733,0.7221321696896883,0.737072458210557,0.6731711594648924,0.6602911392152557,0.0445879688797472,0.46556471127740695,1.0
0.7613407360832571,0.7524376974932885,0.42901319168264035,0.5749465017309539,0.802739217543543,0.31135323668863474,0.43325154535111143,0.7269077979625473,0.7143169865528964,0.6539170483338592,0.5348045012913394,0.4242181014040853,0.41055167268942877,1.0
0.45955213969249664,0.7340727853312625,0.3224900378669288,0.6090102190738578,0.7859222393952443,0.5474435931092052,0.3782824035229853,0.6067940230835482,0.7797313004793427,0.8115864071188184,0.5371532447357308,0.42385872110873035,0.40985742337069714,0.0
0.46929066150953025,0.7880892798321923,0.33254573900773937,0.6046043942402393,0.8505831715391992,0.555621508731919,0.4342150293639155,0.6095968955628823,0.8210946943820954,0.7946073794941377,0.7077376826632156,0.25858427424682684,0.3560369293829337,0.0
0.4707757005165938,0.7609007025344514,0.31536866989657103,0.576216759123815,0.8759251586021062,0.5709275999828216,0.3499306664061681,0.605928365595716,0.7913074305331733,0.800092106365619,0.6350097614456791,0.3902018912908169,0.3244519516639508,0.0
0.48315407965590174,0.7950554964997494,0.3063525529676559,0.6080578506791054,0.7156074120162703,0.54657551480447,0.37986075960590565,0.5945209239550211,0.7996879109141446,0.8251873470403235,0.4940317134256825,0.45341579646347735,0.4322569120327762,0.0
0.6156839662490281,0.7318790798260935,0.5537189708014258,0.45457079380362897,0.7878101085258731,0.314654216850839,0.3782824035229853,0.6067940230835482,0.7797313004793427,0.8115864071188184,0.5371532447357308,0.42385872110873035,0.40985742337069714,0.0
0.5258192122950809,0.750850143732718,0.25700830414270165,0.7269343390296972,0.7550964623885896,0.5172254421148343,0.49974908397111945,0.7144224712128668,0.7297004453648501,0.6826206023586878,0.5357981261482455,0.4254396780361224,0.4120072464886677,1.0
0.5708459978445517,0.7429096428388906,0.26089490538025434,0.73304740611845,0.7397139857665085,0.5181906990023677,0.5174916918194723,0.7190383406790657,0.6987971293418358,0.6817906173216022,0.45979158494561245,0.8017047656109635,0.4618047629765088,1.0
0.5155725033184395,0.8692199937896632,0.2545900308109828,0.7224129566470161,0.8183763036008429,0.5256723337010458,0.48805664296006973,0.7251529420995828,0.7627181746012965,0.6945568057650331,0.7206536605098055,0.07228793115743343,0.7060973605185927,1.0
0.49672395486403387,0.7546978020570396,0.25723748801355845,0.734077436972087,0.764841582100658,0.5183187268816623,0.5385454823590512,0.7477020811945359,0.6894431052065162,0.6706488062084957,0.28445452291179557,0.2458187831343594,0.13071414478081805,1.0
0.7349003399927212,0.6960595012210362,0.5237033793599726,0.5201195600788902,0.8022484444579145,0.24873058109934992,0.49974908397111945,0.7144224712128668,0.7297004453648501,0.6826206023586878,0.5357981261482455,0.4254396780361224,0.4120072464886677,1.0
0.33033777080229454,0.6368450497660696,0.2089407843948609,0.4604945786734316,0.37098571770004085,0.3357286956781638,0.33027144413737164,0.48135312822598486,0.4591539670744087,0.7232185266332081,0.5365805780060228,0.4244653852875384,0.4111098384599785,0.0
0.28765386150046934,0.6102989709169044,0.19551259486863642,0.47292528420177327,0.3684253366939281,0.3370055235907374,0.33981887236846237,0.4602941368841371,0.4071132283318466,0.706153859729242,0.40704986041505975,0.3436831294641245,0.34130854182754533,0.0
0.3381486093129915,0.6248012509077245,0.2073352236609987,0.4478676568551587,0.4087388437979236,0.3326666506925842,0.3833687059541723,0.504413646656837,0.4747552478202355,0.7509064149334757,0.5534788662684502,0.497958773914599,0.40936146268830115,0.0
0.3644882103374334,0.633374187445181,0.21709379455453132,0.4595765596562984,0.2869991881717535,0.35194009290609,0.3818608316148841,0.47140078531126406,0.41929559222729473,0.7108678375607724,0.6541941505893875,0.5719053471517287,0.27851590633523293,0.0
0.46554083947062574,0.2497224953623416,0.34342324938077623,0.32675705263259003,0.7041374185581706,0.20033867876091566,0.33027144413737164,0.48135312822598486,0.4591539670744087,0.7232185266332081,0.5365805780060228,0.4244653852875384,0.4111098384599785,0.0
0.45513718582669993,0.5170700206888323,0.27683094679188697,0.6302956286328087,0.2826892797465046,0.4504754447001125,0.43777460129538076,0.3970247452147131,0.17999346500704583,0.6526450857051118,0.536691302561903,0.42477874781277325,0.412762188750262,1.0
0.4642116765021771,0.5913051081903724,0.2864313596454186,0.6335509757396696,0.251499388362868,0.45443743536934994,0.46968140385573803,0.385738580311779,0.1862547037948854,0.6539225732214602,0.4408580127581626,0.45260177037769406,0.5716112654638583,1.0
0.40940081011779217,0.47307094960738105,0.27242817692687676,0.6381330650595767,0.18715525059772098,0.47364221573799486,0.4223562751403799,0.42392810484124244,0.26575121274006896,0.6615591699327308,0.24193863651108793,0.7733195657584899,0.6139522317689098,1.0
0.4591184858702193,0.6287336000928541,0.27000725288443556,0.639670513477002,0.35655947843365077,0.4607235810789512,0.38545360489785313,0.427564993285408,0.2890325484846379,0.6606233407794053,0.4334520128384819,0.21111329565673684,0.36844093817581175,1.0
0.6372026287772514,0.1471219607792129,0.45740082327400994,0.45020369612299493,0.6010608754751274,0.26868699641266863,0.43777460129538076,0.3970247452147131,0.17999346500704583,0.6526450857051118,0.536691302561903,0.42477874781277325,0.412762188750262,1.0
0.9288483516221424,0.6313072817485903,0.8903739812298754,0.9891604336948561,0.8044377116543657,0.9967363399321467,0.18333629611835825,0.8033703300479411,0.6779286363807326,0.8628128330766855,0.5323304061485199,0.41239181182247314,0.41247250406111413,0.0
0.9287814166061028,0.614362817594376,0.8920157719205826,0.9557423837533032,0.871057979588457,0.995187667860054,0.1627865892249202,0.8190701823593276,0.6434762549386637,0.8666424334065181,0.4705820682518186,0.5160647838746364,0.3375189613255384,0.0
0.9285504509668816,0.6541950708767583,0.8805394104252426,0.998225469109832,0.7687631780984834,0.9942419537756455,0.1821304710286417,0.8082284942591365,0.7102813695058465,0.8717307528848226,0.46302320789841994,0.5713857386504089,0.169015158038876,0.0
0.9475208663599788,0.6811821842883816,0.891742689328975,0.9836219785516467,0.8870523206318488,1.0,0.14321596576685205,0.7939448140462764,0.7398861205204419,0.8635642474108829,0.512155639677112,0.6823183485862979,0.4380454350008443,0.0
1.0,0.7533940740418821,1.0,0.918780038327311,0.699371700795167,0.8863705124065118,0.18333629611835825,0.8033703300479411,0.6779286363807326,0.8628128330766855,0.5323304061485199,0.41239181182247314,0.41247250406111413,0.0
0.5453300300288371,0.7431551298796801,0.34758471946030484,0.21763828001242658,0.7904324283421467,0.1121158769226101,0.7663729205551935,0.35836999175979223,0.8607907876672911,0.3148396476173412,0.5364592647582499,0.41857164910758987,0.4177505578601247,1.0
0.5787459700668416,0.6783213204469263,0.35060788407397964,0.20267915413828907,0.8594813664656318,0.10714071044672469,0.7516789368950266,0.4102989945509963,0.9085787202385855,0.32077222556118823,0.43496990682349906,0.410364668731903,0.2903823327361116,1.0
0.5540774900636696,0.6414944356985828,0.3644624173958248,0.1816995998315485,0.9219063654171151,0.11391125373124827,0.8577473925300034,0.3257369506651928,0.8819018344435055,0.3067408305856414,0.3218780058046239,0.3859429992246433,0.0451329204145442,1.0
0.5216811743884979,0.7214562993510807,0.3431957661429998,0.21462416289851616,0.8193531479601113,0.10016677033532939,0.7081972275292082,0.34215218440719664,0.8004504903056837,0.30803875474537756,0.577590283900077,0.3091052942024043,0.5311304515541799,1.0
0.22002323647284605,0.7371199231460306,0.12130936127131614,0.5394188890101534,0.7956262341937386,0.3399182493461979,0.7663729205551935,0.35836999175979223,0.8607907876672911,0.3148396476173412,0.5364592647582499,0.41857164910758987,0.4177505578601247,1.0
0.4331233546295108,0.6211231326387487,0.28256877378974327,0.6517071523287061,0.3046296271872819,0.459962467625149,0.5379314291106236,0.4291418445674564,0.3419566352798107,0.685344504993211,0.5366248837546056,0.4240110933413109,0.4115126657650277,1.0
0.4230204260806447,0.6309048949012332,0.28200497209219705,0.615632894183233,0.23654204018156477,0.47405677803258256,0.5659177410366635,0.4437523494834119,0.4126081989144179,0.7094585405173681,1.0,0.2735158558785431,0.6626419596277915,1.0
0.43578217133087405,0.5888423809872787,0.2669647210342812,0.6793162340808152,0.2773925658137717,0.48516807841318627,0.6238248395404521,0.46075392114975955,0.12840544014030542,0.6773321495685214,0.4424052062083892,0.5191290470072152,0.2942952502734485,1.0
0.4499916906470762,0.4688447049968687,0.2937282208387512,0.6637411958971215,0.2502748534413932,0.45481915904012976,0.5021990814500568,0.48647308115590526,0.47422202548937165,0.6810596563962694,0.5809642125681599,0.5057489338708472,0.27087214694436684,1.0
0.6588487874452826,0.17261666281405574,0.46682425239667996,0.4284284853086979,0.6906073791116558,0.27446354500872067,0.5379314291106236,0.4291418445674564,0.3419566352798107,0.685344504993211,0.5366248837546056,0.4240110933413109,0.4115126657650277,1.0
0.5322834102559919,0.7457377867654582,0.30018251171275384,0.7399191923694795,0.8036388240485,0.5303720823057347,0.5150340103388037,0.7079528719205541,0.8408711850437705,0.6864597771701375,0.5357055991062585,0.424384371414115,0.4107787312110836,1.0
0.5334479873564724,0.7445326162840846,0.2871013600522519,0.7436246052603463,0.8240180005003133,0.5237597480646305,0.5598690015303789,0.7021355339123092,0.7683160770386745,0.7226234793515285,0.45155536953858266,0.5497581713029005,0.23351708316665873,1.0
0.5428329753736523,0.7130639712787943,0.311064644678876,0.7239045599560581,0.8242486735022823,0.538154309671133,0.6132937506799154,0.7629350696044535,0.839902166860643,0.7055443552637926,0.692161050878813,0.5846461669224817,0.8706446672524337,1.0
0.53000747310629,0.7132844755554171,0.2895879618108584,0.7044401387665205,0.6276334318373813,0.5188443430891263,0.515994673542728,0.6503910683015874,0.8312888631649127,0.6581077641713506,0.4021083358937831,0.38232314441440823,0.6193812084870426,1.0
0.7480274859009728,0.7524657659772132,0.5367618944514936,0.5265136889373943,0.7978488288848578,0.2921961488513268,0.5150340103388037,0.7079528719205541,0.8408711850437705,0.6864597771701375,0.5357055991062585,0.424384371414115,0.4107787312110836,1.0
0.14123674106672013,0.7527588319507554,0.06559635302337075,0.37328609785655065,0.44937531949190834,0.16923222149794664,0.5618225399693905,0.5733520899942137,0.6143114741160094,0.7868699938438635,0.538778900634627,0.4267396081392479,0.4112784414240762,0.0
0.1420970253926943,0.7242373972119385,0.07206475870914969,0.32387975182509354,0.36819750825037545,0.1608301348230609,0.5772577645923512,0.6198737113183626,0.6249943471845576,0.7770404948315452,0.4428938624805732,0.6023527011700169,0.08749596223818795,0.0
0.16298897068689389,0.7837732795561507,0.0680103566127831,0.3733964119327493,0.4369514212223393,0.17491221818419295,0.6537361783070882,0.595850729088121,0.6219854775422835,0.7853094974398636,0.3503566012015275,0.6071484932706597,0.44960237398909647,0.0
0.12797959593943542,0.8165176365542237,0.07445624426666775,0.3777695187403891,0.3779928084829862,0.16033321080595647,0.5095206870924357,0.6361925617901338,0.5394665983424005,0.7982619745060604,0.16791962644828679,0.2594983346660019,0.5873848500527934,0.0
0.37737669759211645,0.340811278058613,0.17804284121593394,0.13970579604720523,0.8038910321062289,0.056026890674550855,0.5618225399693905,0.5733520899942137,0.6143114741160094,0.7868699938438635,0.538778900634627,0.4267396081392479,0.4112784414240762,0.0
0.505415659308448,0.7514218901743384,0.26302598782878,0.2427282879905457,0.8044968522252436,0.09180906161824004,0.6166209390997179,0.33057401498108163,0.8512704773525908,0.42148982360297693,0.5363922443087293,0.4200567596481538,0.4170369144319011,1.0
0.4950162393205302,0.857797597441035,0.2580303057446364,0.22818724699361415,0.7317914837983839,0.10259070840760481,0.6740605607979707,0.3113252069643755,0.7907156853629793,0.41262498017168325,0.43625701179782284,0.2745336548744259,0.43917000775171666,1.0
0.49578309287902433,0.7417393742951326,0.2781962195153535,0.25473878936700256,0.8136775669799174,0.10026402592765088,0.5946151138369804,0.287974418469072,0.8934679588095538,0.4364610559454216,0.7561482005898015,0.4829001540124062,0.4626243994518728,1.0
0.478717427721997,0.7036296080877005,0.2708315410802416,0.25553689079341346,0.7006307977496515,0.1112248047239881,0.5975831858452495,0.3508565888979449,0.8733559641992503,0.41951774674678655,0.6179784230335934,0.19456322201939946,0.37700330880626215,1.0
0.24538818954158037,0.7534627954345918,0.1011386674467149,0.4999371727577162,0.8027404806291951,0.25478887499027564,0.6166209390997179,0.33057401498108163,0.8512704773525908,0.42148982360297693,0.5363922443087293,0.4200567596481538,0.4170369144319011,1.0
0.958994130824308,0.7508853207333601,0.8265397701600505,0.8188482881854329,0.8029665941058255,0.6081833287383125,0.32102551186385614,0.9713789090225466,0.6754501869627081,0.9928875808492788,0.5290444131534048,0.4099330762018649,0.41015116525393597,0.0
0.9387657877052988,0.8252305425770654,0.8179708255666354,0.8061119278944568,0.9278228906749018,0.6131514749970988,0.3232187466501997,0.964594207996619,0.7017528494715108,0.9979184007539328,0.7287380343179062,0.523272871797935,0.2635225958035434,0.0
0.9417770014395912,0.828630575683464,0.8272670498862806,0.8195957798490991,0.8091840736411662,0.6170700445895327,0.35552153700869576,0.9382038491571052,0.6402442585160397,0.9866626693297651,0.4836477495514777,0.4292626307547682,0.47067307606907155,0.0
0.9448343129359338,0.7007871734623468,0.8210487189344784,0.8258469044872099,0.7615757277179878,0.6073942549515976,0.3269794445076798,0.9531793598774705,0.6313824786445217,0.9746316179049372,0.39661937861815383,0.5406768752766403,0.1324479730151955,0.0
0.8278215143793726,0.7516846342228671,0.6140515533358366,0.9485990503569939,0.8022787172422365,0.8221055175795065,0.32102551186385614,0.9713789090225466,0.6754501869627081,0.9928875808492788,0.5290444131534048,0.4099330762018649,0.41015116525393597,0.0
0.5848910749614675,0.7469283505280817,0.2571199378209272,0.36522804573208667,0.8044688942750309,0.11644304465647759,0.5148428195009336,0.46017962439754356,0.8470742754034095,0.4108735439922526,0.5356223144767721,0.419415243171574,0.4175834963204656,1.0
0.5840237784478828,0.7273245614114341,0.2619489548523712,0.35678118696398853,0.9085835788549783,0.1090390686969745,0.5396334547271484,0.5244433995489004,0.8673501599805036,0.4199732224164363,0.4753469615389212,0.5851012352404401,0.3651325899541744,1.0
0.5588753965061124,0.7661183989498195,0.26222637117467634,0.3479513378673329,0.8308893752734097,0.12232871416650953,0.48594213112452167,0.47411842881380206,0.8738219054134451,0.39897313484182195,0.34018468567464,0.5154559970828596,0.40453027108292317,1.0
0.6131308224590208,0.7462537548104429,0.25626344970999054,0.33529704319019515,0.8686204268970119,0.12428959814636109,0.4493968774845625,0.43199830324937594,0.9205376773202598,0.4232008203018083,0.3538786025063091,0.8028930450046068,0.5223910816682182,1.0
0.3692303425116119,0.7534303082731153,0.12560752295641064,0.5785511093731359,0.7988734097003807,0.24884296813497625,0.5148428195009336,0.46017962439754356,0.8470742754034095,0.4108735439922526,0.5356223144767721,0.419415243171574,0.4175834963204656,1.0
0.39792029284201824,0.4605113296942882,0.23694499453114598,0.6175902645394351,0.33334938545713655,0.45648206967423527,0.5395654796447089,0.3847502676883998,0.12245763209407201,0.6479548970067495,0.5373821835540086,0.42514850265005255,0.4132031650213508,1.0
0.41453347873396496,0.5448281212719923,0.23353761408085133,0.6223047211082382,0.3517397591918421,0.4619566013056137,0.5001478569238986,0.3551406600634328,0.10566927817544602,0.6595734083018328,0.5744674717730215,0.48343404642373633,0.29808921515224257,1.0
0.3983976097255266,0.6398164504714074,0.2636291965375243,0.6418929856863813,0.398434186412862,0.46614973036551327,0.6297421113890748,0.35463438823441695,0.13430431124671216,0.6366617055896573,0.5405034477170911,0.33097247857772377,0.36122318137906806,1.0
0.41036144550882625,0.39026348434362745,0.23236517539717244,0.6207748779098194,0.22320808000051073,0.4704662858544752,0.5529511521617397,0.3589092786271726,0.21938704776950857,0.6534745791573593,0.553718231971043,0.33429013319154266,0.27755057962199015,1.0
0.6243580348564102,0.20598904588952927,0.4633671843924941,0.39360700944359506,0.5523873381449036,0.22853187468800468,0.5395654796447089,0.3847502676883998,0.12245763209407201,0.6479548970067495,0.5373821835540086,0.42514850265005255,0.4132031650213508,1.0
0.5553123073801012,0.7532857534995063,0.419660896539687,0.7197604118576604,0.8045352306776294,0.5542707517479808,0.4154539108500236,0.7285408372950233,0.7591800574826628,0.8090066577870636,0.5353606225085662,0.42040736780607957,0.41037837327829557,0.0
0.5720520794677961,0.6955400468354949,0.4315491710215806,0.7132522186366814,0.7314481545580609,0.5460930154651473,0.4094523266224687,0.7382008779919493,0.7570970703574531,0.8268400990609535,0.6338737566844552,0.43685312603762333,0.34400990762879485,0.0
0.5364830815924959,0.6673121764263428,0.42043896016126986,0.7094968359039777,0.719682983149152,0.5555523109353453,0.4347724084375019,0.6967409327089635,0.8977273343023828,0.8013350759163782,0.6253659544707181,0.4108918357732445,0.4328248313040734,0.0
0.5647304293046784,0.8034255351005406,0.4287455255898747,0.7400116409432904,0.7828416605309432,0.5569064596864068,0.39437435281884414,0.6921811697339688,0.68534404219813,0.8092591021577358,0.4263632592343638,0.12461289924912033,0.5285841453101948,0.0
0.7276477984153757,0.7535073912282915,0.5605003653495453,0.5492929628041923,0.8043444926659102,0.41248083090752014,0.4154539108500236,0.7285408372950233,0.7591800574826628,0.8090066577870636,0.5353606225085662,0.42040736780607957,0.41037837327829557,0.0
0.39958362048245144,0.46787162084128475,0.23031767750818982,0.6140525809822188,0.354768650992618,0.4435452823484121,0.5275453307197031,0.380172789391545,0.10683003569241123,0.6488495792068301,0.5372707091381749,0.4252467526436236,0.41263720448909136,1.0
0.40713974232535266,0.5717786873617428,0.2434941055644511,0.6014289481990085,0.36073568566699166,0.4487189091976261,0.61274741937549,0.3807828358183958,0.1298143583060387,0.6625744306734163,0.554495664015741,0.21484378444032368,0.22802141433039091,1.0
0.41538346084450106,0.4027565581093473,0.2181854538059566,0.6473461195769779,0.35545157034909636,0.44322979612166596,0.558948354478605,0.3864200331635601,0.03222050023789791,0.6642524165623536,0.4470714344900332,0.5713410797587841,0.40775041091582537,1.0
0.3803458143514016,0.41962764182714096,0.23998584485439872,0.620683108930042,0.31540683012473103,0.4413239188247095,0.5604519738195693,0.34533499050289684,0.0,0.6478654212210726,0.7532621137548191,0.08455323890851935,0.5038689400449526,1.0
0.6207815841243467,0.23087825031559106,0.45051711547169165,0.3952523073337826,0.5587214912097096,0.22185983336315268,0.5275453307197031,0.380172789391545,0.10683003569241123,0.6488495792068301,0.5372707091381749,0.4252467526436236,0.41263720448909136,1.0
0.37553878327054013,0.6974632621930041,0.2029468862735665,0.5848971072898919,0.3352230922355641,0.40000697463922846,0.5150885061939529,0.3015626315142983,0.3184534302679545,0.5721427061230862,0.537401363321284,0.4259567102814332,0.4116825575455457,1.0
0.3730773299342305,0.6957601696332834,0.20392757002195444,0.5891514808360978,0.5007874668851073,0.40199088349689965,0.5242509003797386,0.3459079616334373,0.1322066664380852,0.5984975296887425,0.5556531179434767,0.4044510233183406,0.25175702987361726,1.0
0.378483483864291,0.8041201349724538,0.1992795196035071,0.5783310149524978,0.34480867445251917,0.4140458019119872,0.5687267363611619,0.3567634081850004,0.24225724306019636,0.5887013345371686,0.5493925228543113,0.1951015017897313,0.5141542840871884,1.0
0.4156287097002265,0.6075342120942295,0.1892803457914944,0.5486324504645186,0.29884258762265326,0.41393707400710794,0.47162794645774475,0.3102510756705419,0.3836500334533799,0.56613365538815,0.6560632808766332,0.36780566820643834,0.3421497374628872,1.0
0.5913066145449215,0.20816629472962234,0.40727065553790637,0.37146810572912603,0.7563045174349536,0.19430433095113014,0.5150885061939529,0.3015626315142983,0.3184534302679545,0.5721427061230862,0.537401363321284,0.4259567102814332,0.4116825575455457,1.0
0.7505648301502421,0.7484005232493551,0.4484581366306481,0.45838512186270863,0.8043648508152934,0.1520589334441827,0.6788555844552889,0.4064906548247098,0.8621649271452583,0.012987334238730108,0.5355273108428104,0.41666342160569003,0.4185596871192922,0.0
0.7646416671469387,0.7748801172877116,0.4650052590692974,0.49820666188797214,0.6824938368848947,0.15326263821227504,0.7305119938534042,0.37637072901636426,0.9530578427260465,0.01382034933550158,0.5553835085674305,0.5107703119200959,0.5650120099645505,0.0
0.7513410419458646,0.8081811343019556,0.4577617112728744,0.4166398861036966,0.839035619770554,0.15374082679796747,0.6707323156941634,0.4468249879130646,0.8690117321378477,0.004862100296685545,0.7117226325093918,0.4370447137452449,0.08163369108443774,0.0
0.7932429486656041,0.7235884973174276,0.44155925142521407,0.4541907829610152,0.9536070822050497,0.14972416540729155,0.6626201540523206,0.42823781907042235,0.8394709979843427,0.0,0.552932420522865,0.17359806868754002,0.26248261130778106,0.0
0.4634082664937189,0.7533094096860786,0.1609846698531595,0.7424290329075198,0.8001403388432831,0.44147240853434017,0.6788555844552889,0.4064906548247098,0.8621649271452583,0.012987334238730108,0.5355273108428104,0.41666342160569003,0.4185596871192922,0.0
0.5813462707433139,0.7503415753260008,0.5769850875343943,0.43343205442825994,0.2056484286509228,0.5225570051252946,0.34853515251808226,0.5862713535328776,0.6522338936976091,0.8120471576014343,0.5346397345306154,0.41622938569577433,0.4104726166902103,0.0
0.5643125493751642,0.678833279801804,0.5689753489011764,0.45815482977643507,0.195712979407892,0.5234640870880811,0.35723121855815454,0.5355369913614689,0.7886318997046828,0.8302351869052367,0.5378057943619535,0.39947861002190577,0.4775929817193801,0.0
0.555743395761191,0.690462700644968,0.5829411592142453,0.4506939837157522,0.24026885597219305,0.5120335044366731,0.3288498975781732,0.5592136110842816,0.6404758059940843,0.8023535513343785,0.565330562255417,0.3539578423419865,0.2899039858066252,0.0
0.5808495487899985,0.584569999100836,0.5755431411491165,0.45596575267218675,0.2528897157482053,0.5232216341180609,0.3496841655739819,0.6043236423082421,0.5941262033878889,0.8165410898345826,0.44138526757716634,0.23538665301990797,0.4897984051393275,0.0
0.4381817546110707,0.057600427517524366,0.5289992036179207,0.5750447292953438,0.8018107783292603,0.5708667207147646,0.34853515251808226,0.5862713535328776,0.6522338936976091,0.8120471576014343,0.5346397345306154,0.41622938569577433,0.4104726166902103,0.0
0.43020436304304566,0.6204835041428609,0.2034278171351171,0.6416444077253036,0.3744248044167673,0.44643031743202416,0.5212905630800251,0.3744416310022922,0.272463742744824,0.6126391310483661,0.5368291182448997,0.4258029616244786,0.41304481072542687,1.0
0.45911663166166816,0.5283140580299168,0.21407819142895607,0.6624122985752279,0.350231655327196,0.44311647962544193,0.5446912264772223,0.42698379239886997,0.176332431760315,0.6187090060982583,0.6459354452177819,0.5796935178540658,0.2844766340619448,1.0
0.4176390718764078,0.5464841950457071,0.20279405092799602,0.579854598557858,0.37372199696520525,0.4453185114642942,0.510525368226808,0.31145677435277364,0.2078191760048398,0.6082287968642395,0.7322268292764856,0.6808654043666065,0.48390209736365486,1.0
0.4299221665733768,0.604036170390378,0.1913059479206034,0.6574819429278027,0.36263444644143483,0.4480319510470106,0.5071248787855884,0.3623073542215005,0.24057337269735513,0.612717984982823,0.40184478797353856,0.39917182394335676,0.2897141024091032,1.0
0.6486757717638785,0.25371871699700854,0.4533828114694412,0.42554113432507856,0.6900569246912198,0.19478850736393,0.5212905630800251,0.3744416310022922,0.272463742744824,0.6126391310483661,0.5368291182448997,0.4258029616244786,0.41304481072542687,1.0
0.4487625560302635,0.615043913065227,0.23853700844793008,0.6669436891227698,0.43063038370197404,0.4530033434909769,0.5373907351197513,0.41027392902128934,0.38581960800789794,0.6283373937617809,0.5362723002043815,0.4248393618443533,0.4117167008701511,1.0
0.42257906466903794,0.5594308023577259,0.23438220004413385,0.6700526676353116,0.44493983318409924,0.43503027040489933,0.5318423142737203,0.4441504416149531,0.37921405059032054,0.6344487371251624,0.7366248207930329,0.2360308682893889,0.504797267654551,1.0
0.472908612230893,0.5235108986085688,0.23672252517084497,0.6467210311898346,0.3908112083355455,0.4759745171778486,0.5473352918601739,0.37752291711431596,0.42971387167328956,0.6237803447805383,0.6449179671697003,0.48960955272664913,0.5933233215391905,1.0
0.43935805626564717,0.7243563762520591,0.2333532950608042,0.6825284677552066,0.46985582702465756,0.4572725500361325,0.602990635022243,0.3749022740057608,0.3578351662875736,0.6359019946249735,0.43051987361367855,0.5249915160568073,0.21562594190375997,1.0
0.6742522915433486,0.31902964702853787,0.4599117769497019,0.44389816454890774,0.6853756964887499,0.23013463227538594,0.5373907351197513,0.41027392902128934,0.38581960800789794,0.6283373937617809,0.5362723002043815,0.4248393618443533,0.4117167008701511,1.0
0.3830847157607855,0.46318522891085046,0.24847206190735222,0.6033068627013747,0.31734374607055393,0.4194729075984605,0.5404731143473911,0.3262268025366666,0.27108583713332557,0.623560574799646,0.537732394423288,0.42488050049822174,0.41312220157383034,1.0
0.3541852819616125,0.4277138259076523,0.24104274262756703,0.5935045128383254,0.2951763116945294,0.4191928602534379,0.5777950267485916,0.3092063879336955,0.22954171327777217,0.6253148132316853,0.5874666287285056,0.4344926749531652,0.5255456662021973,1.0
0.36714874651372575,0.4846841549117791,0.2305436114779172,0.5705200582303047,0.22028274997432007,0.42066218483579537,0.5781956252083669,0.3501928805697174,0.33786857894551403,0.5857239631895461,0.6447978736224502,0.29511448575212085,0.3399172972041945,1.0
0.3860444738604274,0.45956580994752905,0.25378677233294183,0.6166261895699385,0.3149861563079597,0.42048147077995796,0.5899841584221474,0.3093016879539956,0.3393029705298858,0.6200777335354837,0.5595118285905938,0.6757942408332904,0.5488758995156204,1.0
0.6099181105008564,0.18739047956602306,0.4266061036544994,0.37893224358380984,0.5546884545789297,0.24013673222266002,0.5404731143473911,0.3262268025366666,0.27108583713332557,0.623560574799646,0.537732394423288,0.42488050049822174,0.41312220157383034,1.0
